2018-06-21 19:27:17.487828,1,0.0301029996658834
2018-06-21 19:27:29.085565,1,0.0301029996658834
2018-06-21 19:27:40.630498,1,1.0
2018-06-21 19:27:52.140501,1,1.0
2018-06-21 19:28:03.687605,1,1.0
2018-06-21 19:28:15.352360,1,1.0
2018-06-21 19:28:26.951351,1,1.0
2018-06-21 19:28:38.478980,1,1.0
2018-06-21 19:28:49.931552,1,0.0301029996658834
2018-06-21 19:29:01.525971,1,1.0
2018-06-21 19:29:13.025199,1,1.0
2018-06-21 19:29:24.494969,1,0.0301029996658834
2018-06-21 19:29:35.939559,1,0.0301029996658834
2018-06-21 19:29:47.457086,1,0.0301029996658834
2018-06-21 19:29:59.061755,1,0.0301029996658834
2018-06-21 19:30:10.549998,1,0.0301029996658834
2018-06-21 19:30:21.980587,1,0.0301029996658834
2018-06-21 19:30:33.452835,1,0.0301029996658834
2018-06-21 19:30:44.967918,1,0.0301029996658834
2018-06-21 19:30:56.508905,1,0.0301029996658834
2018-06-21 19:31:08.075787,1,0.0301029996658834
2018-06-21 19:31:19.536976,1,0.0301029996658834
2018-06-21 19:31:30.992672,1,0.0301029996658834
2018-06-21 19:31:42.457118,1,0.0301029996658834
2018-06-21 19:31:54.034311,1,0.0301029996658834
2018-06-21 19:32:05.534929,1,0.0301029996658834
2018-06-21 19:32:17.073671,1,0.0301029996658834
2018-06-21 19:32:28.604401,1,0.0301029996658834
2018-06-21 19:32:40.149321,1,0.0301029996658834
2018-06-21 19:32:51.695675,1,0.0301029996658834
2018-06-21 19:33:03.256856,1,0.0301029996658834
2018-06-21 19:33:14.756818,1,1.0
2018-06-21 19:33:26.276358,1,0.0301029996658834
2018-06-21 19:33:37.784036,1,0.0301029996658834
2018-06-21 19:33:49.229370,1,0.0301029996658834
2018-06-21 19:34:00.640066,1,0.0301029996658834
2018-06-21 19:34:12.162018,1,0.0301029996658834
2018-06-21 19:34:23.706879,1,0.0301029996658834
2018-06-21 19:34:35.328586,1,0.0301029996658834
2018-06-21 19:34:46.835114,1,0.0301029996658834
2018-06-21 19:34:58.414527,1,0.0301029996658834
2018-06-21 19:35:09.998462,1,0.0301029996658834
2018-06-21 19:35:21.593955,1,0.0301029996658834
2018-06-21 19:35:33.237666,1,0.0301029996658834
2018-06-21 19:35:44.771099,1,1.0
2018-06-21 19:35:56.352741,1,1.0
2018-06-21 19:36:07.868274,1,0.0301029996658834
2018-06-21 19:36:19.464389,1,0.0301029996658834
2018-06-21 19:36:30.998631,1,0.0301029996658834
2018-06-21 19:36:42.542425,1,0.0301029996658834
2018-06-21 19:36:54.100751,1,0.0301029996658834
2018-06-21 19:37:05.655188,1,0.0301029996658834
2018-06-21 19:37:17.302265,1,0.0301029996658834
2018-06-21 19:37:28.758547,1,0.0301029996658834
2018-06-21 19:37:40.288942,1,0.0301029996658834
2018-06-21 19:37:51.711233,1,0.0301029996658834
2018-06-21 19:38:03.333799,1,0.0301029996658834
2018-06-21 19:38:14.973564,1,0.0301029996658834
2018-06-21 19:38:26.574562,1,0.0301029996658834
2018-06-21 19:38:38.168136,1,0.0301029996658834
2018-06-21 19:38:49.763452,1,0.0301029996658834
2018-06-21 19:39:01.217556,1,0.0301029996658834
2018-06-21 19:39:12.804262,1,0.0301029996658834
2018-06-21 19:39:24.338871,1,0.0301029996658834
2018-06-21 19:39:35.909767,1,0.0301029996658834
2018-06-21 19:39:47.387303,1,0.0301029996658834
2018-06-21 19:39:58.995673,1,0.0301029996658834
2018-06-21 19:40:10.390266,1,0.0301029996658834
2018-06-21 19:40:21.895223,1,0.0301029996658834
2018-06-21 19:40:33.356613,1,0.0301029996658834
2018-06-21 19:40:44.815233,1,0.0301029996658834
2018-06-21 19:40:56.407810,1,0.0301029996658834
2018-06-21 19:41:07.889573,1,0.0301029996658834
2018-06-21 19:41:19.386526,1,0.0301029996658834
2018-06-21 19:41:30.976689,1,0.0301029996658834
2018-06-21 19:41:42.403274,1,0.0301029996658834
2018-06-21 19:41:54.000755,1,0.0301029996658834
2018-06-21 19:42:05.516435,1,1.0
2018-06-21 19:42:17.023360,1,0.0301029996658834
2018-06-21 19:42:28.456675,1,0.0301029996658834
2018-06-21 19:42:40.041965,1,0.0301029996658834
2018-06-21 19:42:51.882154,1,0.0301029996658834
2018-06-21 19:43:03.329051,1,1.0
2018-06-21 19:43:14.874906,1,0.0301029996658834
2018-06-21 19:43:26.411911,1,0.0301029996658834
2018-06-21 19:43:37.952562,1,0.0301029996658834
2018-06-21 19:43:49.531749,1,0.0301029996658834
2018-06-21 19:44:01.016560,1,0.0301029996658834
2018-06-21 19:44:12.471649,1,0.0301029996658834
2018-06-21 19:44:23.971800,1,0.0301029996658834
2018-06-21 19:44:35.400182,1,0.0301029996658834
2018-06-21 19:44:46.855029,1,0.0301029996658834
2018-06-21 19:44:58.374110,1,0.0301029996658834
2018-06-21 19:45:09.927703,1,0.0301029996658834
2018-06-21 19:45:21.517210,1,0.0301029996658834
2018-06-21 19:45:33.040973,1,1.0
2018-06-21 19:45:44.596355,1,0.0301029996658834
2018-06-21 19:45:56.081832,1,0.0301029996658834
2018-06-21 19:46:07.687970,1,0.0301029996658834
2018-06-21 19:46:19.326064,1,0.0301029996658834
2018-06-21 19:46:30.896787,1,0.0301029996658834
2018-06-21 19:46:42.370099,1,0.0301029996658834
2018-06-21 19:46:53.891319,1,0.0301029996658834
2018-06-21 19:47:05.378696,1,0.0301029996658834
2018-06-21 19:47:16.793314,1,0.0301029996658834
2018-06-21 19:47:28.308429,1,0.0301029996658834
2018-06-21 19:47:39.843120,1,0.0301029996658834
2018-06-21 19:47:51.262604,1,0.0301029996658834
2018-06-21 19:48:02.721157,1,1.0
2018-06-21 19:48:14.200290,1,0.13805854586409688
2018-06-21 19:48:25.792138,1,0.13805854586409688
2018-06-21 19:48:37.221303,1,0.13805854586409688
2018-06-21 19:48:48.718629,1,0.13805854586409688
2018-06-21 19:49:00.307373,1,0.13805854586409688
2018-06-21 19:49:11.795670,1,0.13805854586409688
2018-06-21 19:49:23.283879,1,0.13805854586409688
2018-06-21 19:49:34.774819,1,0.13805854586409688
2018-06-21 19:49:46.254058,1,0.13805854586409688
2018-06-21 19:49:57.688577,1,0.13805854586409688
2018-06-21 19:50:09.131930,1,0.13805854586409688
2018-06-21 19:50:20.686372,1,0.13805854586409688
2018-06-21 19:50:32.306300,1,0.13805854586409688
2018-06-21 19:50:43.850786,1,0.13805854586409688
2018-06-21 19:50:55.392564,1,0.13805854586409688
2018-06-21 19:51:06.957506,1,0.13805854586409688
2018-06-21 19:51:18.460853,1,0.13805854586409688
2018-06-21 19:51:29.963745,1,0.13805854586409688
2018-06-21 19:51:41.471331,1,0.13805854586409688
2018-06-21 19:51:52.917113,1,0.13805854586409688
2018-06-21 19:52:04.441237,1,0.13805854586409688
2018-06-21 19:52:16.013522,1,0.13805854586409688
2018-06-21 19:52:27.597013,1,0.13805854586409688
2018-06-21 19:52:39.204953,1,0.13805854586409688
2018-06-21 19:52:50.764805,1,0.13805854586409688
2018-06-21 19:53:02.325314,1,0.13805854586409688
2018-06-21 19:53:13.848373,1,0.13805854586409688
2018-06-21 19:53:25.375074,1,0.13805854586409688
2018-06-21 19:53:36.891280,1,0.13805854586409688
2018-06-21 19:53:48.502906,1,0.13805854586409688
2018-06-21 19:54:00.031204,1,0.13805854586409688
2018-06-21 19:54:11.534235,1,0.13805854586409688
2018-06-21 19:54:23.014899,1,0.13805854586409688
2018-06-21 19:54:34.544273,1,0.13805854586409688
2018-06-21 19:54:46.116744,1,0.13805854586409688
2018-06-21 19:54:57.648802,1,0.13805854586409688
2018-06-21 19:55:09.182300,1,0.13805854586409688
2018-06-21 19:55:20.794528,1,0.13805854586409688
2018-06-21 19:55:32.492216,1,0.13805854586409688
2018-06-21 19:55:43.938059,1,0.13805854586409688
2018-06-21 19:55:55.552475,1,0.13805854586409688
2018-06-21 19:56:06.993008,1,0.13805854586409688
2018-06-21 19:56:18.453943,1,0.13805854586409688
2018-06-21 19:56:29.990170,1,0.13805854586409688
2018-06-21 19:56:41.436950,1,0.13805854586409688
2018-06-21 19:56:52.879452,1,0.13805854586409688
2018-06-21 19:57:04.342159,1,0.13805854586409688
2018-06-21 19:57:16.060286,1,0.13805854586409688
2018-06-21 19:57:27.441611,1,0.13805854586409688
2018-06-21 19:57:38.925439,1,0.13805854586409688
2018-06-21 19:57:50.347911,1,0.13805854586409688
2018-06-21 19:58:01.964946,1,0.13805854586409688
2018-06-21 19:58:13.507920,1,0.13805854586409688
2018-06-21 19:58:25.018524,1,0.13805854586409688
2018-06-21 19:58:36.497050,1,0.13805854586409688
2018-06-21 19:58:48.057704,1,0.13805854586409688
2018-06-21 19:58:59.539561,1,0.13805854586409688
2018-06-21 19:59:10.972935,1,0.13805854586409688
2018-06-21 19:59:22.514719,1,0.13805854586409688
2018-06-21 19:59:34.045525,1,0.13805854586409688
2018-06-21 19:59:45.510916,1,0.13805854586409688
2018-06-21 19:59:57.001017,1,0.13805854586409688
2018-06-21 20:00:08.551042,1,0.13805854586409688
2018-06-21 20:00:20.039562,1,0.13805854586409688
2018-06-21 20:00:31.495791,1,0.13805854586409688
2018-06-21 20:00:42.914153,1,0.13805854586409688
2018-06-21 20:00:54.384045,1,0.13805854586409688
2018-06-21 20:01:05.849661,1,0.13805854586409688
2018-06-21 20:01:17.461287,1,0.13805854586409688
2018-06-21 20:01:28.959934,1,0.13805854586409688
2018-06-21 20:01:40.495626,1,0.13805854586409688
2018-06-21 20:01:52.000487,1,0.13805854586409688
2018-06-21 20:02:03.562906,1,0.13805854586409688
2018-06-21 20:02:15.066051,1,0.13805854586409688
2018-06-21 20:02:26.466925,1,0.13805854586409688
2018-06-21 20:02:38.001143,1,0.13805854586409688
2018-06-21 20:02:49.580466,1,0.13805854586409688
2018-06-21 20:03:00.991657,1,0.13805854586409688
2018-06-21 20:03:12.404616,1,0.13805854586409688
2018-06-21 20:03:24.062525,1,1.0
2018-06-21 20:03:35.554894,1,0.13805854586409688
2018-06-21 20:03:47.050617,1,0.13805854586409688
2018-06-21 20:03:58.458181,1,0.13805854586409688
2018-06-21 20:04:09.956000,1,0.13805854586409688
2018-06-21 20:04:21.464857,1,0.13805854586409688
2018-06-21 20:04:33.036766,1,0.13805854586409688
2018-06-21 20:04:44.571806,1,0.13805854586409688
2018-06-21 20:04:56.056487,1,0.13805854586409688
2018-06-21 20:05:07.558095,1,0.13805854586409688
2018-06-21 20:05:19.088167,1,0.13805854586409688
2018-06-21 20:05:30.520101,1,0.13805854586409688
2018-06-21 20:05:42.055959,1,0.13805854586409688
2018-06-21 20:05:53.672765,1,0.13805854586409688
2018-06-21 20:06:05.225451,1,0.13805854586409688
2018-06-21 20:06:16.779594,1,0.13805854586409688
2018-06-21 20:06:28.265697,1,0.13805854586409688
2018-06-21 20:06:39.821174,1,0.13805854586409688
2018-06-21 20:06:51.471394,1,0.13805854586409688
2018-06-21 20:07:02.926144,1,0.13805854586409688
2018-06-21 20:07:14.536112,1,0.13805854586409688
2018-06-21 20:07:25.991596,1,0.13805854586409688
2018-06-21 20:07:37.440657,1,0.13805854586409688
2018-06-21 20:07:49.038187,1,0.13805854586409688
2018-06-21 20:08:00.503761,1,0.13805854586409688
2018-06-21 20:08:11.974737,1,0.13805854586409688
2018-06-21 20:08:23.575946,1,0.13805854586409688
2018-06-21 20:08:35.107614,1,0.13805854586409688
2018-06-21 20:08:46.676604,1,0.13805854586409688
2018-06-21 20:08:58.168301,1,0.13805854586409688
2018-06-21 20:09:09.700308,1,0.13805854586409688
2018-06-21 20:09:21.161067,1,0.13805854586409688
2018-06-21 20:09:32.728598,1,0.13805854586409688
2018-06-21 20:09:44.225774,1,0.13805854586409688
2018-06-21 20:09:55.719092,1,0.13805854586409688
2018-06-21 20:10:07.248574,1,0.13805854586409688
2018-06-21 20:10:18.696599,1,0.13805854586409688
2018-06-21 20:10:30.172619,1,0.13805854586409688
2018-06-21 20:10:41.680585,1,0.13805854586409688
2018-06-21 20:10:53.206904,1,0.13805854586409688
2018-06-21 20:11:04.715277,1,0.13805854586409688
2018-06-21 20:11:16.220340,1,0.13805854586409688
2018-06-21 20:11:27.698834,1,0.13805854586409688
2018-06-21 20:11:39.239166,1,0.13805854586409688
2018-06-21 20:11:50.788955,1,0.13805854586409688
2018-06-21 20:12:02.335413,1,0.13805854586409688
2018-06-21 20:12:13.945300,1,0.13805854586409688
2018-06-21 20:12:25.469841,1,0.13805854586409688
2018-06-21 20:12:37.057810,1,0.13805854586409688
2018-06-21 20:12:48.557784,1,0.13805854586409688
2018-06-21 20:13:00.057077,1,0.13805854586409688
2018-06-21 20:13:11.571093,1,0.13805854586409688
2018-06-21 20:13:23.069833,1,0.13805854586409688
2018-06-21 20:13:34.717356,1,0.13805854586409688
2018-06-21 20:13:46.260037,1,0.13805854586409688
2018-06-21 20:13:57.828068,1,0.13805854586409688
2018-06-21 20:14:09.392248,1,0.13805854586409688
2018-06-21 20:14:21.058274,1,0.13805854586409688
2018-06-21 20:14:32.561568,1,0.13805854586409688
2018-06-21 20:14:44.130582,1,0.13805854586409688
2018-06-21 20:14:55.577679,1,0.13805854586409688
2018-06-21 20:15:07.049342,1,0.13805854586409688
2018-06-21 20:15:18.451479,1,0.13805854586409688
2018-06-21 20:15:29.949876,1,0.13805854586409688
2018-06-21 20:15:41.444793,1,0.13805854586409688
2018-06-21 20:15:52.970190,1,0.13805854586409688
2018-06-21 20:16:04.492545,1,0.13805854586409688
2018-06-21 20:16:15.886378,1,0.13805854586409688
2018-06-21 20:16:27.676949,1,0.13805854586409688
2018-06-21 20:16:39.241841,1,0.13805854586409688
2018-06-21 20:16:50.877334,1,0.13805854586409688
2018-06-21 20:17:02.334341,1,0.13805854586409688
2018-06-21 20:17:13.896207,1,0.13805854586409688
2018-06-21 20:17:25.399207,1,0.13805854586409688
2018-06-21 20:17:36.858517,1,0.13805854586409688
2018-06-21 20:17:48.364144,1,0.13805854586409688
2018-06-21 20:17:59.827822,1,0.13805854586409688
2018-06-21 20:18:11.277048,1,0.13805854586409688
2018-06-21 20:18:22.722103,1,0.13805854586409688
2018-06-21 20:18:34.196031,1,0.13805854586409688
2018-06-21 20:18:45.645270,1,0.13805854586409688
2018-06-21 20:18:57.126164,1,0.13805854586409688
2018-06-21 20:19:08.639764,1,0.13805854586409688
2018-06-21 20:19:20.116746,1,0.13805854586409688
2018-06-21 20:19:31.566938,1,0.13805854586409688
2018-06-21 20:19:43.024983,1,0.13805854586409688
2018-06-21 20:19:54.581482,1,0.13805854586409688
2018-06-21 20:20:06.022682,1,0.13805854586409688
2018-06-21 20:20:17.484328,1,0.13805854586409688
2018-06-21 20:20:28.928389,1,0.13805854586409688
2018-06-21 20:20:40.508691,1,0.13805854586409688
2018-06-21 20:20:51.987763,1,0.13805854586409688
2018-06-21 20:21:03.531545,1,0.13805854586409688
2018-06-21 20:21:15.025020,1,0.13805854586409688
2018-06-21 20:21:26.575204,1,0.13805854586409688
2018-06-21 20:21:38.162882,1,0.13805854586409688
2018-06-21 20:21:49.629123,1,0.13805854586409688
2018-06-21 20:22:01.161514,1,0.13805854586409688
2018-06-21 20:22:12.648190,1,0.13805854586409688
2018-06-21 20:22:24.174246,1,0.13805854586409688
2018-06-21 20:22:35.656157,1,0.13805854586409688
2018-06-21 20:22:47.176962,1,0.13805854586409688
2018-06-21 20:22:58.701467,1,0.13805854586409688
2018-06-21 20:23:10.186924,1,0.13805854586409688
2018-06-21 20:23:21.764005,1,0.13805854586409688
2018-06-21 20:23:33.260991,1,0.13805854586409688
2018-06-21 20:23:44.723411,1,0.13805854586409688
2018-06-21 20:23:56.161748,1,0.13805854586409688
2018-06-21 20:24:07.709751,1,0.13805854586409688
2018-06-21 20:24:19.219338,1,0.13805854586409688
2018-06-21 20:24:30.726629,1,0.13805854586409688
2018-06-21 20:24:42.178751,1,0.13805854586409688
2018-06-21 20:24:53.771082,1,0.13805854586409688
2018-06-21 20:25:05.299125,1,0.13805854586409688
2018-06-21 20:25:16.934348,1,0.13805854586409688
2018-06-21 20:25:28.387675,1,0.13805854586409688
2018-06-21 20:25:39.923580,1,0.13805854586409688
2018-06-21 20:25:51.419614,1,0.13805854586409688
2018-06-21 20:26:02.867075,1,0.13805854586409688
2018-06-21 20:26:14.478378,1,0.13805854586409688
2018-06-21 20:26:26.025833,1,0.13805854586409688
2018-06-21 20:26:37.552760,1,0.13805854586409688
2018-06-21 20:26:49.077305,1,0.13805854586409688
2018-06-21 20:27:00.563865,1,0.13805854586409688
2018-06-21 20:27:12.068634,1,0.13805854586409688
2018-06-21 20:27:23.720026,1,0.13805854586409688
2018-06-21 20:27:35.326972,1,0.13805854586409688
2018-06-21 20:27:46.761436,1,0.13805854586409688
2018-06-21 20:27:58.235963,1,0.13805854586409688
2018-06-21 20:28:09.704983,1,0.13805854586409688
2018-06-21 20:28:21.150112,1,0.13805854586409688
2018-06-21 20:28:32.687406,1,0.13805854586409688
2018-06-21 20:28:44.191591,1,0.13805854586409688
2018-06-21 20:28:55.735463,1,0.13805854586409688
2018-06-21 20:29:07.189837,1,0.13805854586409688
2018-06-21 20:29:18.710631,1,0.13805854586409688
2018-06-21 20:29:30.273889,1,0.13805854586409688
2018-06-21 20:29:41.747805,1,0.13805854586409688
2018-06-21 20:29:53.159724,1,0.13805854586409688
2018-06-21 20:30:04.688905,1,0.13805854586409688
2018-06-21 20:30:16.173952,1,0.13805854586409688
2018-06-21 20:30:27.636214,1,0.13805854586409688
2018-06-21 20:30:39.063625,1,0.13805854586409688
2018-06-21 20:30:50.512288,1,0.13805854586409688
2018-06-21 20:31:01.930082,1,0.13805854586409688
2018-06-21 20:31:13.325523,1,0.13805854586409688
2018-06-21 20:31:24.788551,1,0.13805854586409688
2018-06-21 20:31:36.301473,1,0.13805854586409688
2018-06-21 20:31:47.768248,1,0.13805854586409688
2018-06-21 20:31:59.272742,1,0.13805854586409688
2018-06-21 20:32:10.795332,1,0.13805854586409688
2018-06-21 20:32:22.261149,1,0.13805854586409688
2018-06-21 20:32:33.826472,1,0.13805854586409688
2018-06-21 20:32:45.316552,1,0.13805854586409688
2018-06-21 20:32:56.794893,1,0.13805854586409688
2018-06-21 20:33:08.392125,1,0.13805854586409688
2018-06-21 20:33:19.890843,1,0.13805854586409688
2018-06-21 20:33:31.444129,1,0.13805854586409688
2018-06-21 20:33:43.022109,1,0.13805854586409688
2018-06-21 20:33:54.489609,1,0.13805854586409688
2018-06-21 20:34:05.975166,1,0.13805854586409688
2018-06-21 20:34:17.456089,1,0.13805854586409688
2018-06-21 20:34:28.901673,1,0.13805854586409688
2018-06-21 20:34:40.392677,1,0.13805854586409688
2018-06-21 20:34:51.917650,1,0.13805854586409688
2018-06-21 20:35:03.453142,1,0.13805854586409688
2018-06-21 20:35:14.938806,1,0.13805854586409688
2018-06-21 20:35:26.381569,1,0.13805854586409688
2018-06-21 20:35:37.912767,1,0.13805854586409688
2018-06-21 20:35:49.376502,1,0.13805854586409688
2018-06-21 20:36:00.826611,1,0.13805854586409688
2018-06-21 20:36:12.244680,1,0.13805854586409688
2018-06-21 20:36:23.952772,1,0.13805854586409688
2018-06-21 20:36:35.462519,1,0.13805854586409688
2018-06-21 20:36:46.950515,1,0.13805854586409688
2018-06-21 20:36:58.549953,1,0.13805854586409688
2018-06-21 20:37:10.080987,1,0.13805854586409688
2018-06-21 20:37:21.596731,1,0.13805854586409688
2018-06-21 20:37:33.055677,1,0.13805854586409688
2018-06-21 20:37:44.638212,1,0.13805854586409688
2018-06-21 20:37:56.339389,1,0.13805854586409688
2018-06-21 20:38:07.858410,1,0.13805854586409688
2018-06-21 20:38:19.292363,1,0.13805854586409688
2018-06-21 20:38:30.759091,1,0.13805854586409688
2018-06-21 20:38:42.201054,1,0.13805854586409688
2018-06-21 20:38:53.731176,1,0.13805854586409688
2018-06-21 20:39:05.227206,1,0.13805854586409688
2018-06-21 20:39:16.655244,1,0.13805854586409688
2018-06-21 20:39:28.170620,1,0.13805854586409688
2018-06-21 20:39:39.675281,1,0.13805854586409688
2018-06-21 20:39:51.203207,1,0.13805854586409688
2018-06-21 20:40:02.652033,1,0.13805854586409688
2018-06-21 20:40:14.169318,1,0.13805854586409688
2018-06-21 20:40:25.739842,1,0.13805854586409688
2018-06-21 20:40:37.168252,1,0.13805854586409688
2018-06-21 20:40:48.710517,1,0.13805854586409688
2018-06-21 20:41:00.284333,1,0.13805854586409688
2018-06-21 20:41:11.840032,1,0.13805854586409688
2018-06-21 20:41:23.390349,1,0.13805854586409688
2018-06-21 20:41:34.821420,1,0.13805854586409688
2018-06-21 20:41:46.304237,1,0.13805854586409688
2018-06-21 20:41:57.784689,1,0.13805854586409688
2018-06-21 20:42:09.324565,1,0.13805854586409688
2018-06-21 20:42:20.824788,1,0.13805854586409688
2018-06-21 20:42:32.300476,1,0.13805854586409688
2018-06-21 20:42:43.825843,1,0.13805854586409688
2018-06-21 20:42:55.295177,1,0.13805854586409688
2018-06-21 20:43:06.851690,1,0.13805854586409688
2018-06-21 20:43:18.307980,1,0.13805854586409688
2018-06-21 20:43:29.775224,1,0.13805854586409688
2018-06-21 20:43:41.286786,1,0.13805854586409688
2018-06-21 20:43:52.798228,1,0.13805854586409688
2018-06-21 20:44:04.360074,1,0.13805854586409688
2018-06-21 20:44:15.848779,1,0.13805854586409688
2018-06-21 20:44:27.442605,1,0.13805854586409688
2018-06-21 20:44:38.973774,1,0.13805854586409688
2018-06-21 20:44:50.557479,1,0.13805854586409688
2018-06-21 20:45:02.063331,1,0.13805854586409688
2018-06-21 20:45:13.600674,1,0.13805854586409688
2018-06-21 20:45:25.209858,1,0.13805854586409688
2018-06-21 20:45:36.681930,1,0.13805854586409688
2018-06-21 20:45:48.140306,1,0.13805854586409688
2018-06-21 20:45:59.640766,1,0.13805854586409688
2018-06-21 20:46:11.135029,1,0.13805854586409688
2018-06-21 20:46:22.783052,1,0.13805854586409688
2018-06-21 20:46:34.354872,1,0.13805854586409688
2018-06-21 20:46:45.843476,1,0.13805854586409688
2018-06-21 20:46:57.335708,1,0.13805854586409688
2018-06-21 20:47:08.914992,1,0.13805854586409688
2018-06-21 20:47:20.389240,1,0.13805854586409688
2018-06-21 20:47:31.875223,1,0.13805854586409688
2018-06-21 20:47:43.392504,1,0.13805854586409688
2018-06-21 20:47:54.930235,1,0.13805854586409688
2018-06-21 20:48:06.485526,1,0.13805854586409688
2018-06-21 20:48:18.235012,1,0.13805854586409688
2018-06-21 20:48:29.766859,1,0.13805854586409688
2018-06-21 20:48:41.262075,1,0.13805854586409688
2018-06-21 20:48:52.675119,1,0.13805854586409688
2018-06-21 20:49:04.264330,1,0.13805854586409688
2018-06-21 20:49:15.738672,1,0.13805854586409688
2018-06-21 20:49:27.149948,1,0.13805854586409688
2018-06-21 20:49:38.694870,1,0.13805854586409688
2018-06-21 20:49:50.192637,1,0.13805854586409688
2018-06-21 20:50:01.641605,1,0.13805854586409688
2018-06-21 20:50:13.182613,1,0.13805854586409688
2018-06-21 20:50:24.702277,1,0.13805854586409688
2018-06-21 20:50:36.193438,1,0.13805854586409688
2018-06-21 20:50:47.679973,1,0.13805854586409688
2018-06-21 20:50:59.199004,1,0.13805854586409688
2018-06-21 20:51:10.639837,1,0.13805854586409688
2018-06-21 20:51:22.162781,1,0.13805854586409688
2018-06-21 20:51:33.667025,1,0.13805854586409688
2018-06-21 20:51:45.111454,1,0.13805854586409688
2018-06-21 20:51:56.638240,1,0.13805854586409688
2018-06-21 20:52:08.180441,1,0.13805854586409688
2018-06-21 20:52:19.662566,1,0.13805854586409688
2018-06-21 20:52:31.203840,1,0.13805854586409688
2018-06-21 20:52:42.710961,1,0.13805854586409688
2018-06-21 20:52:54.233842,1,0.13805854586409688
2018-06-21 20:53:05.740520,1,0.13805854586409688
2018-06-21 20:53:17.249710,1,0.13805854586409688
2018-06-21 20:53:28.845766,1,0.13805854586409688
2018-06-21 20:53:40.354250,1,0.13805854586409688
2018-06-21 20:53:51.905409,1,0.13805854586409688
2018-06-21 20:54:03.411564,1,0.13805854586409688
2018-06-21 20:54:14.986862,1,0.13805854586409688
2018-06-21 20:54:26.515859,1,0.13805854586409688
2018-06-21 20:54:37.999473,1,0.13805854586409688
2018-06-21 20:54:49.618195,1,0.13805854586409688
2018-06-21 20:55:01.104196,1,0.13805854586409688
2018-06-21 20:55:12.599025,1,0.13805854586409688
2018-06-21 20:55:24.140829,1,0.13805854586409688
2018-06-21 20:55:35.646926,1,0.13805854586409688
2018-06-21 20:55:47.132569,1,0.13805854586409688
2018-06-21 20:55:58.672800,1,0.13805854586409688
2018-06-21 20:56:10.152601,1,0.13805854586409688
2018-06-21 20:56:21.646977,1,0.13805854586409688
2018-06-21 20:56:33.164838,1,0.13805854586409688
2018-06-21 20:56:44.825650,1,0.13805854586409688
2018-06-21 20:56:56.301034,1,0.13805854586409688
2018-06-21 20:57:07.817601,1,0.13805854586409688
2018-06-21 20:57:19.292269,1,0.13805854586409688
2018-06-21 20:57:30.850826,1,0.13805854586409688
2018-06-21 20:57:42.326943,1,0.13805854586409688
2018-06-21 20:57:53.828742,1,0.13805854586409688
2018-06-21 20:58:05.357960,1,0.13805854586409688
2018-06-21 20:58:16.921806,1,0.13805854586409688
2018-06-21 20:58:28.407774,1,0.13805854586409688
2018-06-21 20:58:39.963680,1,0.13805854586409688
2018-06-21 20:58:51.614455,1,0.13805854586409688
2018-06-21 20:59:03.243966,1,0.13805854586409688
2018-06-21 20:59:14.786546,1,0.13805854586409688
2018-06-21 20:59:26.193865,1,0.13805854586409688
2018-06-21 20:59:37.745075,1,0.13805854586409688
2018-06-21 20:59:49.286685,1,0.13805854586409688
2018-06-21 21:00:00.742816,1,0.13805854586409688
2018-06-21 21:00:12.225009,1,0.13805854586409688
2018-06-21 21:00:23.723327,1,0.13805854586409688
2018-06-21 21:00:35.127955,1,0.13805854586409688
2018-06-21 21:00:46.656497,1,0.13805854586409688
2018-06-21 21:00:58.120970,1,0.13805854586409688
2018-06-21 21:01:09.610378,1,0.13805854586409688
2018-06-21 21:01:21.117743,1,0.13805854586409688
2018-06-21 21:01:32.649671,1,0.13805854586409688
2018-06-21 21:01:44.219636,1,0.13805854586409688
2018-06-21 21:01:55.660040,1,0.13805854586409688
2018-06-21 21:02:07.147467,1,0.13805854586409688
2018-06-21 21:02:18.718034,1,0.13805854586409688
2018-06-21 21:02:30.190516,1,0.13805854586409688
2018-06-21 21:02:41.658945,1,0.13805854586409688
2018-06-21 21:02:53.123685,1,0.13805854586409688
2018-06-21 21:03:04.589018,1,0.13805854586409688
2018-06-21 21:03:16.285972,1,0.13805854586409688
2018-06-21 21:03:27.739654,1,0.13805854586409688
2018-06-21 21:03:39.215828,1,0.13805854586409688
2018-06-21 21:03:50.789597,1,0.13805854586409688
2018-06-21 21:04:02.311525,1,0.13805854586409688
2018-06-21 21:04:13.786003,1,0.13805854586409688
2018-06-21 21:04:25.219054,1,0.13805854586409688
2018-06-21 21:04:36.656304,1,0.13805854586409688
2018-06-21 21:04:48.245344,1,0.13805854586409688
2018-06-21 21:04:59.732980,1,0.13805854586409688
2018-06-21 21:05:11.213584,1,0.13805854586409688
2018-06-21 21:05:22.685014,1,0.13805854586409688
2018-06-21 21:05:34.205276,1,0.13805854586409688
2018-06-21 21:05:45.657538,1,0.13805854586409688
2018-06-21 21:05:57.176601,1,0.13805854586409688
2018-06-21 21:06:08.718661,1,0.13805854586409688
2018-06-21 21:06:20.264468,1,0.13805854586409688
2018-06-21 21:06:31.702423,1,0.13805854586409688
2018-06-21 21:06:43.180944,1,0.13805854586409688
2018-06-21 21:06:54.754739,1,0.13805854586409688
2018-06-21 21:07:06.221253,1,0.13805854586409688
2018-06-21 21:07:17.676754,1,0.13805854586409688
2018-06-21 21:07:29.300254,1,0.13805854586409688
2018-06-21 21:07:40.842492,1,0.13805854586409688
2018-06-21 21:07:52.436693,1,0.13805854586409688
2018-06-21 21:08:03.944080,1,0.13805854586409688
2018-06-21 21:08:15.512020,1,0.13805854586409688
2018-06-21 21:08:26.992644,1,0.13805854586409688
2018-06-21 21:08:38.427376,1,0.13805854586409688
2018-06-21 21:08:50.032261,1,0.13805854586409688
2018-06-21 21:09:01.605783,1,0.13805854586409688
2018-06-21 21:09:13.301734,1,0.13805854586409688
2018-06-21 21:09:24.909696,1,0.13805854586409688
2018-06-21 21:09:36.503214,1,0.13805854586409688
2018-06-21 21:09:47.942383,1,0.13805854586409688
2018-06-21 21:09:59.387458,1,0.13805854586409688
2018-06-21 21:10:10.954561,1,0.13805854586409688
2018-06-21 21:10:22.523702,1,0.13805854586409688
2018-06-21 21:10:33.977090,1,1.0
2018-06-21 21:10:45.477996,1,1.0
2018-06-21 21:10:56.940733,1,0.13805854586409688
2018-06-21 21:11:08.321227,1,0.13805854586409688
2018-06-21 21:11:19.855801,1,0.13805854586409688
2018-06-21 21:11:31.344448,1,0.13805854586409688
2018-06-21 21:11:42.854694,1,0.13805854586409688
2018-06-21 21:11:54.368480,1,0.13805854586409688
2018-06-21 21:12:05.834766,1,0.13805854586409688
2018-06-21 21:12:17.286732,1,0.13805854586409688
2018-06-21 21:12:28.693873,1,0.13805854586409688
2018-06-21 21:12:40.196141,1,0.13805854586409688
2018-06-21 21:12:51.611998,1,0.13805854586409688
2018-06-21 21:13:03.144830,1,0.13805854586409688
2018-06-21 21:13:14.635941,1,0.13805854586409688
2018-06-21 21:13:26.148296,1,0.13805854586409688
2018-06-21 21:13:37.685600,1,0.13805854586409688
2018-06-21 21:13:49.222492,1,0.13805854586409688
2018-06-21 21:14:00.694985,1,0.13805854586409688
2018-06-21 21:14:12.277842,1,0.13805854586409688
2018-06-21 21:14:23.911899,1,0.13805854586409688
2018-06-21 21:14:35.401012,1,0.13805854586409688
2018-06-21 21:14:46.895348,1,0.13805854586409688
2018-06-21 21:14:58.445664,1,0.13805854586409688
2018-06-21 21:15:09.956036,1,0.13805854586409688
2018-06-21 21:15:21.440665,1,0.13805854586409688
2018-06-21 21:15:33.030416,1,0.13805854586409688
2018-06-21 21:15:44.579972,1,0.13805854586409688
2018-06-21 21:15:56.110367,1,0.13805854586409688
2018-06-21 21:16:07.604536,1,0.13805854586409688
2018-06-21 21:16:19.114199,1,0.13805854586409688
2018-06-21 21:16:30.603100,1,0.13805854586409688
2018-06-21 21:16:42.073621,1,0.13805854586409688
2018-06-21 21:16:53.625077,1,0.13805854586409688
2018-06-21 21:17:05.114455,1,0.13805854586409688
2018-06-21 21:17:16.546698,1,0.13805854586409688
2018-06-21 21:17:28.058694,1,0.13805854586409688
2018-06-21 21:17:39.586956,1,0.13805854586409688
2018-06-21 21:17:51.048942,1,0.13805854586409688
2018-06-21 21:18:02.456341,1,0.13805854586409688
2018-06-21 21:18:13.997116,1,0.13805854586409688
2018-06-21 21:18:25.503884,1,0.13805854586409688
2018-06-21 21:18:37.066340,1,0.13805854586409688
2018-06-21 21:18:48.586957,1,0.13805854586409688
2018-06-21 21:19:00.043001,1,0.13805854586409688
2018-06-21 21:19:11.535383,1,0.13805854586409688
2018-06-21 21:19:23.115564,1,0.13805854586409688
2018-06-21 21:19:34.682625,1,0.13805854586409688
2018-06-21 21:19:46.202623,1,0.13805854586409688
2018-06-21 21:19:57.865891,1,0.13805854586409688
2018-06-21 21:20:09.496740,1,0.13805854586409688
2018-06-21 21:20:21.021552,1,0.13805854586409688
2018-06-21 21:20:32.586927,1,0.13805854586409688
2018-06-21 21:20:44.172254,1,0.13805854586409688
2018-06-21 21:20:55.670738,1,0.13805854586409688
2018-06-21 21:21:07.119324,1,0.13805854586409688
2018-06-21 21:21:18.544692,1,0.13805854586409688
2018-06-21 21:21:30.022425,1,0.13805854586409688
2018-06-21 21:21:41.543927,1,0.13805854586409688
2018-06-21 21:21:53.016628,1,0.13805854586409688
2018-06-21 21:22:04.556344,1,0.13805854586409688
2018-06-21 21:22:16.012878,1,0.13805854586409688
2018-06-21 21:22:27.593659,1,0.13805854586409688
2018-06-21 21:22:39.055087,1,0.13805854586409688
2018-06-21 21:22:50.547549,1,0.13805854586409688
2018-06-21 21:23:01.966584,1,0.13805854586409688
2018-06-21 21:23:13.481812,1,0.13805854586409688
2018-06-21 21:23:25.035154,1,0.13805854586409688
2018-06-21 21:23:36.531457,1,0.13805854586409688
2018-06-21 21:23:48.056344,1,0.13805854586409688
2018-06-21 21:23:59.601017,1,0.13805854586409688
2018-06-21 21:24:11.143806,1,0.13805854586409688
2018-06-21 21:24:22.706036,1,0.13805854586409688
2018-06-21 21:24:34.298011,1,0.13805854586409688
2018-06-21 21:24:45.833952,1,0.13805854586409688
2018-06-21 21:24:57.323008,1,0.13805854586409688
2018-06-21 21:25:08.875543,1,0.13805854586409688
2018-06-21 21:25:20.399299,1,0.13805854586409688
2018-06-21 21:25:31.916876,1,0.13805854586409688
2018-06-21 21:25:43.437864,1,0.13805854586409688
2018-06-21 21:25:54.999405,1,0.13805854586409688
2018-06-21 21:26:06.474879,1,0.13805854586409688
2018-06-21 21:26:17.946259,1,0.13805854586409688
2018-06-21 21:26:29.488973,1,0.13805854586409688
2018-06-21 21:26:41.012429,1,0.13805854586409688
2018-06-21 21:26:52.554188,1,0.13805854586409688
2018-06-21 21:27:04.232899,1,0.13805854586409688
2018-06-21 21:27:15.714315,1,0.13805854586409688
2018-06-21 21:27:27.262370,1,0.13805854586409688
2018-06-21 21:27:38.766358,1,0.13805854586409688
2018-06-21 21:27:50.272207,1,0.13805854586409688
2018-06-21 21:28:01.785343,1,0.13805854586409688
2018-06-21 21:28:13.316079,1,0.13805854586409688
2018-06-21 21:28:24.946069,1,0.13805854586409688
2018-06-21 21:28:36.506061,1,0.13805854586409688
2018-06-21 21:28:48.073965,1,0.13805854586409688
2018-06-21 21:28:59.637118,1,0.13805854586409688
2018-06-21 21:29:11.128613,1,0.13805854586409688
2018-06-21 21:29:22.613266,1,0.13805854586409688
2018-06-21 21:29:34.112461,1,0.13805854586409688
2018-06-21 21:29:45.642787,1,0.13805854586409688
2018-06-21 21:29:57.133953,1,0.13805854586409688
2018-06-21 21:30:08.722860,1,0.13805854586409688
2018-06-21 21:30:20.326575,1,0.13805854586409688
2018-06-21 21:30:31.875795,1,0.13805854586409688
2018-06-21 21:30:43.417177,1,0.13805854586409688
2018-06-21 21:30:55.027342,1,0.13805854586409688
2018-06-21 21:31:06.622486,1,0.13805854586409688
2018-06-21 21:31:18.075268,1,0.13805854586409688
2018-06-21 21:31:29.576526,1,0.13805854586409688
2018-06-21 21:31:41.076656,1,0.13805854586409688
2018-06-21 21:31:52.546603,1,0.13805854586409688
2018-06-21 21:32:04.130188,1,0.13805854586409688
2018-06-21 21:32:15.582315,1,0.13805854586409688
2018-06-21 21:32:27.061192,1,0.13805854586409688
2018-06-21 21:32:38.505181,1,0.13805854586409688
2018-06-21 21:32:50.049894,1,0.13805854586409688
2018-06-21 21:33:01.531789,1,0.13805854586409688
2018-06-21 21:33:13.044447,1,0.13805854586409688
2018-06-21 21:33:24.586326,1,0.13805854586409688
2018-06-21 21:33:36.037313,1,0.13805854586409688
2018-06-21 21:33:47.488387,1,0.13805854586409688
2018-06-21 21:33:59.031282,1,0.13805854586409688
2018-06-21 21:34:10.564532,1,0.13805854586409688
2018-06-21 21:34:22.031002,1,0.13805854586409688
2018-06-21 21:34:33.575660,1,0.13805854586409688
2018-06-21 21:34:45.146391,1,0.13805854586409688
2018-06-21 21:34:56.656195,1,1.0
2018-06-21 21:35:08.142564,1,0.13805854586409688
2018-06-21 21:35:19.578123,1,0.13805854586409688
2018-06-21 21:35:31.079312,1,0.13805854586409688
2018-06-21 21:35:42.599999,1,0.13805854586409688
2018-06-21 21:35:54.034372,1,0.13805854586409688
2018-06-21 21:36:05.551959,1,0.13805854586409688
2018-06-21 21:36:17.083730,1,0.13805854586409688
2018-06-21 21:36:28.540136,1,0.13805854586409688
2018-06-21 21:36:40.023449,1,0.13805854586409688
2018-06-21 21:36:51.658519,1,0.13805854586409688
2018-06-21 21:37:03.272579,1,0.13805854586409688
2018-06-21 21:37:14.817140,1,0.13805854586409688
2018-06-21 21:37:26.293417,1,0.13805854586409688
2018-06-21 21:37:37.772679,1,0.13805854586409688
2018-06-21 21:37:49.314606,1,0.13805854586409688
2018-06-21 21:38:00.833645,1,0.13805854586409688
2018-06-21 21:38:12.252734,1,0.13805854586409688
2018-06-21 21:38:23.757061,1,0.13805854586409688
2018-06-21 21:38:35.283147,1,0.13805854586409688
2018-06-21 21:38:46.797981,1,0.13805854586409688
2018-06-21 21:38:58.442915,1,0.13805854586409688
2018-06-21 21:39:09.952286,1,0.13805854586409688
2018-06-21 21:39:21.486595,1,0.13805854586409688
2018-06-21 21:39:33.017036,1,0.13805854586409688
2018-06-21 21:39:44.556316,1,0.13805854586409688
2018-06-21 21:39:56.111140,1,0.13805854586409688
2018-06-21 21:40:07.661886,1,0.13805854586409688
2018-06-21 21:40:19.158496,1,0.13805854586409688
2018-06-21 21:40:30.672987,1,0.13805854586409688
2018-06-21 21:40:42.160168,1,0.13805854586409688
2018-06-21 21:40:53.879262,1,0.13805854586409688
2018-06-21 21:41:05.430133,1,0.13805854586409688
2018-06-21 21:41:17.043480,1,0.13805854586409688
2018-06-21 21:41:28.611334,1,0.13805854586409688
2018-06-21 21:41:40.284369,1,0.13805854586409688
2018-06-21 21:41:51.718475,1,0.13805854586409688
2018-06-21 21:42:03.165107,1,0.13805854586409688
2018-06-21 21:42:14.615416,1,0.13805854586409688
2018-06-21 21:42:26.031985,1,0.13805854586409688
2018-06-21 21:42:37.432098,1,0.13805854586409688
2018-06-21 21:42:48.870594,1,0.13805854586409688
2018-06-21 21:43:00.326910,1,0.13805854586409688
2018-06-21 21:43:11.833880,1,0.13805854586409688
2018-06-21 21:43:23.398366,1,0.13805854586409688
2018-06-21 21:43:34.872463,1,0.13805854586409688
2018-06-21 21:43:46.305457,1,0.13805854586409688
2018-06-21 21:43:57.839603,1,0.13805854586409688
2018-06-21 21:44:09.282652,1,0.13805854586409688
2018-06-21 21:44:20.830822,1,0.13805854586409688
2018-06-21 21:44:32.349432,1,0.13805854586409688
2018-06-21 21:44:43.881991,1,0.13805854586409688
2018-06-21 21:44:55.316764,1,0.13805854586409688
2018-06-21 21:45:06.763816,1,0.13805854586409688
2018-06-21 21:45:18.291220,1,0.13805854586409688
2018-06-21 21:45:29.898774,1,0.13805854586409688
2018-06-21 21:45:41.449367,1,0.13805854586409688
2018-06-21 21:45:52.923986,1,0.13805854586409688
2018-06-21 21:46:04.396023,1,0.13805854586409688
2018-06-21 21:46:15.882104,1,0.13805854586409688
2018-06-21 21:46:27.374104,1,0.13805854586409688
2018-06-21 21:46:38.926099,1,0.13805854586409688
2018-06-21 21:46:50.435430,1,0.13805854586409688
2018-06-21 21:47:01.950418,1,0.13805854586409688
2018-06-21 21:47:13.557724,1,0.13805854586409688
2018-06-21 21:47:25.111868,1,0.13805854586409688
2018-06-21 21:47:36.616487,1,0.13805854586409688
2018-06-21 21:47:48.105382,1,0.13805854586409688
2018-06-21 21:47:59.668423,1,0.13805854586409688
2018-06-21 21:48:11.141364,1,0.13805854586409688
2018-06-21 21:48:22.675712,1,0.13805854586409688
2018-06-21 21:48:34.243024,1,0.13805854586409688
2018-06-21 21:48:45.708624,1,0.13805854586409688
2018-06-21 21:48:57.166888,1,0.13805854586409688
2018-06-21 21:49:08.692971,1,0.13805854586409688
2018-06-21 21:49:20.257139,1,0.13805854586409688
2018-06-21 21:49:31.766597,1,0.13805854586409688
2018-06-21 21:49:43.474912,1,0.13805854586409688
2018-06-21 21:49:55.009908,1,0.13805854586409688
2018-06-21 21:50:06.524591,1,0.13805854586409688
2018-06-21 21:50:18.063659,1,0.13805854586409688
2018-06-21 21:50:29.607561,1,0.13805854586409688
2018-06-21 21:50:41.104179,1,0.13805854586409688
2018-06-21 21:50:52.644686,1,0.13805854586409688
2018-06-21 21:51:04.127046,1,0.13805854586409688
2018-06-21 21:51:15.652709,1,0.13805854586409688
2018-06-21 21:51:27.197744,1,0.13805854586409688
2018-06-21 21:51:38.713699,1,0.13805854586409688
2018-06-21 21:51:50.156244,1,0.13805854586409688
2018-06-21 21:52:01.686168,1,0.13805854586409688
2018-06-21 21:52:13.247639,1,0.13805854586409688
2018-06-21 21:52:24.908950,1,0.13805854586409688
2018-06-21 21:52:36.403910,1,0.13805854586409688
2018-06-21 21:52:47.947161,1,0.13805854586409688
2018-06-21 21:52:59.444803,1,0.13805854586409688
2018-06-21 21:53:11.001354,1,0.13805854586409688
2018-06-21 21:53:22.535534,1,0.13805854586409688
2018-06-21 21:53:34.117910,1,0.13805854586409688
2018-06-21 21:53:45.532938,1,0.13805854586409688
2018-06-21 21:53:57.100536,1,0.13805854586409688
2018-06-21 21:54:08.726756,1,0.13805854586409688
2018-06-21 21:54:20.282071,1,0.13805854586409688
2018-06-21 21:54:31.689460,1,0.13805854586409688
2018-06-21 21:54:43.181998,1,0.13805854586409688
2018-06-21 21:54:54.675543,1,0.13805854586409688
2018-06-21 21:55:06.136692,1,0.13805854586409688
2018-06-21 21:55:17.688312,1,0.13805854586409688
2018-06-21 21:55:29.174948,1,0.13805854586409688
2018-06-21 21:55:40.816799,1,0.13805854586409688
2018-06-21 21:55:52.267788,1,0.13805854586409688
2018-06-21 21:56:03.807304,1,0.13805854586409688
2018-06-21 21:56:15.359609,1,1.0
2018-06-21 21:56:26.863444,1,0.13805854586409688
2018-06-21 21:56:38.409409,1,0.13805854586409688
2018-06-21 21:56:49.921967,1,0.13805854586409688
2018-06-21 21:57:01.384464,1,0.13805854586409688
2018-06-21 21:57:12.933566,1,0.13805854586409688
2018-06-21 21:57:24.423008,1,0.13805854586409688
2018-06-21 21:57:35.840325,1,0.13805854586409688
2018-06-21 21:57:47.368221,1,0.13805854586409688
2018-06-21 21:57:58.932630,1,0.13805854586409688
2018-06-21 21:58:10.549762,1,0.13805854586409688
2018-06-21 21:58:22.024605,1,0.13805854586409688
2018-06-21 21:58:33.575992,1,0.13805854586409688
2018-06-21 21:58:45.091128,1,0.13805854586409688
2018-06-21 21:58:56.663181,1,0.13805854586409688
2018-06-21 21:59:08.103039,1,0.13805854586409688
2018-06-21 21:59:19.599455,1,0.13805854586409688
2018-06-21 21:59:31.063223,1,0.13805854586409688
2018-06-21 21:59:42.575211,1,0.13805854586409688
2018-06-21 21:59:54.152196,1,0.13805854586409688
2018-06-21 22:00:05.650069,1,0.13805854586409688
2018-06-21 22:00:17.156731,1,0.13805854586409688
2018-06-21 22:00:28.691138,1,0.13805854586409688
2018-06-21 22:00:40.281169,1,0.13805854586409688
