2018-06-21 19:27:17.336392,0.758,229.106,0.0301029996659,0.0301029996659,0.0301029996658834
2018-06-21 19:27:28.915744,0.498,278.979,0.0301029996659,0.0301029996659,0.0301029996658834
2018-06-21 19:27:40.446437,0.526,255.803,0.0301029996659,0.0301029996659,0.0301029996658834
2018-06-21 19:27:51.958385,0.514,304.763,0.0301029996659,1.0,1.0
2018-06-21 19:28:03.484119,0.904,464.073,1.0,1.0,1.0
2018-06-21 19:28:15.138417,0.747,459.971,0.0301029996659,0.0301029996659,0.0301029996658834
2018-06-21 19:28:26.774963,0.728,459.066,0.0301029996659,0.0301029996659,0.0301029996658834
2018-06-21 19:28:38.290471,0.702,457.384,0.0301029996659,0.0301029996659,0.0301029996658834
2018-06-21 19:28:49.768598,0.66,453.708,0.0301029996659,0.0301029996659,0.0301029996658834
2018-06-21 19:29:01.357060,0.649,450.766,0.0301029996659,0.0301029996659,0.0301029996658834
2018-06-21 19:29:12.863605,0.508,436.916,0.0301029996659,0.0301029996659,0.0301029996658834
2018-06-21 19:29:24.331318,0.651,443.071,0.0301029996659,0.0301029996659,0.0301029996658834
2018-06-21 19:29:35.795057,0.649,441.767,0.0301029996659,0.0301029996659,0.0301029996658834
2018-06-21 19:29:47.267273,0.621,451.489,0.0301029996659,0.0301029996659,0.0301029996658834
2018-06-21 19:29:58.926911,0.604,451.476,0.0301029996659,0.0301029996659,0.0301029996658834
2018-06-21 19:30:10.380053,0.639,458.123,0.0301029996659,0.0301029996659,0.0301029996658834
2018-06-21 19:30:21.834815,0.651,449.562,0.0301029996659,0.0301029996659,0.0301029996658834
2018-06-21 19:30:33.281341,0.824,438.655,0.0301029996659,0.0301029996659,0.0301029996658834
2018-06-21 19:30:44.801452,0.731,450.612,0.0301029996659,0.0301029996659,0.0301029996658834
2018-06-21 19:30:56.323564,0.723,451.555,0.0301029996659,0.0301029996659,0.0301029996658834
2018-06-21 19:31:07.863648,0.79,445.173,0.0301029996659,0.0301029996659,0.0301029996658834
2018-06-21 19:31:19.376171,0.827,457.341,0.0301029996659,0.0301029996659,0.0301029996658834
2018-06-21 19:31:30.818440,0.834,457.638,0.0301029996659,0.0301029996659,0.0301029996658834
2018-06-21 19:31:42.264478,0.816,459.81,0.0301029996659,0.0301029996659,0.0301029996658834
2018-06-21 19:31:53.795840,0.845,461.476,0.0301029996659,0.0301029996659,0.0301029996658834
2018-06-21 19:32:05.366327,0.867,462.86,0.0301029996659,0.0301029996659,0.0301029996658834
2018-06-21 19:32:16.887715,0.827,458.867,0.0301029996659,0.0301029996659,0.0301029996658834
2018-06-21 19:32:28.415201,0.832,463.596,0.0301029996659,0.0301029996659,0.0301029996658834
2018-06-21 19:32:39.979841,0.867,464.329,0.0301029996659,0.0301029996659,0.0301029996658834
2018-06-21 19:32:51.491387,0.803,466.739,0.0301029996659,0.0301029996659,0.0301029996658834
2018-06-21 19:33:03.060669,0.747,463.69,0.0301029996659,0.0301029996659,0.0301029996658834
2018-06-21 19:33:14.574179,0.78,421.548,0.0301029996659,0.0301029996659,0.0301029996658834
2018-06-21 19:33:26.101491,0.742,455.622,0.0301029996659,0.0301029996659,0.0301029996658834
2018-06-21 19:33:37.624118,0.749,455.404,0.0301029996659,0.0301029996659,0.0301029996658834
2018-06-21 19:33:49.079025,0.743,435.317,0.0301029996659,0.0301029996659,0.0301029996658834
2018-06-21 19:34:00.488397,0.706,432.131,0.0301029996659,0.0301029996659,0.0301029996658834
2018-06-21 19:34:11.965130,0.703,452.835,0.0301029996659,0.0301029996659,0.0301029996658834
2018-06-21 19:34:23.507277,0.9,466.841,0.0301029996659,0.0301029996659,0.0301029996658834
2018-06-21 19:34:35.113459,0.737,456.02,0.0301029996659,0.0301029996659,0.0301029996658834
2018-06-21 19:34:46.647107,0.739,449.887,0.0301029996659,0.0301029996659,0.0301029996658834
2018-06-21 19:34:58.215656,0.741,454.27,0.0301029996659,0.0301029996659,0.0301029996658834
2018-06-21 19:35:09.788127,0.76,452.844,0.0301029996659,0.0301029996659,0.0301029996658834
2018-06-21 19:35:21.381753,0.742,455.215,0.0301029996659,0.0301029996659,0.0301029996658834
2018-06-21 19:35:32.980160,0.595,428.795,0.0301029996659,0.0301029996659,0.0301029996658834
2018-06-21 19:35:44.581309,0.183,319.059,1.0,0.0301029996659,1.0
2018-06-21 19:35:56.159660,0.07,240.55,1.0,0.0301029996659,1.0
2018-06-21 19:36:07.680260,0.07,228.451,0.0301029996659,0.0301029996659,0.0301029996658834
2018-06-21 19:36:19.239429,0.069,231.182,0.0301029996659,0.0301029996659,0.0301029996658834
2018-06-21 19:36:30.826035,0.069,230.972,0.0301029996659,0.0301029996659,0.0301029996658834
2018-06-21 19:36:42.361637,0.069,228.401,0.0301029996659,0.0301029996659,0.0301029996658834
2018-06-21 19:36:53.932061,0.074,228.485,0.0301029996659,0.0301029996659,0.0301029996658834
2018-06-21 19:37:05.503115,0.093,227.784,0.0301029996659,0.0301029996659,0.0301029996658834
2018-06-21 19:37:17.046384,0.089,225.082,0.0301029996659,0.0301029996659,0.0301029996658834
2018-06-21 19:37:28.611004,0.089,226.899,0.0301029996659,0.0301029996659,0.0301029996658834
2018-06-21 19:37:40.092171,0.111,231.323,0.0301029996659,0.0301029996659,0.0301029996658834
2018-06-21 19:37:51.569409,0.116,230.6,0.0301029996659,0.0301029996659,0.0301029996658834
2018-06-21 19:38:03.092727,0.11,216.568,0.0301029996659,0.0301029996659,0.0301029996658834
2018-06-21 19:38:14.821715,0.136,228.639,0.0301029996659,0.0301029996659,0.0301029996658834
2018-06-21 19:38:26.362309,0.136,231.855,0.0301029996659,0.0301029996659,0.0301029996658834
2018-06-21 19:38:38.001878,0.136,230.974,0.0301029996659,0.0301029996659,0.0301029996658834
2018-06-21 19:38:49.561454,0.135,227.605,0.0301029996659,0.0301029996659,0.0301029996658834
2018-06-21 19:39:01.055120,0.135,228.498,0.0301029996659,0.0301029996659,0.0301029996658834
2018-06-21 19:39:12.597445,0.102,231.559,0.0301029996659,0.0301029996659,0.0301029996658834
2018-06-21 19:39:24.155793,0.132,227.893,0.0301029996659,0.0301029996659,0.0301029996658834
2018-06-21 19:39:35.712788,0.137,228.574,0.0301029996659,0.0301029996659,0.0301029996658834
2018-06-21 19:39:47.242291,0.131,225.016,0.0301029996659,0.0301029996659,0.0301029996658834
2018-06-21 19:39:58.788341,0.131,228.482,0.0301029996659,0.0301029996659,0.0301029996658834
2018-06-21 19:40:10.244907,0.128,227.788,0.0301029996659,0.0301029996659,0.0301029996658834
2018-06-21 19:40:21.741080,0.102,231.234,0.0301029996659,0.0301029996659,0.0301029996658834
2018-06-21 19:40:33.213091,0.051,222.755,0.0301029996659,0.0301029996659,0.0301029996658834
2018-06-21 19:40:44.661633,0.074,217.745,0.0301029996659,0.0301029996659,0.0301029996658834
2018-06-21 19:40:56.167108,0.074,227.842,0.0301029996659,0.0301029996659,0.0301029996658834
2018-06-21 19:41:07.726503,0.071,227.834,0.0301029996659,0.0301029996659,0.0301029996658834
2018-06-21 19:41:19.223653,0.071,225.116,0.0301029996659,0.0301029996659,0.0301029996658834
2018-06-21 19:41:30.807325,0.071,228.604,0.0301029996659,0.0301029996659,0.0301029996658834
2018-06-21 19:41:42.251904,0.073,231.954,0.0301029996659,0.0301029996659,0.0301029996658834
2018-06-21 19:41:53.802913,0.105,225.267,0.0301029996659,0.0301029996659,0.0301029996658834
2018-06-21 19:42:05.379362,0.074,232.942,0.0301029996659,0.0301029996659,0.0301029996658834
2018-06-21 19:42:16.830825,0.074,232.881,0.0301029996659,0.0301029996659,0.0301029996658834
2018-06-21 19:42:28.276602,0.074,233.017,0.0301029996659,0.0301029996659,0.0301029996658834
2018-06-21 19:42:39.854748,0.072,234.265,0.0301029996659,0.0301029996659,0.0301029996658834
2018-06-21 19:42:51.571893,0.072,234.966,0.0301029996659,0.0301029996659,0.0301029996658834
2018-06-21 19:43:03.181042,0.007,222.992,1.0,0.0301029996659,1.0
2018-06-21 19:43:14.702404,0.486,368.82,0.0301029996659,0.0301029996659,0.0301029996658834
2018-06-21 19:43:26.266562,0.82,454.871,0.0301029996659,0.0301029996659,0.0301029996658834
2018-06-21 19:43:37.797664,0.72,456.88,0.0301029996659,0.0301029996659,0.0301029996658834
2018-06-21 19:43:49.305215,0.702,454.464,0.0301029996659,0.0301029996659,0.0301029996658834
2018-06-21 19:44:00.852250,0.718,453.211,0.0301029996659,0.0301029996659,0.0301029996658834
2018-06-21 19:44:12.302539,0.634,378.135,0.0301029996659,0.0301029996659,0.0301029996658834
2018-06-21 19:44:23.818850,0.392,465.955,0.0301029996659,0.0301029996659,0.0301029996658834
2018-06-21 19:44:35.255236,0.625,451.553,0.0301029996659,0.0301029996659,0.0301029996658834
2018-06-21 19:44:46.702413,0.598,458.577,0.0301029996659,0.0301029996659,0.0301029996658834
2018-06-21 19:44:58.237815,0.592,469.976,0.0301029996659,0.0301029996659,0.0301029996658834
2018-06-21 19:45:09.747647,0.601,470.103,0.0301029996659,0.0301029996659,0.0301029996658834
2018-06-21 19:45:21.291274,0.607,466.793,0.0301029996659,0.0301029996659,0.0301029996658834
2018-06-21 19:45:32.871772,0.731,523.292,0.0301029996659,1.0,1.0
2018-06-21 19:45:44.407645,0.663,448.141,0.0301029996659,0.0301029996659,0.0301029996658834
2018-06-21 19:45:55.910417,0.636,448.698,0.0301029996659,0.0301029996659,0.0301029996658834
2018-06-21 19:46:07.489170,0.644,449.183,0.0301029996659,0.0301029996659,0.0301029996658834
2018-06-21 19:46:19.142942,0.63,439.786,0.0301029996659,0.0301029996659,0.0301029996658834
2018-06-21 19:46:30.701649,0.586,432.402,0.0301029996659,0.0301029996659,0.0301029996658834
2018-06-21 19:46:42.217707,0.55,431.678,0.0301029996659,0.0301029996659,0.0301029996658834
2018-06-21 19:46:53.692627,0.421,395.492,0.0301029996659,0.0301029996659,0.0301029996658834
2018-06-21 19:47:05.215841,0.642,441.806,0.0301029996659,0.0301029996659,0.0301029996658834
2018-06-21 19:47:16.643921,0.798,441.213,0.0301029996659,0.0301029996659,0.0301029996658834
2018-06-21 19:47:28.162472,0.777,447.21,0.0301029996659,0.0301029996659,0.0301029996658834
2018-06-21 19:47:39.701078,0.776,444.96,0.0301029996659,0.0301029996659,0.0301029996658834
2018-06-21 19:47:51.132223,0.812,453.459,0.0301029996659,0.0301029996659,0.0301029996658834
2018-06-21 19:48:02.557258,1.012,529.986,1.0,0.138058545864,1.0
2018-06-21 19:48:14.034939,0.838,444.705,0.138058545864,0.138058545864,0.13805854586409688
2018-06-21 19:48:25.586237,0.878,449.852,0.138058545864,0.138058545864,0.13805854586409688
2018-06-21 19:48:37.038208,0.868,449.79,0.138058545864,0.138058545864,0.13805854586409688
2018-06-21 19:48:48.539658,0.864,454.128,0.138058545864,0.138058545864,0.13805854586409688
2018-06-21 19:49:00.130879,0.824,447.095,0.138058545864,0.138058545864,0.13805854586409688
2018-06-21 19:49:11.619366,0.825,450.597,0.138058545864,0.138058545864,0.13805854586409688
2018-06-21 19:49:23.106642,0.699,398.625,0.138058545864,0.138058545864,0.13805854586409688
2018-06-21 19:49:34.618477,0.732,453.584,0.138058545864,0.138058545864,0.13805854586409688
2018-06-21 19:49:46.120490,0.757,451.477,0.138058545864,0.138058545864,0.13805854586409688
2018-06-21 19:49:57.530854,0.695,427.779,0.138058545864,0.138058545864,0.13805854586409688
2018-06-21 19:50:08.976008,0.694,449.63,0.138058545864,0.138058545864,0.13805854586409688
2018-06-21 19:50:20.507119,0.663,449.451,0.138058545864,0.138058545864,0.13805854586409688
2018-06-21 19:50:32.077988,0.662,451.881,0.138058545864,0.138058545864,0.13805854586409688
2018-06-21 19:50:43.668307,0.653,460.685,0.138058545864,0.138058545864,0.13805854586409688
2018-06-21 19:50:55.240431,0.638,432.179,0.138058545864,0.138058545864,0.13805854586409688
2018-06-21 19:51:06.804483,0.531,347.411,0.138058545864,0.138058545864,0.13805854586409688
2018-06-21 19:51:18.279154,0.246,253.601,0.138058545864,0.138058545864,0.13805854586409688
2018-06-21 19:51:29.791626,0.142,228.541,0.138058545864,0.138058545864,0.13805854586409688
2018-06-21 19:51:41.302709,0.141,228.614,0.138058545864,0.138058545864,0.13805854586409688
2018-06-21 19:51:52.781638,0.104,221.271,0.138058545864,0.138058545864,0.13805854586409688
2018-06-21 19:52:04.260575,0.137,233.761,0.138058545864,0.138058545864,0.13805854586409688
2018-06-21 19:52:15.813697,0.137,231.709,0.138058545864,0.138058545864,0.13805854586409688
2018-06-21 19:52:27.395703,0.138,233.634,0.138058545864,0.138058545864,0.13805854586409688
2018-06-21 19:52:38.989286,0.137,236.977,0.138058545864,0.138058545864,0.13805854586409688
2018-06-21 19:52:50.570183,0.137,233.663,0.138058545864,0.138058545864,0.13805854586409688
2018-06-21 19:53:02.138223,0.123,231.797,0.138058545864,0.138058545864,0.13805854586409688
2018-06-21 19:53:13.672160,0.084,231.817,0.138058545864,0.138058545864,0.13805854586409688
2018-06-21 19:53:25.194075,0.093,235.305,0.138058545864,0.138058545864,0.13805854586409688
2018-06-21 19:53:36.739205,0.093,232.078,0.138058545864,0.138058545864,0.13805854586409688
2018-06-21 19:53:48.333896,0.095,228.544,0.138058545864,0.138058545864,0.13805854586409688
2018-06-21 19:53:59.865759,0.07,210.737,0.138058545864,0.138058545864,0.13805854586409688
2018-06-21 19:54:11.373975,0.07,221.363,0.138058545864,0.138058545864,0.13805854586409688
2018-06-21 19:54:22.862522,0.109,242.368,0.138058545864,0.138058545864,0.13805854586409688
2018-06-21 19:54:34.380008,0.075,232.034,0.138058545864,0.138058545864,0.13805854586409688
2018-06-21 19:54:45.907277,0.072,228.599,0.138058545864,0.138058545864,0.13805854586409688
2018-06-21 19:54:57.496880,0.071,228.449,0.138058545864,0.138058545864,0.13805854586409688
2018-06-21 19:55:09.039620,0.071,230.322,0.138058545864,0.138058545864,0.13805854586409688
2018-06-21 19:55:20.578316,0.069,229.626,0.138058545864,0.138058545864,0.13805854586409688
2018-06-21 19:55:32.177753,0.07,225.956,0.138058545864,0.138058545864,0.13805854586409688
2018-06-21 19:55:43.783887,0.007,221.255,0.138058545864,0.138058545864,0.13805854586409688
2018-06-21 19:55:55.399038,0.073,235.613,0.138058545864,0.138058545864,0.13805854586409688
2018-06-21 19:56:06.859643,0.074,235.33,0.138058545864,0.138058545864,0.13805854586409688
2018-06-21 19:56:18.298309,0.07,231.86,0.138058545864,0.138058545864,0.13805854586409688
2018-06-21 19:56:29.797114,0.07,228.519,0.138058545864,0.138058545864,0.13805854586409688
2018-06-21 19:56:41.303976,0.079,232.035,0.138058545864,0.138058545864,0.13805854586409688
2018-06-21 19:56:52.726410,0.121,253.1,0.138058545864,0.138058545864,0.13805854586409688
2018-06-21 19:57:04.208575,0.11,224.994,0.138058545864,0.138058545864,0.13805854586409688
2018-06-21 19:57:15.924931,0.109,225.0,0.138058545864,0.138058545864,0.13805854586409688
2018-06-21 19:57:27.306436,0.109,226.751,0.138058545864,0.138058545864,0.13805854586409688
2018-06-21 19:57:38.774169,0.134,233.783,0.138058545864,0.138058545864,0.13805854586409688
2018-06-21 19:57:50.217070,0.134,233.862,0.138058545864,0.138058545864,0.13805854586409688
2018-06-21 19:58:01.753835,0.134,235.628,0.138058545864,0.138058545864,0.13805854586409688
2018-06-21 19:58:13.335173,0.109,231.593,0.138058545864,0.138058545864,0.13805854586409688
2018-06-21 19:58:24.840865,0.352,278.401,0.138058545864,0.138058545864,0.13805854586409688
2018-06-21 19:58:36.351246,0.348,342.061,0.138058545864,0.138058545864,0.13805854586409688
2018-06-21 19:58:47.858252,0.647,461.154,0.138058545864,0.138058545864,0.13805854586409688
2018-06-21 19:58:59.398907,0.624,454.396,0.138058545864,0.138058545864,0.13805854586409688
2018-06-21 19:59:10.839332,0.626,454.224,0.138058545864,0.138058545864,0.13805854586409688
2018-06-21 19:59:22.337982,0.608,449.736,0.138058545864,0.138058545864,0.13805854586409688
2018-06-21 19:59:33.901707,0.614,447.315,0.138058545864,0.138058545864,0.13805854586409688
2018-06-21 19:59:45.321208,0.62,447.148,0.138058545864,0.138058545864,0.13805854586409688
2018-06-21 19:59:56.822346,0.613,450.852,0.138058545864,0.138058545864,0.13805854586409688
2018-06-21 20:00:08.374268,0.611,454.032,0.138058545864,0.138058545864,0.13805854586409688
2018-06-21 20:00:19.886411,0.592,438.649,0.138058545864,0.138058545864,0.13805854586409688
2018-06-21 20:00:31.350439,0.577,448.5,0.138058545864,0.138058545864,0.13805854586409688
2018-06-21 20:00:42.785927,0.359,390.0,0.138058545864,0.138058545864,0.13805854586409688
2018-06-21 20:00:54.242598,0.59,426.333,0.138058545864,0.138058545864,0.13805854586409688
2018-06-21 20:01:05.698739,0.636,432.833,0.138058545864,0.138058545864,0.13805854586409688
2018-06-21 20:01:17.235380,0.676,439.167,0.138058545864,0.138058545864,0.13805854586409688
2018-06-21 20:01:28.802933,0.655,428.667,0.138058545864,0.138058545864,0.13805854586409688
2018-06-21 20:01:40.320576,0.738,458.5,0.138058545864,0.138058545864,0.13805854586409688
2018-06-21 20:01:51.833115,0.717,460.5,0.138058545864,0.138058545864,0.13805854586409688
2018-06-21 20:02:03.392790,0.782,415.25,0.138058545864,0.138058545864,0.13805854586409688
2018-06-21 20:02:14.908214,0.778,451.0,0.138058545864,0.138058545864,0.13805854586409688
2018-06-21 20:02:26.311438,0.783,456.0,0.138058545864,0.138058545864,0.13805854586409688
2018-06-21 20:02:37.827812,0.821,453.333,0.138058545864,0.138058545864,0.13805854586409688
2018-06-21 20:02:49.435147,0.852,455.833,0.138058545864,0.138058545864,0.13805854586409688
2018-06-21 20:03:00.850758,0.843,451.333,0.138058545864,0.138058545864,0.13805854586409688
2018-06-21 20:03:12.263542,0.871,454.167,0.138058545864,0.138058545864,0.13805854586409688
2018-06-21 20:03:23.862963,1.133,525.25,1.0,0.138058545864,1.0
2018-06-21 20:03:35.403788,0.859,451.333,0.138058545864,0.138058545864,0.13805854586409688
2018-06-21 20:03:46.888568,0.811,456.667,0.138058545864,0.138058545864,0.13805854586409688
2018-06-21 20:03:58.314712,0.796,458.667,0.138058545864,0.138058545864,0.13805854586409688
2018-06-21 20:04:09.783482,0.803,457.167,0.138058545864,0.138058545864,0.13805854586409688
2018-06-21 20:04:21.325518,0.765,457.5,0.138058545864,0.138058545864,0.13805854586409688
2018-06-21 20:04:32.818423,0.625,410.5,0.138058545864,0.138058545864,0.13805854586409688
2018-06-21 20:04:44.390980,0.669,436.5,0.138058545864,0.138058545864,0.13805854586409688
2018-06-21 20:04:55.917081,0.655,453.167,0.138058545864,0.138058545864,0.13805854586409688
2018-06-21 20:05:07.397012,0.687,465.333,0.138058545864,0.138058545864,0.13805854586409688
2018-06-21 20:05:18.928069,0.631,425.0,0.138058545864,0.138058545864,0.13805854586409688
2018-06-21 20:05:30.380617,0.631,460.833,0.138058545864,0.138058545864,0.13805854586409688
2018-06-21 20:05:41.894272,0.681,455.167,0.138058545864,0.138058545864,0.13805854586409688
2018-06-21 20:05:53.489937,0.902,466.25,0.138058545864,0.138058545864,0.13805854586409688
2018-06-21 20:06:05.039868,0.62,455.167,0.138058545864,0.138058545864,0.13805854586409688
2018-06-21 20:06:16.591926,0.592,444.333,0.138058545864,0.138058545864,0.13805854586409688
2018-06-21 20:06:28.100663,0.589,377.5,0.138058545864,0.138058545864,0.13805854586409688
2018-06-21 20:06:39.650386,0.272,264.0,0.138058545864,0.138058545864,0.13805854586409688
2018-06-21 20:06:51.290012,0.101,224.167,0.138058545864,0.138058545864,0.13805854586409688
2018-06-21 20:07:02.797789,0.106,221.75,0.138058545864,0.138058545864,0.13805854586409688
2018-06-21 20:07:14.386148,0.074,231.833,0.138058545864,0.138058545864,0.13805854586409688
2018-06-21 20:07:25.838484,0.072,237.167,0.138058545864,0.138058545864,0.13805854586409688
2018-06-21 20:07:37.295123,0.072,229.5,0.138058545864,0.138058545864,0.13805854586409688
2018-06-21 20:07:48.838644,0.072,230.0,0.138058545864,0.138058545864,0.13805854586409688
2018-06-21 20:08:00.344751,0.074,224.667,0.138058545864,0.138058545864,0.13805854586409688
2018-06-21 20:08:11.820922,0.074,224.667,0.138058545864,0.138058545864,0.13805854586409688
2018-06-21 20:08:23.361105,0.007,226.75,0.138058545864,0.138058545864,0.13805854586409688
2018-06-21 20:08:34.929619,0.07,233.0,0.138058545864,0.138058545864,0.13805854586409688
2018-06-21 20:08:46.509679,0.07,224.833,0.138058545864,0.138058545864,0.13805854586409688
2018-06-21 20:08:58.006073,0.072,224.833,0.138058545864,0.138058545864,0.13805854586409688
2018-06-21 20:09:09.540282,0.072,227.5,0.138058545864,0.138058545864,0.13805854586409688
2018-06-21 20:09:21.006667,0.072,228.167,0.138058545864,0.138058545864,0.13805854586409688
2018-06-21 20:09:32.567059,0.106,239.0,0.138058545864,0.138058545864,0.13805854586409688
2018-06-21 20:09:44.075943,0.073,227.833,0.138058545864,0.138058545864,0.13805854586409688
2018-06-21 20:09:55.582275,0.071,227.667,0.138058545864,0.138058545864,0.13805854586409688
2018-06-21 20:10:07.099163,0.072,232.0,0.138058545864,0.138058545864,0.13805854586409688
2018-06-21 20:10:18.553449,0.095,231.833,0.138058545864,0.138058545864,0.13805854586409688
2018-06-21 20:10:30.009489,0.099,228.333,0.138058545864,0.138058545864,0.13805854586409688
2018-06-21 20:10:41.521581,0.097,227.667,0.138058545864,0.138058545864,0.13805854586409688
2018-06-21 20:10:53.059720,0.079,222.75,0.138058545864,0.138058545864,0.13805854586409688
2018-06-21 20:11:04.570699,0.122,229.5,0.138058545864,0.138058545864,0.13805854586409688
2018-06-21 20:11:16.061461,0.138,234.5,0.138058545864,0.138058545864,0.13805854586409688
2018-06-21 20:11:27.529440,0.139,230.833,0.138058545864,0.138058545864,0.13805854586409688
2018-06-21 20:11:39.075419,0.14,231.5,0.138058545864,0.138058545864,0.13805854586409688
2018-06-21 20:11:50.617799,0.142,224.667,0.138058545864,0.138058545864,0.13805854586409688
2018-06-21 20:12:02.173297,0.141,224.833,0.138058545864,0.138058545864,0.13805854586409688
2018-06-21 20:12:13.784539,0.105,220.0,0.138058545864,0.138058545864,0.13805854586409688
2018-06-21 20:12:25.304284,0.142,226.5,0.138058545864,0.138058545864,0.13805854586409688
2018-06-21 20:12:36.866805,0.142,226.5,0.138058545864,0.138058545864,0.13805854586409688
2018-06-21 20:12:48.417266,0.142,229.333,0.138058545864,0.138058545864,0.13805854586409688
2018-06-21 20:12:59.909711,0.119,231.833,0.138058545864,0.138058545864,0.13805854586409688
2018-06-21 20:13:11.398829,0.119,231.833,0.138058545864,0.138058545864,0.13805854586409688
2018-06-21 20:13:22.915713,0.11,225.0,0.138058545864,0.138058545864,0.13805854586409688
2018-06-21 20:13:34.524418,0.096,230.833,0.138058545864,0.138058545864,0.13805854586409688
2018-06-21 20:13:46.099833,0.363,306.667,0.138058545864,0.138058545864,0.13805854586409688
2018-06-21 20:13:57.678984,0.342,332.833,0.138058545864,0.138058545864,0.13805854586409688
2018-06-21 20:14:09.194979,0.639,472.667,0.138058545864,0.138058545864,0.13805854586409688
2018-06-21 20:14:20.883639,0.629,465.0,0.138058545864,0.138058545864,0.13805854586409688
2018-06-21 20:14:32.372111,0.496,388.5,0.138058545864,0.138058545864,0.13805854586409688
2018-06-21 20:14:43.937453,0.511,453.25,0.138058545864,0.138058545864,0.13805854586409688
2018-06-21 20:14:55.407210,0.696,457.667,0.138058545864,0.138058545864,0.13805854586409688
2018-06-21 20:15:06.908162,0.699,458.167,0.138058545864,0.138058545864,0.13805854586409688
2018-06-21 20:15:18.315822,0.684,458.333,0.138058545864,0.138058545864,0.13805854586409688
2018-06-21 20:15:29.777395,0.704,456.333,0.138058545864,0.138058545864,0.13805854586409688
2018-06-21 20:15:41.308728,0.724,460.333,0.138058545864,0.138058545864,0.13805854586409688
2018-06-21 20:15:52.826046,1.075,525.25,0.138058545864,0.138058545864,0.13805854586409688
2018-06-21 20:16:04.312689,0.823,454.167,0.138058545864,0.138058545864,0.13805854586409688
2018-06-21 20:16:15.751176,0.734,443.667,0.138058545864,0.138058545864,0.13805854586409688
2018-06-21 20:16:27.455882,0.794,466.833,0.138058545864,0.138058545864,0.13805854586409688
2018-06-21 20:16:39.046025,0.801,468.5,0.138058545864,0.138058545864,0.13805854586409688
2018-06-21 20:16:50.675989,0.78,456.667,0.138058545864,0.138058545864,0.13805854586409688
2018-06-21 20:17:02.209898,0.816,454.833,0.138058545864,0.138058545864,0.13805854586409688
2018-06-21 20:17:13.712122,0.886,481.25,0.138058545864,0.138058545864,0.13805854586409688
2018-06-21 20:17:25.221628,0.784,456.0,0.138058545864,0.138058545864,0.13805854586409688
2018-06-21 20:17:36.708235,0.767,451.833,0.138058545864,0.138058545864,0.13805854586409688
2018-06-21 20:17:48.185783,0.763,441.5,0.138058545864,0.138058545864,0.13805854586409688
2018-06-21 20:17:59.674744,0.764,444.167,0.138058545864,0.138058545864,0.13805854586409688
2018-06-21 20:18:11.129212,0.811,440.667,0.138058545864,0.138058545864,0.13805854586409688
2018-06-21 20:18:22.570822,0.864,432.0,0.138058545864,0.138058545864,0.13805854586409688
2018-06-21 20:18:34.039358,0.705,437.0,0.138058545864,0.138058545864,0.13805854586409688
2018-06-21 20:18:45.506444,0.66,434.5,0.138058545864,0.138058545864,0.13805854586409688
2018-06-21 20:18:56.973248,0.663,447.333,0.138058545864,0.138058545864,0.13805854586409688
2018-06-21 20:19:08.482117,0.599,418.667,0.138058545864,0.138058545864,0.13805854586409688
2018-06-21 20:19:19.939961,0.58,430.5,0.138058545864,0.138058545864,0.13805854586409688
2018-06-21 20:19:31.413861,0.609,450.0,0.138058545864,0.138058545864,0.13805854586409688
2018-06-21 20:19:42.870216,0.829,500.75,0.138058545864,0.138058545864,0.13805854586409688
2018-06-21 20:19:54.411784,0.621,441.0,0.138058545864,0.138058545864,0.13805854586409688
2018-06-21 20:20:05.876908,0.59,448.667,0.138058545864,0.138058545864,0.13805854586409688
2018-06-21 20:20:17.335226,0.567,448.667,0.138058545864,0.138058545864,0.13805854586409688
2018-06-21 20:20:28.771010,0.613,451.833,0.138058545864,0.138058545864,0.13805854586409688
2018-06-21 20:20:40.329182,0.622,447.833,0.138058545864,0.138058545864,0.13805854586409688
2018-06-21 20:20:51.837528,0.603,434.167,0.138058545864,0.138058545864,0.13805854586409688
2018-06-21 20:21:03.335383,0.467,443.0,0.138058545864,0.138058545864,0.13805854586409688
2018-06-21 20:21:14.882456,0.643,450.667,0.138058545864,0.138058545864,0.13805854586409688
2018-06-21 20:21:26.390724,0.668,439.167,0.138058545864,0.138058545864,0.13805854586409688
2018-06-21 20:21:37.986428,0.674,438.667,0.138058545864,0.138058545864,0.13805854586409688
2018-06-21 20:21:49.490940,0.673,404.0,0.138058545864,0.138058545864,0.13805854586409688
2018-06-21 20:22:00.995354,0.341,300.667,0.138058545864,0.138058545864,0.13805854586409688
2018-06-21 20:22:12.469974,0.106,242.25,0.138058545864,0.138058545864,0.13805854586409688
2018-06-21 20:22:23.977307,0.073,230.167,0.138058545864,0.138058545864,0.13805854586409688
2018-06-21 20:22:35.488476,0.077,226.667,0.138058545864,0.138058545864,0.13805854586409688
2018-06-21 20:22:47.015597,0.077,226.667,0.138058545864,0.138058545864,0.13805854586409688
2018-06-21 20:22:58.549211,0.077,228.5,0.138058545864,0.138058545864,0.13805854586409688
2018-06-21 20:23:10.031382,0.074,232.667,0.138058545864,0.138058545864,0.13805854586409688
2018-06-21 20:23:21.606677,0.075,228.5,0.138058545864,0.138058545864,0.13805854586409688
2018-06-21 20:23:33.104057,0.007,217.5,0.138058545864,0.138058545864,0.13805854586409688
2018-06-21 20:23:44.579442,0.075,228.333,0.138058545864,0.138058545864,0.13805854586409688
2018-06-21 20:23:56.013260,0.101,228.333,0.138058545864,0.138058545864,0.13805854586409688
2018-06-21 20:24:07.543182,0.103,228.167,0.138058545864,0.138058545864,0.13805854586409688
2018-06-21 20:24:19.065794,0.101,229.0,0.138058545864,0.138058545864,0.13805854586409688
2018-06-21 20:24:30.576416,0.12,224.833,0.138058545864,0.138058545864,0.13805854586409688
2018-06-21 20:24:42.017447,0.113,225.667,0.138058545864,0.138058545864,0.13805854586409688
2018-06-21 20:24:53.568098,0.099,226.5,0.138058545864,0.138058545864,0.13805854586409688
2018-06-21 20:25:05.109345,0.141,238.5,0.138058545864,0.138058545864,0.13805854586409688
2018-06-21 20:25:16.717749,0.141,235.0,0.138058545864,0.138058545864,0.13805854586409688
2018-06-21 20:25:28.246342,0.143,225.5,0.138058545864,0.138058545864,0.13805854586409688
2018-06-21 20:25:39.740052,0.142,224.833,0.138058545864,0.138058545864,0.13805854586409688
2018-06-21 20:25:51.249633,0.142,226.5,0.138058545864,0.138058545864,0.13805854586409688
2018-06-21 20:26:02.724160,0.106,229.25,0.138058545864,0.138058545864,0.13805854586409688
2018-06-21 20:26:14.296388,0.143,231.5,0.138058545864,0.138058545864,0.13805854586409688
2018-06-21 20:26:25.846834,0.144,221.167,0.138058545864,0.138058545864,0.13805854586409688
2018-06-21 20:26:37.374442,0.12,224.667,0.138058545864,0.138058545864,0.13805854586409688
2018-06-21 20:26:48.921804,0.12,227.667,0.138058545864,0.138058545864,0.13805854586409688
2018-06-21 20:27:00.414502,0.12,231.833,0.138058545864,0.138058545864,0.13805854586409688
2018-06-21 20:27:11.889968,0.093,228.167,0.138058545864,0.138058545864,0.13805854586409688
2018-06-21 20:27:23.516434,0.035,219.75,0.138058545864,0.138058545864,0.13805854586409688
2018-06-21 20:27:35.131678,0.07,223.667,0.138058545864,0.138058545864,0.13805854586409688
2018-06-21 20:27:46.611762,0.07,234.333,0.138058545864,0.138058545864,0.13805854586409688
2018-06-21 20:27:58.087940,0.071,224.167,0.138058545864,0.138058545864,0.13805854586409688
2018-06-21 20:28:09.559099,0.071,228.167,0.138058545864,0.138058545864,0.13805854586409688
2018-06-21 20:28:20.998221,0.072,232.5,0.138058545864,0.138058545864,0.13805854586409688
2018-06-21 20:28:32.479577,0.11,244.25,0.138058545864,0.138058545864,0.13805854586409688
2018-06-21 20:28:44.029336,0.109,225.25,0.138058545864,0.138058545864,0.13805854586409688
2018-06-21 20:28:55.557423,0.073,222.5,0.138058545864,0.138058545864,0.13805854586409688
2018-06-21 20:29:07.042765,0.158,250.833,0.138058545864,0.138058545864,0.13805854586409688
2018-06-21 20:29:18.514681,0.455,338.167,0.138058545864,0.138058545864,0.13805854586409688
2018-06-21 20:29:30.043238,0.77,450.333,0.138058545864,0.138058545864,0.13805854586409688
2018-06-21 20:29:41.598244,0.752,439.667,0.138058545864,0.138058545864,0.13805854586409688
2018-06-21 20:29:53.018138,0.62,397.25,0.138058545864,0.138058545864,0.13805854586409688
2018-06-21 20:30:04.511909,0.803,450.0,0.138058545864,0.138058545864,0.13805854586409688
2018-06-21 20:30:16.031047,0.796,450.333,0.138058545864,0.138058545864,0.13805854586409688
2018-06-21 20:30:27.470904,0.828,447.167,0.138058545864,0.138058545864,0.13805854586409688
2018-06-21 20:30:38.917603,0.829,447.667,0.138058545864,0.138058545864,0.13805854586409688
2018-06-21 20:30:50.348896,0.865,447.333,0.138058545864,0.138058545864,0.13805854586409688
2018-06-21 20:31:01.795830,0.843,451.333,0.138058545864,0.138058545864,0.13805854586409688
2018-06-21 20:31:13.177830,0.706,414.75,0.138058545864,0.138058545864,0.13805854586409688
2018-06-21 20:31:24.616457,0.773,440.333,0.138058545864,0.138058545864,0.13805854586409688
2018-06-21 20:31:36.144756,0.776,446.333,0.138058545864,0.138058545864,0.13805854586409688
2018-06-21 20:31:47.642549,0.753,455.667,0.138058545864,0.138058545864,0.13805854586409688
2018-06-21 20:31:59.103375,0.678,416.0,0.138058545864,0.138058545864,0.13805854586409688
2018-06-21 20:32:10.598749,0.678,455.5,0.138058545864,0.138058545864,0.13805854586409688
2018-06-21 20:32:22.120282,0.676,452.333,0.138058545864,0.138058545864,0.13805854586409688
2018-06-21 20:32:33.656686,0.84,472.5,0.138058545864,0.138058545864,0.13805854586409688
2018-06-21 20:32:45.135680,0.658,452.167,0.138058545864,0.138058545864,0.13805854586409688
2018-06-21 20:32:56.650078,0.626,423.667,0.138058545864,0.138058545864,0.13805854586409688
2018-06-21 20:33:08.188854,0.601,445.0,0.138058545864,0.138058545864,0.13805854586409688
2018-06-21 20:33:19.733995,0.581,449.0,0.138058545864,0.138058545864,0.13805854586409688
2018-06-21 20:33:31.282994,0.568,445.167,0.138058545864,0.138058545864,0.13805854586409688
2018-06-21 20:33:42.806607,0.24,386.5,0.138058545864,0.138058545864,0.13805854586409688
2018-06-21 20:33:54.322320,0.548,430.0,0.138058545864,0.138058545864,0.13805854586409688
2018-06-21 20:34:05.821153,0.548,438.667,0.138058545864,0.138058545864,0.13805854586409688
2018-06-21 20:34:17.292279,0.526,443.333,0.138058545864,0.138058545864,0.13805854586409688
2018-06-21 20:34:28.730606,0.53,443.5,0.138058545864,0.138058545864,0.13805854586409688
2018-06-21 20:34:40.253582,0.561,451.167,0.138058545864,0.138058545864,0.13805854586409688
2018-06-21 20:34:51.755100,0.589,456.167,0.138058545864,0.138058545864,0.13805854586409688
2018-06-21 20:35:03.285107,0.84,422.5,0.138058545864,0.138058545864,0.13805854586409688
2018-06-21 20:35:14.789348,0.632,468.667,0.138058545864,0.138058545864,0.13805854586409688
2018-06-21 20:35:26.224619,0.614,471.5,0.138058545864,0.138058545864,0.13805854586409688
2018-06-21 20:35:37.744479,0.727,459.833,0.138058545864,0.138058545864,0.13805854586409688
2018-06-21 20:35:49.222373,0.759,456.833,0.138058545864,0.138058545864,0.13805854586409688
2018-06-21 20:36:00.660611,0.734,456.5,0.138058545864,0.138058545864,0.13805854586409688
2018-06-21 20:36:12.093385,0.798,451.333,0.138058545864,0.138058545864,0.13805854586409688
2018-06-21 20:36:23.770555,1.078,537.5,0.138058545864,0.138058545864,0.13805854586409688
2018-06-21 20:36:35.306992,0.822,462.5,0.138058545864,0.138058545864,0.13805854586409688
2018-06-21 20:36:46.810225,0.788,453.0,0.138058545864,0.138058545864,0.13805854586409688
2018-06-21 20:36:58.371081,0.79,449.333,0.138058545864,0.138058545864,0.13805854586409688
2018-06-21 20:37:09.926877,0.481,353.167,0.138058545864,0.138058545864,0.13805854586409688
2018-06-21 20:37:21.449998,0.158,249.667,0.138058545864,0.138058545864,0.13805854586409688
2018-06-21 20:37:32.909666,0.107,220.0,0.138058545864,0.138058545864,0.13805854586409688
2018-06-21 20:37:44.461351,0.115,226.5,0.138058545864,0.138058545864,0.13805854586409688
2018-06-21 20:37:56.111192,0.115,224.667,0.138058545864,0.138058545864,0.13805854586409688
2018-06-21 20:38:07.714142,0.136,224.667,0.138058545864,0.138058545864,0.13805854586409688
2018-06-21 20:38:19.133877,0.137,231.833,0.138058545864,0.138058545864,0.13805854586409688
2018-06-21 20:38:30.606387,0.137,229.333,0.138058545864,0.138058545864,0.13805854586409688
2018-06-21 20:38:42.043052,0.135,229.667,0.138058545864,0.138058545864,0.13805854586409688
2018-06-21 20:38:53.538780,0.201,247.25,0.138058545864,0.138058545864,0.13805854586409688
2018-06-21 20:39:05.059413,0.137,228.333,0.138058545864,0.138058545864,0.13805854586409688
2018-06-21 20:39:16.501932,0.145,224.833,0.138058545864,0.138058545864,0.13805854586409688
2018-06-21 20:39:28.013639,0.146,228.333,0.138058545864,0.138058545864,0.13805854586409688
2018-06-21 20:39:39.507427,0.142,231.833,0.138058545864,0.138058545864,0.13805854586409688
2018-06-21 20:39:51.037407,0.115,235.167,0.138058545864,0.138058545864,0.13805854586409688
2018-06-21 20:40:02.481407,0.077,221.5,0.138058545864,0.138058545864,0.13805854586409688
2018-06-21 20:40:14.022048,0.102,220.75,0.138058545864,0.138058545864,0.13805854586409688
2018-06-21 20:40:25.542962,0.096,232.5,0.138058545864,0.138058545864,0.13805854586409688
2018-06-21 20:40:37.006717,0.097,236.167,0.138058545864,0.138058545864,0.13805854586409688
2018-06-21 20:40:48.567885,0.072,220.833,0.138058545864,0.138058545864,0.13805854586409688
2018-06-21 20:41:00.134995,0.072,232.0,0.138058545864,0.138058545864,0.13805854586409688
2018-06-21 20:41:11.667380,0.07,235.167,0.138058545864,0.138058545864,0.13805854586409688
2018-06-21 20:41:23.230282,0.101,231.0,0.138058545864,0.138058545864,0.13805854586409688
2018-06-21 20:41:34.674884,0.071,229.167,0.138058545864,0.138058545864,0.13805854586409688
2018-06-21 20:41:46.162480,0.072,232.833,0.138058545864,0.138058545864,0.13805854586409688
2018-06-21 20:41:57.652193,0.072,229.0,0.138058545864,0.138058545864,0.13805854586409688
2018-06-21 20:42:09.120775,0.074,228.167,0.138058545864,0.138058545864,0.13805854586409688
2018-06-21 20:42:20.650493,0.074,224.667,0.138058545864,0.138058545864,0.13805854586409688
2018-06-21 20:42:32.139191,0.074,229.833,0.138058545864,0.138058545864,0.13805854586409688
2018-06-21 20:42:43.673763,0.104,250.0,0.138058545864,0.138058545864,0.13805854586409688
2018-06-21 20:42:55.142489,0.071,228.167,0.138058545864,0.138058545864,0.13805854586409688
2018-06-21 20:43:06.660254,0.072,221.167,0.138058545864,0.138058545864,0.13805854586409688
2018-06-21 20:43:18.158054,0.073,221.167,0.138058545864,0.138058545864,0.13805854586409688
2018-06-21 20:43:29.605951,0.074,224.667,0.138058545864,0.138058545864,0.13805854586409688
2018-06-21 20:43:41.150129,0.073,228.833,0.138058545864,0.138058545864,0.13805854586409688
2018-06-21 20:43:52.639817,0.104,215.75,0.138058545864,0.138058545864,0.13805854586409688
2018-06-21 20:44:04.154623,0.091,228.333,0.138058545864,0.138058545864,0.13805854586409688
2018-06-21 20:44:15.710470,0.092,235.333,0.138058545864,0.138058545864,0.13805854586409688
2018-06-21 20:44:27.279779,0.283,271.667,0.138058545864,0.138058545864,0.13805854586409688
2018-06-21 20:44:38.820019,0.529,349.0,0.138058545864,0.138058545864,0.13805854586409688
2018-06-21 20:44:50.397489,0.761,395.167,0.138058545864,0.138058545864,0.13805854586409688
2018-06-21 20:45:01.911620,0.733,453.167,0.138058545864,0.138058545864,0.13805854586409688
2018-06-21 20:45:13.413935,0.74,521.0,0.138058545864,0.138058545864,0.13805854586409688
2018-06-21 20:45:25.045776,0.67,470.0,0.138058545864,0.138058545864,0.13805854586409688
2018-06-21 20:45:36.537187,0.69,458.833,0.138058545864,0.138058545864,0.13805854586409688
2018-06-21 20:45:47.986290,0.681,466.0,0.138058545864,0.138058545864,0.13805854586409688
2018-06-21 20:45:59.495233,0.661,434.5,0.138058545864,0.138058545864,0.13805854586409688
2018-06-21 20:46:10.985807,0.675,457.0,0.138058545864,0.138058545864,0.13805854586409688
2018-06-21 20:46:22.559641,0.859,455.5,0.138058545864,0.138058545864,0.13805854586409688
2018-06-21 20:46:34.188198,0.577,397.0,0.138058545864,0.138058545864,0.13805854586409688
2018-06-21 20:46:45.686253,0.712,460.333,0.138058545864,0.138058545864,0.13805854586409688
2018-06-21 20:46:57.170748,0.794,458.667,0.138058545864,0.138058545864,0.13805854586409688
2018-06-21 20:47:08.719115,0.777,453.167,0.138058545864,0.138058545864,0.13805854586409688
2018-06-21 20:47:20.222845,0.789,456.667,0.138058545864,0.138058545864,0.13805854586409688
2018-06-21 20:47:31.708217,0.826,462.5,0.138058545864,0.138058545864,0.13805854586409688
2018-06-21 20:47:43.235926,0.883,499.5,0.138058545864,0.138058545864,0.13805854586409688
2018-06-21 20:47:54.730939,0.808,465.667,0.138058545864,0.138058545864,0.13805854586409688
2018-06-21 20:48:06.329316,0.784,466.333,0.138058545864,0.138058545864,0.13805854586409688
2018-06-21 20:48:17.974905,0.784,463.333,0.138058545864,0.138058545864,0.13805854586409688
2018-06-21 20:48:29.641228,0.754,472.167,0.138058545864,0.138058545864,0.13805854586409688
2018-06-21 20:48:41.118854,0.785,471.333,0.138058545864,0.138058545864,0.13805854586409688
2018-06-21 20:48:52.535204,0.762,454.0,0.138058545864,0.138058545864,0.13805854586409688
2018-06-21 20:49:04.105473,0.785,458.833,0.138058545864,0.138058545864,0.13805854586409688
2018-06-21 20:49:15.596221,0.763,458.667,0.138058545864,0.138058545864,0.13805854586409688
2018-06-21 20:49:27.010570,0.742,455.0,0.138058545864,0.138058545864,0.13805854586409688
2018-06-21 20:49:38.511678,0.741,461.667,0.138058545864,0.138058545864,0.13805854586409688
2018-06-21 20:49:50.048829,0.763,455.167,0.138058545864,0.138058545864,0.13805854586409688
2018-06-21 20:50:01.497076,0.766,459.833,0.138058545864,0.138058545864,0.13805854586409688
2018-06-21 20:50:12.986052,0.835,441.25,0.138058545864,0.138058545864,0.13805854586409688
2018-06-21 20:50:24.518598,0.763,460.833,0.138058545864,0.138058545864,0.13805854586409688
2018-06-21 20:50:35.987107,0.769,461.0,0.138058545864,0.138058545864,0.13805854586409688
2018-06-21 20:50:47.508981,0.8,466.0,0.138058545864,0.138058545864,0.13805854586409688
2018-06-21 20:50:59.060712,0.806,453.333,0.138058545864,0.138058545864,0.13805854586409688
2018-06-21 20:51:10.510481,0.775,452.0,0.138058545864,0.138058545864,0.13805854586409688
2018-06-21 20:51:22.003709,0.792,447.667,0.138058545864,0.138058545864,0.13805854586409688
2018-06-21 20:51:33.483958,0.845,481.0,0.138058545864,0.138058545864,0.13805854586409688
2018-06-21 20:51:44.973359,0.75,447.5,0.138058545864,0.138058545864,0.13805854586409688
2018-06-21 20:51:56.495793,0.716,450.667,0.138058545864,0.138058545864,0.13805854586409688
2018-06-21 20:52:07.988032,0.731,450.667,0.138058545864,0.138058545864,0.13805854586409688
2018-06-21 20:52:19.491146,0.683,453.167,0.138058545864,0.138058545864,0.13805854586409688
2018-06-21 20:52:31.026104,0.492,387.667,0.138058545864,0.138058545864,0.13805854586409688
2018-06-21 20:52:42.567204,0.172,245.0,0.138058545864,0.138058545864,0.13805854586409688
2018-06-21 20:52:54.059748,0.144,224.833,0.138058545864,0.138058545864,0.13805854586409688
2018-06-21 20:53:05.589516,0.145,225.0,0.138058545864,0.138058545864,0.13805854586409688
2018-06-21 20:53:17.106163,0.145,229.5,0.138058545864,0.138058545864,0.13805854586409688
2018-06-21 20:53:28.674111,0.115,225.833,0.138058545864,0.138058545864,0.13805854586409688
2018-06-21 20:53:40.195658,0.115,228.333,0.138058545864,0.138058545864,0.13805854586409688
2018-06-21 20:53:51.731600,0.117,228.333,0.138058545864,0.138058545864,0.13805854586409688
2018-06-21 20:54:03.250350,0.129,239.0,0.138058545864,0.138058545864,0.13805854586409688
2018-06-21 20:54:14.823061,0.087,227.667,0.138058545864,0.138058545864,0.13805854586409688
2018-06-21 20:54:26.362695,0.072,221.0,0.138058545864,0.138058545864,0.13805854586409688
2018-06-21 20:54:37.858468,0.072,232.667,0.138058545864,0.138058545864,0.13805854586409688
2018-06-21 20:54:49.394941,0.071,229.333,0.138058545864,0.138058545864,0.13805854586409688
2018-06-21 20:55:00.941442,0.071,225.167,0.138058545864,0.138058545864,0.13805854586409688
2018-06-21 20:55:12.431759,0.007,226.25,0.138058545864,0.138058545864,0.13805854586409688
2018-06-21 20:55:24.005795,0.073,269.8,0.138058545864,0.138058545864,0.13805854586409688
2018-06-21 20:55:35.504999,0.073,224.0,0.138058545864,0.138058545864,0.13805854586409688
2018-06-21 20:55:46.993448,0.073,228.5,0.138058545864,0.138058545864,0.13805854586409688
2018-06-21 20:55:58.506985,0.074,228.333,0.138058545864,0.138058545864,0.13805854586409688
2018-06-21 20:56:09.994226,0.074,224.833,0.138058545864,0.138058545864,0.13805854586409688
2018-06-21 20:56:21.510624,0.075,228.167,0.138058545864,0.138058545864,0.13805854586409688
2018-06-21 20:56:32.997007,0.109,222.5,0.138058545864,0.138058545864,0.13805854586409688
2018-06-21 20:56:44.664116,0.072,227.667,0.138058545864,0.138058545864,0.13805854586409688
2018-06-21 20:56:56.152748,0.073,232.0,0.138058545864,0.138058545864,0.13805854586409688
2018-06-21 20:57:07.648900,0.082,228.333,0.138058545864,0.138058545864,0.13805854586409688
2018-06-21 20:57:19.150588,0.082,232.0,0.138058545864,0.138058545864,0.13805854586409688
2018-06-21 20:57:30.690907,0.082,230.167,0.138058545864,0.138058545864,0.13805854586409688
2018-06-21 20:57:42.187289,0.107,235.0,0.138058545864,0.138058545864,0.13805854586409688
2018-06-21 20:57:53.657504,0.108,229.667,0.138058545864,0.138058545864,0.13805854586409688
2018-06-21 20:58:05.198507,0.131,228.333,0.138058545864,0.138058545864,0.13805854586409688
2018-06-21 20:58:16.755415,0.132,228.333,0.138058545864,0.138058545864,0.13805854586409688
2018-06-21 20:58:28.252260,0.132,228.167,0.138058545864,0.138058545864,0.13805854586409688
2018-06-21 20:58:39.795475,0.142,225.5,0.138058545864,0.138058545864,0.13805854586409688
2018-06-21 20:58:51.460845,0.141,228.167,0.138058545864,0.138058545864,0.13805854586409688
2018-06-21 20:59:03.012161,0.109,219.0,0.138058545864,0.138058545864,0.13805854586409688
2018-06-21 20:59:14.615299,0.135,229.333,0.138058545864,0.138058545864,0.13805854586409688
2018-06-21 20:59:26.057022,0.135,231.667,0.138058545864,0.138058545864,0.13805854586409688
2018-06-21 20:59:37.582925,0.138,228.0,0.138058545864,0.138058545864,0.13805854586409688
2018-06-21 20:59:49.115779,0.135,225.5,0.138058545864,0.138058545864,0.13805854586409688
2018-06-21 21:00:00.586068,0.283,278.333,0.138058545864,0.138058545864,0.13805854586409688
2018-06-21 21:00:12.070070,0.396,359.0,0.138058545864,0.138058545864,0.13805854586409688
2018-06-21 21:00:23.574567,0.797,492.25,0.138058545864,0.138058545864,0.13805854586409688
2018-06-21 21:00:34.985060,0.737,455.833,0.138058545864,0.138058545864,0.13805854586409688
2018-06-21 21:00:46.486960,0.7,449.833,0.138058545864,0.138058545864,0.13805854586409688
2018-06-21 21:00:57.966808,0.724,442.833,0.138058545864,0.138058545864,0.13805854586409688
2018-06-21 21:01:09.474322,0.724,435.333,0.138058545864,0.138058545864,0.13805854586409688
2018-06-21 21:01:20.969849,0.716,420.667,0.138058545864,0.138058545864,0.13805854586409688
2018-06-21 21:01:32.486883,0.792,430.5,0.138058545864,0.138058545864,0.13805854586409688
2018-06-21 21:01:44.025649,0.617,448.25,0.138058545864,0.138058545864,0.13805854586409688
2018-06-21 21:01:55.514277,0.72,430.5,0.138058545864,0.138058545864,0.13805854586409688
2018-06-21 21:02:06.994163,0.708,434.167,0.138058545864,0.138058545864,0.13805854586409688
2018-06-21 21:02:18.547254,0.717,440.5,0.138058545864,0.138058545864,0.13805854586409688
2018-06-21 21:02:30.010858,0.698,443.333,0.138058545864,0.138058545864,0.13805854586409688
2018-06-21 21:02:41.510097,0.775,446.167,0.138058545864,0.138058545864,0.13805854586409688
2018-06-21 21:02:52.984672,0.887,469.25,0.138058545864,0.138058545864,0.13805854586409688
2018-06-21 21:03:04.417886,0.822,434.833,0.138058545864,0.138058545864,0.13805854586409688
2018-06-21 21:03:16.033863,0.825,434.667,0.138058545864,0.138058545864,0.13805854586409688
2018-06-21 21:03:27.592958,0.828,435.333,0.138058545864,0.138058545864,0.13805854586409688
2018-06-21 21:03:39.064008,0.83,423.167,0.138058545864,0.138058545864,0.13805854586409688
2018-06-21 21:03:50.598697,0.831,447.167,0.138058545864,0.138058545864,0.13805854586409688
2018-06-21 21:04:02.150063,0.824,445.333,0.138058545864,0.138058545864,0.13805854586409688
2018-06-21 21:04:13.642618,0.762,392.25,0.138058545864,0.138058545864,0.13805854586409688
2018-06-21 21:04:25.052459,0.867,432.0,0.138058545864,0.138058545864,0.13805854586409688
2018-06-21 21:04:36.511433,0.845,435.667,0.138058545864,0.138058545864,0.13805854586409688
2018-06-21 21:04:48.109437,0.844,440.833,0.138058545864,0.138058545864,0.13805854586409688
2018-06-21 21:04:59.537255,0.832,447.833,0.138058545864,0.138058545864,0.13805854586409688
2018-06-21 21:05:11.054302,0.821,450.833,0.138058545864,0.138058545864,0.13805854586409688
2018-06-21 21:05:22.548492,0.899,488.25,0.138058545864,0.138058545864,0.13805854586409688
2018-06-21 21:05:34.048639,0.743,438.25,0.138058545864,0.138058545864,0.13805854586409688
2018-06-21 21:05:45.511796,0.725,456.167,0.138058545864,0.138058545864,0.13805854586409688
2018-06-21 21:05:57.013892,0.714,434.5,0.138058545864,0.138058545864,0.13805854586409688
2018-06-21 21:06:08.559343,0.702,444.833,0.138058545864,0.138058545864,0.13805854586409688
2018-06-21 21:06:20.099430,0.616,394.333,0.138058545864,0.138058545864,0.13805854586409688
2018-06-21 21:06:31.565941,0.622,447.833,0.138058545864,0.138058545864,0.13805854586409688
2018-06-21 21:06:43.035816,0.774,499.0,0.138058545864,0.138058545864,0.13805854586409688
2018-06-21 21:06:54.577959,0.655,464.333,0.138058545864,0.138058545864,0.13805854586409688
2018-06-21 21:07:06.063168,0.652,452.333,0.138058545864,0.138058545864,0.13805854586409688
2018-06-21 21:07:17.545148,0.696,451.333,0.138058545864,0.138058545864,0.13805854586409688
2018-06-21 21:07:29.073045,0.695,448.833,0.138058545864,0.138058545864,0.13805854586409688
2018-06-21 21:07:40.680052,0.721,445.0,0.138058545864,0.138058545864,0.13805854586409688
2018-06-21 21:07:52.252496,0.739,442.167,0.138058545864,0.138058545864,0.13805854586409688
2018-06-21 21:08:03.806351,0.274,265.333,0.138058545864,0.138058545864,0.13805854586409688
2018-06-21 21:08:15.312997,0.072,232.667,0.138058545864,0.138058545864,0.13805854586409688
2018-06-21 21:08:26.841609,0.07,229.167,0.138058545864,0.138058545864,0.13805854586409688
2018-06-21 21:08:38.268091,0.07,229.167,0.138058545864,0.138058545864,0.13805854586409688
2018-06-21 21:08:49.877145,0.07,228.333,0.138058545864,0.138058545864,0.13805854586409688
2018-06-21 21:09:01.400932,0.074,228.5,0.138058545864,0.138058545864,0.13805854586409688
2018-06-21 21:09:13.125291,0.107,221.25,0.138058545864,0.138058545864,0.13805854586409688
2018-06-21 21:09:24.763638,0.07,232.333,0.138058545864,0.138058545864,0.13805854586409688
2018-06-21 21:09:36.340863,0.07,228.0,0.138058545864,0.138058545864,0.13805854586409688
2018-06-21 21:09:47.795545,0.07,224.667,0.138058545864,0.138058545864,0.13805854586409688
2018-06-21 21:09:59.237031,0.075,221.167,0.138058545864,0.138058545864,0.13805854586409688
2018-06-21 21:10:10.793123,0.075,224.667,0.138058545864,0.138058545864,0.13805854586409688
2018-06-21 21:10:22.371981,0.19,257.5,0.138058545864,0.138058545864,0.13805854586409688
2018-06-21 21:10:33.836672,0.976,580.75,0.138058545864,1.0,1.0
2018-06-21 21:10:45.302563,1.3,694.833,1.0,1.0,1.0
2018-06-21 21:10:56.805052,1.293,691.167,0.138058545864,0.138058545864,0.13805854586409688
2018-06-21 21:11:08.186373,1.259,660.5,0.138058545864,0.138058545864,0.13805854586409688
2018-06-21 21:11:19.715639,1.299,682.5,0.138058545864,0.138058545864,0.13805854586409688
2018-06-21 21:11:31.206291,1.215,645.167,0.138058545864,0.138058545864,0.13805854586409688
2018-06-21 21:11:42.655114,1.156,677.75,0.138058545864,0.138058545864,0.13805854586409688
2018-06-21 21:11:54.168877,1.235,667.167,0.138058545864,0.138058545864,0.13805854586409688
2018-06-21 21:12:05.696586,1.207,679.5,0.138058545864,0.138058545864,0.13805854586409688
2018-06-21 21:12:17.137147,1.207,685.833,0.138058545864,0.138058545864,0.13805854586409688
2018-06-21 21:12:28.558698,1.178,671.5,0.138058545864,0.138058545864,0.13805854586409688
2018-06-21 21:12:40.055279,1.122,676.0,0.138058545864,0.138058545864,0.13805854586409688
2018-06-21 21:12:51.449630,1.1,685.167,0.138058545864,0.138058545864,0.13805854586409688
2018-06-21 21:13:02.964028,1.308,685.75,0.138058545864,0.138058545864,0.13805854586409688
2018-06-21 21:13:14.473869,1.058,664.0,0.138058545864,0.138058545864,0.13805854586409688
2018-06-21 21:13:25.977973,0.679,532.667,0.138058545864,0.138058545864,0.13805854586409688
2018-06-21 21:13:37.526298,0.466,400.0,0.138058545864,0.138058545864,0.13805854586409688
2018-06-21 21:13:49.059330,0.134,222.5,0.138058545864,0.138058545864,0.13805854586409688
2018-06-21 21:14:00.530621,0.108,221.333,0.138058545864,0.138058545864,0.13805854586409688
2018-06-21 21:14:12.088534,0.109,224.833,0.138058545864,0.138058545864,0.13805854586409688
2018-06-21 21:14:23.728612,0.106,220.0,0.138058545864,0.138058545864,0.13805854586409688
2018-06-21 21:14:35.232444,0.082,224.667,0.138058545864,0.138058545864,0.13805854586409688
2018-06-21 21:14:46.746202,0.082,228.167,0.138058545864,0.138058545864,0.13805854586409688
2018-06-21 21:14:58.291667,0.074,215.0,0.138058545864,0.138058545864,0.13805854586409688
2018-06-21 21:15:09.790305,0.074,227.5,0.138058545864,0.138058545864,0.13805854586409688
2018-06-21 21:15:21.298623,0.076,224.0,0.138058545864,0.138058545864,0.13805854586409688
2018-06-21 21:15:32.864492,0.11,217.5,0.138058545864,0.138058545864,0.13805854586409688
2018-06-21 21:15:44.404800,0.41,338.333,0.138058545864,0.138058545864,0.13805854586409688
2018-06-21 21:15:55.901992,0.422,350.667,0.138058545864,0.138058545864,0.13805854586409688
2018-06-21 21:16:07.459887,0.662,446.333,0.138058545864,0.138058545864,0.13805854586409688
2018-06-21 21:16:18.961859,0.658,447.333,0.138058545864,0.138058545864,0.13805854586409688
2018-06-21 21:16:30.462481,0.646,434.167,0.138058545864,0.138058545864,0.13805854586409688
2018-06-21 21:16:41.900268,0.663,450.833,0.138058545864,0.138058545864,0.13805854586409688
2018-06-21 21:16:53.443555,1.036,558.0,0.138058545864,0.138058545864,0.13805854586409688
2018-06-21 21:17:04.942592,0.73,448.167,0.138058545864,0.138058545864,0.13805854586409688
2018-06-21 21:17:16.391881,0.67,458.667,0.138058545864,0.138058545864,0.13805854586409688
2018-06-21 21:17:27.895449,0.67,456.833,0.138058545864,0.138058545864,0.13805854586409688
2018-06-21 21:17:39.407762,0.694,458.333,0.138058545864,0.138058545864,0.13805854586409688
2018-06-21 21:17:50.917498,0.707,456.5,0.138058545864,0.138058545864,0.13805854586409688
2018-06-21 21:18:02.324817,0.707,458.333,0.138058545864,0.138058545864,0.13805854586409688
2018-06-21 21:18:13.806529,0.515,414.5,0.138058545864,0.138058545864,0.13805854586409688
2018-06-21 21:18:25.345460,0.661,460.667,0.138058545864,0.138058545864,0.13805854586409688
2018-06-21 21:18:36.898438,0.682,461.5,0.138058545864,0.138058545864,0.13805854586409688
2018-06-21 21:18:48.404696,0.669,443.0,0.138058545864,0.138058545864,0.13805854586409688
2018-06-21 21:18:59.908336,0.669,460.5,0.138058545864,0.138058545864,0.13805854586409688
2018-06-21 21:19:11.378486,0.672,453.167,0.138058545864,0.138058545864,0.13805854586409688
2018-06-21 21:19:22.926967,0.953,498.75,0.138058545864,0.138058545864,0.13805854586409688
2018-06-21 21:19:34.544457,0.683,445.0,0.138058545864,0.138058545864,0.13805854586409688
2018-06-21 21:19:46.062049,0.662,430.0,0.138058545864,0.138058545864,0.13805854586409688
2018-06-21 21:19:57.717680,0.683,445.167,0.138058545864,0.138058545864,0.13805854586409688
2018-06-21 21:20:09.317030,0.726,445.0,0.138058545864,0.138058545864,0.13805854586409688
2018-06-21 21:20:20.876866,0.684,437.5,0.138058545864,0.138058545864,0.13805854586409688
2018-06-21 21:20:32.427122,0.389,386.5,0.138058545864,0.138058545864,0.13805854586409688
2018-06-21 21:20:43.950673,0.757,490.75,0.138058545864,0.138058545864,0.13805854586409688
2018-06-21 21:20:55.534812,0.716,441.5,0.138058545864,0.138058545864,0.13805854586409688
2018-06-21 21:21:06.966851,0.687,444.333,0.138058545864,0.138058545864,0.13805854586409688
2018-06-21 21:21:18.385929,0.66,441.667,0.138058545864,0.138058545864,0.13805854586409688
2018-06-21 21:21:29.868964,0.7,446.167,0.138058545864,0.138058545864,0.13805854586409688
2018-06-21 21:21:41.386133,0.703,445.667,0.138058545864,0.138058545864,0.13805854586409688
2018-06-21 21:21:52.883431,0.804,440.0,0.138058545864,0.138058545864,0.13805854586409688
2018-06-21 21:22:04.361500,0.713,452.667,0.138058545864,0.138058545864,0.13805854586409688
2018-06-21 21:22:15.844870,0.638,430.0,0.138058545864,0.138058545864,0.13805854586409688
2018-06-21 21:22:27.385742,0.686,446.833,0.138058545864,0.138058545864,0.13805854586409688
2018-06-21 21:22:38.882168,0.651,449.0,0.138058545864,0.138058545864,0.13805854586409688
2018-06-21 21:22:50.406519,0.621,434.667,0.138058545864,0.138058545864,0.13805854586409688
2018-06-21 21:23:01.810267,0.631,443.833,0.138058545864,0.138058545864,0.13805854586409688
2018-06-21 21:23:13.306524,0.994,573.25,0.138058545864,0.138058545864,0.13805854586409688
2018-06-21 21:23:24.859217,0.718,456.167,0.138058545864,0.138058545864,0.13805854586409688
2018-06-21 21:23:36.382116,0.577,403.667,0.138058545864,0.138058545864,0.13805854586409688
2018-06-21 21:23:47.926756,0.577,403.833,0.138058545864,0.138058545864,0.13805854586409688
2018-06-21 21:23:59.450998,0.312,297.167,0.138058545864,0.138058545864,0.13805854586409688
2018-06-21 21:24:10.958198,0.084,235.167,0.138058545864,0.138058545864,0.13805854586409688
2018-06-21 21:24:22.507684,0.106,225.0,0.138058545864,0.138058545864,0.13805854586409688
2018-06-21 21:24:34.074326,0.063,222.5,0.138058545864,0.138058545864,0.13805854586409688
2018-06-21 21:24:45.680205,0.112,228.167,0.138058545864,0.138058545864,0.13805854586409688
2018-06-21 21:24:57.166242,0.139,227.5,0.138058545864,0.138058545864,0.13805854586409688
2018-06-21 21:25:08.719898,0.138,235.167,0.138058545864,0.138058545864,0.13805854586409688
2018-06-21 21:25:20.243549,0.139,235.167,0.138058545864,0.138058545864,0.13805854586409688
2018-06-21 21:25:31.766797,0.139,235.167,0.138058545864,0.138058545864,0.13805854586409688
2018-06-21 21:25:43.295664,0.204,242.5,0.138058545864,0.138058545864,0.13805854586409688
2018-06-21 21:25:54.826714,0.14,228.5,0.138058545864,0.138058545864,0.13805854586409688
2018-06-21 21:26:06.325521,0.14,231.167,0.138058545864,0.138058545864,0.13805854586409688
2018-06-21 21:26:17.813298,0.14,228.5,0.138058545864,0.138058545864,0.13805854586409688
2018-06-21 21:26:29.320218,0.139,228.333,0.138058545864,0.138058545864,0.13805854586409688
2018-06-21 21:26:40.872798,0.131,228.167,0.138058545864,0.138058545864,0.13805854586409688
2018-06-21 21:26:52.396053,0.095,225.75,0.138058545864,0.138058545864,0.13805854586409688
2018-06-21 21:27:04.008390,0.071,214.0,0.138058545864,0.138058545864,0.13805854586409688
2018-06-21 21:27:15.562636,0.07,226.0,0.138058545864,0.138058545864,0.13805854586409688
2018-06-21 21:27:27.105494,0.073,229.0,0.138058545864,0.138058545864,0.13805854586409688
2018-06-21 21:27:38.587926,0.073,235.667,0.138058545864,0.138058545864,0.13805854586409688
2018-06-21 21:27:50.075478,0.072,235.667,0.138058545864,0.138058545864,0.13805854586409688
2018-06-21 21:28:01.594613,0.071,232.833,0.138058545864,0.138058545864,0.13805854586409688
2018-06-21 21:28:13.129793,0.104,225.25,0.138058545864,0.138058545864,0.13805854586409688
2018-06-21 21:28:24.796108,0.074,228.167,0.138058545864,0.138058545864,0.13805854586409688
2018-06-21 21:28:36.299277,0.074,228.167,0.138058545864,0.138058545864,0.13805854586409688
2018-06-21 21:28:47.864154,0.074,224.667,0.138058545864,0.138058545864,0.13805854586409688
2018-06-21 21:28:59.447389,0.068,224.667,0.138058545864,0.138058545864,0.13805854586409688
2018-06-21 21:29:10.963631,0.068,224.833,0.138058545864,0.138058545864,0.13805854586409688
2018-06-21 21:29:22.472838,0.007,226.25,0.138058545864,0.138058545864,0.13805854586409688
2018-06-21 21:29:33.974245,0.105,244.0,0.138058545864,0.138058545864,0.13805854586409688
2018-06-21 21:29:45.451070,0.072,231.667,0.138058545864,0.138058545864,0.13805854586409688
2018-06-21 21:29:57.006800,0.074,228.167,0.138058545864,0.138058545864,0.13805854586409688
2018-06-21 21:30:08.517963,0.074,228.167,0.138058545864,0.138058545864,0.13805854586409688
2018-06-21 21:30:20.117659,0.1,224.833,0.138058545864,0.138058545864,0.13805854586409688
2018-06-21 21:30:31.728245,0.096,224.833,0.138058545864,0.138058545864,0.13805854586409688
2018-06-21 21:30:43.262205,0.101,225.0,0.138058545864,0.138058545864,0.13805854586409688
2018-06-21 21:30:54.856724,0.117,228.167,0.138058545864,0.138058545864,0.13805854586409688
2018-06-21 21:31:06.464882,0.299,264.0,0.138058545864,0.138058545864,0.13805854586409688
2018-06-21 21:31:17.924288,0.318,338.333,0.138058545864,0.138058545864,0.13805854586409688
2018-06-21 21:31:29.395082,0.61,449.667,0.138058545864,0.138058545864,0.13805854586409688
2018-06-21 21:31:40.922022,0.609,449.667,0.138058545864,0.138058545864,0.13805854586409688
2018-06-21 21:31:52.382031,0.376,389.5,0.138058545864,0.138058545864,0.13805854586409688
2018-06-21 21:32:03.969298,0.682,442.333,0.138058545864,0.138058545864,0.13805854586409688
2018-06-21 21:32:15.429274,0.644,442.833,0.138058545864,0.138058545864,0.13805854586409688
2018-06-21 21:32:26.914625,0.604,447.667,0.138058545864,0.138058545864,0.13805854586409688
2018-06-21 21:32:38.362819,0.615,450.333,0.138058545864,0.138058545864,0.13805854586409688
2018-06-21 21:32:49.865029,0.673,452.167,0.138058545864,0.138058545864,0.13805854586409688
2018-06-21 21:33:01.365163,0.685,447.0,0.138058545864,0.138058545864,0.13805854586409688
2018-06-21 21:33:12.881850,0.81,435.0,0.138058545864,0.138058545864,0.13805854586409688
2018-06-21 21:33:24.410558,0.761,456.167,0.138058545864,0.138058545864,0.13805854586409688
2018-06-21 21:33:35.903269,0.742,456.667,0.138058545864,0.138058545864,0.13805854586409688
2018-06-21 21:33:47.320391,0.838,451.667,0.138058545864,0.138058545864,0.13805854586409688
2018-06-21 21:33:58.880937,0.807,431.0,0.138058545864,0.138058545864,0.13805854586409688
2018-06-21 21:34:10.389654,0.792,441.333,0.138058545864,0.138058545864,0.13805854586409688
2018-06-21 21:34:21.890011,0.821,439.833,0.138058545864,0.138058545864,0.13805854586409688
2018-06-21 21:34:33.371124,1.073,482.25,0.138058545864,0.138058545864,0.13805854586409688
2018-06-21 21:34:44.993864,0.891,442.667,0.138058545864,0.138058545864,0.13805854586409688
2018-06-21 21:34:56.485813,0.915,448.5,0.138058545864,0.138058545864,0.13805854586409688
2018-06-21 21:35:07.963616,0.903,448.667,0.138058545864,0.138058545864,0.13805854586409688
2018-06-21 21:35:19.405697,0.862,448.5,0.138058545864,0.138058545864,0.13805854586409688
2018-06-21 21:35:30.943264,0.839,450.167,0.138058545864,0.138058545864,0.13805854586409688
2018-06-21 21:35:42.408309,0.783,425.25,0.138058545864,0.138058545864,0.13805854586409688
2018-06-21 21:35:53.902007,0.848,455.5,0.138058545864,0.138058545864,0.13805854586409688
2018-06-21 21:36:05.388357,0.833,459.5,0.138058545864,0.138058545864,0.13805854586409688
2018-06-21 21:36:16.929291,0.804,466.167,0.138058545864,0.138058545864,0.13805854586409688
2018-06-21 21:36:28.383304,0.724,433.167,0.138058545864,0.138058545864,0.13805854586409688
2018-06-21 21:36:39.873256,0.707,468.0,0.138058545864,0.138058545864,0.13805854586409688
2018-06-21 21:36:51.443080,0.761,463.167,0.138058545864,0.138058545864,0.13805854586409688
2018-06-21 21:37:03.042482,0.89,429.0,0.138058545864,0.138058545864,0.13805854586409688
2018-06-21 21:37:14.663722,0.605,444.833,0.138058545864,0.138058545864,0.13805854586409688
2018-06-21 21:37:26.139643,0.578,432.667,0.138058545864,0.138058545864,0.13805854586409688
2018-06-21 21:37:37.635087,0.579,445.667,0.138058545864,0.138058545864,0.13805854586409688
2018-06-21 21:37:49.183143,0.613,441.5,0.138058545864,0.138058545864,0.13805854586409688
2018-06-21 21:38:00.664566,0.622,440.333,0.138058545864,0.138058545864,0.13805854586409688
2018-06-21 21:38:12.113031,0.624,425.833,0.138058545864,0.138058545864,0.13805854586409688
2018-06-21 21:38:23.597012,0.677,392.4,0.138058545864,0.138058545864,0.13805854586409688
2018-06-21 21:38:35.110148,0.611,433.833,0.138058545864,0.138058545864,0.13805854586409688
2018-06-21 21:38:46.638726,0.594,433.333,0.138058545864,0.138058545864,0.13805854586409688
2018-06-21 21:38:58.264158,0.614,433.5,0.138058545864,0.138058545864,0.13805854586409688
2018-06-21 21:39:09.778991,0.612,371.167,0.138058545864,0.138058545864,0.13805854586409688
2018-06-21 21:39:21.326235,0.312,270.667,0.138058545864,0.138058545864,0.13805854586409688
2018-06-21 21:39:32.846995,0.103,228.0,0.138058545864,0.138058545864,0.13805854586409688
2018-06-21 21:39:44.395511,0.122,228.333,0.138058545864,0.138058545864,0.13805854586409688
2018-06-21 21:39:55.915270,0.122,224.167,0.138058545864,0.138058545864,0.13805854586409688
2018-06-21 21:40:07.477308,0.126,228.167,0.138058545864,0.138058545864,0.13805854586409688
2018-06-21 21:40:18.998559,0.1,228.333,0.138058545864,0.138058545864,0.13805854586409688
2018-06-21 21:40:30.528841,0.1,228.333,0.138058545864,0.138058545864,0.13805854586409688
2018-06-21 21:40:41.990062,0.098,231.333,0.138058545864,0.138058545864,0.13805854586409688
2018-06-21 21:40:53.585718,0.104,226.5,0.138058545864,0.138058545864,0.13805854586409688
2018-06-21 21:41:05.290200,0.073,228.333,0.138058545864,0.138058545864,0.13805854586409688
2018-06-21 21:41:16.826865,0.073,227.5,0.138058545864,0.138058545864,0.13805854586409688
2018-06-21 21:41:28.461112,0.074,227.5,0.138058545864,0.138058545864,0.13805854586409688
2018-06-21 21:41:40.057386,0.072,228.167,0.138058545864,0.138058545864,0.13805854586409688
2018-06-21 21:41:51.578513,0.072,228.333,0.138058545864,0.138058545864,0.13805854586409688
2018-06-21 21:42:03.011013,0.007,221.75,0.138058545864,0.138058545864,0.13805854586409688
2018-06-21 21:42:14.435107,0.07,231.667,0.138058545864,0.138058545864,0.13805854586409688
2018-06-21 21:42:25.884177,0.071,233.5,0.138058545864,0.138058545864,0.13805854586409688
2018-06-21 21:42:37.293080,0.071,230.333,0.138058545864,0.138058545864,0.13805854586409688
2018-06-21 21:42:48.709520,0.071,232.833,0.138058545864,0.138058545864,0.13805854586409688
2018-06-21 21:43:00.200031,0.071,227.5,0.138058545864,0.138058545864,0.13805854586409688
2018-06-21 21:43:11.689965,0.072,231.5,0.138058545864,0.138058545864,0.13805854586409688
2018-06-21 21:43:23.239698,0.104,226.0,0.138058545864,0.138058545864,0.13805854586409688
2018-06-21 21:43:34.712235,0.072,231.0,0.138058545864,0.138058545864,0.13805854586409688
2018-06-21 21:43:46.161647,0.073,227.5,0.138058545864,0.138058545864,0.13805854586409688
2018-06-21 21:43:57.683816,0.099,228.0,0.138058545864,0.138058545864,0.13805854586409688
2018-06-21 21:44:09.135251,0.1,224.667,0.138058545864,0.138058545864,0.13805854586409688
2018-06-21 21:44:20.661868,0.1,232.5,0.138058545864,0.138058545864,0.13805854586409688
2018-06-21 21:44:32.164581,0.125,228.5,0.138058545864,0.138058545864,0.13805854586409688
2018-06-21 21:44:43.720495,0.124,228.333,0.138058545864,0.138058545864,0.13805854586409688
2018-06-21 21:44:55.172586,0.138,229.167,0.138058545864,0.138058545864,0.13805854586409688
2018-06-21 21:45:06.623984,0.135,232.833,0.138058545864,0.138058545864,0.13805854586409688
2018-06-21 21:45:18.122448,0.135,228.5,0.138058545864,0.138058545864,0.13805854586409688
2018-06-21 21:45:29.686852,0.133,231.167,0.138058545864,0.138058545864,0.13805854586409688
2018-06-21 21:45:41.294025,0.135,228.167,0.138058545864,0.138058545864,0.13805854586409688
2018-06-21 21:45:52.787866,0.106,220.75,0.138058545864,0.138058545864,0.13805854586409688
2018-06-21 21:46:04.259287,0.138,227.5,0.138058545864,0.138058545864,0.13805854586409688
2018-06-21 21:46:15.729265,0.138,227.5,0.138058545864,0.138058545864,0.13805854586409688
2018-06-21 21:46:27.215416,0.144,231.333,0.138058545864,0.138058545864,0.13805854586409688
2018-06-21 21:46:38.765430,0.119,232.5,0.138058545864,0.138058545864,0.13805854586409688
2018-06-21 21:46:50.298702,0.118,235.0,0.138058545864,0.138058545864,0.13805854586409688
2018-06-21 21:47:01.802523,0.119,231.167,0.138058545864,0.138058545864,0.13805854586409688
2018-06-21 21:47:13.358984,0.14,247.5,0.138058545864,0.138058545864,0.13805854586409688
2018-06-21 21:47:24.972154,0.094,230.0,0.138058545864,0.138058545864,0.13805854586409688
2018-06-21 21:47:36.462176,0.073,215.167,0.138058545864,0.138058545864,0.13805854586409688
2018-06-21 21:47:47.961398,0.073,229.5,0.138058545864,0.138058545864,0.13805854586409688
2018-06-21 21:47:59.495934,0.074,228.333,0.138058545864,0.138058545864,0.13805854586409688
2018-06-21 21:48:10.966014,0.074,228.167,0.138058545864,0.138058545864,0.13805854586409688
2018-06-21 21:48:22.539089,0.007,225.0,0.138058545864,0.138058545864,0.13805854586409688
2018-06-21 21:48:34.071714,0.071,231.167,0.138058545864,0.138058545864,0.13805854586409688
2018-06-21 21:48:45.534235,0.07,231.833,0.138058545864,0.138058545864,0.13805854586409688
2018-06-21 21:48:57.026230,0.07,231.833,0.138058545864,0.138058545864,0.13805854586409688
2018-06-21 21:49:08.538975,0.07,231.833,0.138058545864,0.138058545864,0.13805854586409688
2018-06-21 21:49:20.090635,0.07,227.667,0.138058545864,0.138058545864,0.13805854586409688
2018-06-21 21:49:31.620386,0.074,221.333,0.138058545864,0.138058545864,0.13805854586409688
2018-06-21 21:49:43.172430,0.107,220.75,0.138058545864,0.138058545864,0.13805854586409688
2018-06-21 21:49:54.833531,0.075,230.833,0.138058545864,0.138058545864,0.13805854586409688
2018-06-21 21:50:06.374383,0.075,227.5,0.138058545864,0.138058545864,0.13805854586409688
2018-06-21 21:50:17.896364,0.075,225.0,0.138058545864,0.138058545864,0.13805854586409688
2018-06-21 21:50:29.426466,0.073,225.0,0.138058545864,0.138058545864,0.13805854586409688
2018-06-21 21:50:40.960192,0.072,224.833,0.138058545864,0.138058545864,0.13805854586409688
2018-06-21 21:50:52.477919,0.038,220.0,0.138058545864,0.138058545864,0.13805854586409688
2018-06-21 21:51:03.966331,0.094,228.5,0.138058545864,0.138058545864,0.13805854586409688
2018-06-21 21:51:15.479542,0.113,228.167,0.138058545864,0.138058545864,0.13805854586409688
2018-06-21 21:51:27.043365,0.107,228.333,0.138058545864,0.138058545864,0.13805854586409688
2018-06-21 21:51:38.542406,0.107,220.5,0.138058545864,0.138058545864,0.13805854586409688
2018-06-21 21:51:50.015829,0.135,224.833,0.138058545864,0.138058545864,0.13805854586409688
2018-06-21 21:52:01.500400,0.135,224.667,0.138058545864,0.138058545864,0.13805854586409688
2018-06-21 21:52:13.055384,0.098,219.75,0.138058545864,0.138058545864,0.13805854586409688
2018-06-21 21:52:24.727803,0.141,231.0,0.138058545864,0.138058545864,0.13805854586409688
2018-06-21 21:52:36.249139,0.14,231.667,0.138058545864,0.138058545864,0.13805854586409688
2018-06-21 21:52:47.788808,0.141,231.0,0.138058545864,0.138058545864,0.13805854586409688
2018-06-21 21:52:59.302368,0.142,224.667,0.138058545864,0.138058545864,0.13805854586409688
2018-06-21 21:53:10.854958,0.143,228.333,0.138058545864,0.138058545864,0.13805854586409688
2018-06-21 21:53:22.354119,0.106,231.5,0.138058545864,0.138058545864,0.13805854586409688
2018-06-21 21:53:33.930718,0.181,243.0,0.138058545864,0.138058545864,0.13805854586409688
2018-06-21 21:53:45.366373,0.123,231.333,0.138058545864,0.138058545864,0.13805854586409688
2018-06-21 21:53:56.893138,0.097,228.5,0.138058545864,0.138058545864,0.13805854586409688
2018-06-21 21:54:08.577955,0.098,224.833,0.138058545864,0.138058545864,0.13805854586409688
2018-06-21 21:54:20.111313,0.098,228.333,0.138058545864,0.138058545864,0.13805854586409688
2018-06-21 21:54:31.553763,0.074,214.0,0.138058545864,0.138058545864,0.13805854586409688
2018-06-21 21:54:43.032740,0.005,220.5,0.138058545864,0.138058545864,0.13805854586409688
2018-06-21 21:54:54.513581,0.074,231.667,0.138058545864,0.138058545864,0.13805854586409688
2018-06-21 21:55:05.985686,0.074,231.833,0.138058545864,0.138058545864,0.13805854586409688
2018-06-21 21:55:17.521249,0.07,228.167,0.138058545864,0.138058545864,0.13805854586409688
2018-06-21 21:55:28.999043,0.07,228.167,0.138058545864,0.138058545864,0.13805854586409688
2018-06-21 21:55:40.610502,0.07,224.833,0.138058545864,0.138058545864,0.13805854586409688
2018-06-21 21:55:52.100308,0.074,228.167,0.138058545864,0.138058545864,0.13805854586409688
2018-06-21 21:56:03.632346,0.107,222.25,0.138058545864,0.138058545864,0.13805854586409688
2018-06-21 21:56:15.184739,0.073,228.167,0.138058545864,0.138058545864,0.13805854586409688
2018-06-21 21:56:26.698985,0.073,228.167,0.138058545864,0.138058545864,0.13805854586409688
2018-06-21 21:56:38.249937,0.073,232.0,0.138058545864,0.138058545864,0.13805854586409688
2018-06-21 21:56:49.780612,0.072,231.833,0.138058545864,0.138058545864,0.13805854586409688
2018-06-21 21:57:01.226614,0.072,231.833,0.138058545864,0.138058545864,0.13805854586409688
2018-06-21 21:57:12.766277,0.021,219.75,0.138058545864,0.138058545864,0.13805854586409688
2018-06-21 21:57:24.270911,0.083,226.333,0.138058545864,0.138058545864,0.13805854586409688
2018-06-21 21:57:35.684272,0.104,230.0,0.138058545864,0.138058545864,0.13805854586409688
2018-06-21 21:57:47.195476,0.104,225.833,0.138058545864,0.138058545864,0.13805854586409688
2018-06-21 21:57:58.785938,0.103,227.667,0.138058545864,0.138058545864,0.13805854586409688
2018-06-21 21:58:10.357447,0.133,224.667,0.138058545864,0.138058545864,0.13805854586409688
2018-06-21 21:58:21.886359,0.129,228.5,0.138058545864,0.138058545864,0.13805854586409688
2018-06-21 21:58:33.366240,0.1,221.75,0.138058545864,0.138058545864,0.13805854586409688
2018-06-21 21:58:44.916934,0.14,227.5,0.138058545864,0.138058545864,0.13805854586409688
2018-06-21 21:58:56.499711,0.14,228.333,0.138058545864,0.138058545864,0.13805854586409688
2018-06-21 21:59:07.962873,0.137,229.167,0.138058545864,0.138058545864,0.13805854586409688
2018-06-21 21:59:19.432665,0.134,229.5,0.138058545864,0.138058545864,0.13805854586409688
2018-06-21 21:59:30.931844,0.134,228.667,0.138058545864,0.138058545864,0.13805854586409688
2018-06-21 21:59:42.406135,0.113,226.25,0.138058545864,0.138058545864,0.13805854586409688
2018-06-21 21:59:53.967372,0.207,194.0,0.138058545864,0.138058545864,0.13805854586409688
2018-06-21 22:00:05.479365,0.137,224.167,0.138058545864,0.138058545864,0.13805854586409688
2018-06-21 22:00:17.012373,0.112,224.167,0.138058545864,0.138058545864,0.13805854586409688
2018-06-21 22:00:28.539704,0.112,228.333,0.138058545864,0.138058545864,0.13805854586409688
2018-06-21 22:00:40.071459,0.11,231.833,0.138058545864,0.138058545864,0.13805854586409688
