2018-06-21 19:27:17.207983,0.25,1127.804,0.0301029996659,0.0301029996659,0.0301029996658834
2018-06-21 19:27:28.737379,0.25,1129.587,0.0301029996659,0.0301029996659,0.0301029996658834
2018-06-21 19:27:40.285838,0.209,1151.545,0.0301029996659,1.0,1.0
2018-06-21 19:27:51.783720,0.144,693.647,1.0,1.0,1.0
2018-06-21 19:28:03.317068,0.072,1068.083,1.0,0.0301029996659,1.0
2018-06-21 19:28:14.954441,0.027,1034.951,1.0,0.0301029996659,1.0
2018-06-21 19:28:26.596164,0.045,1028.943,0.0301029996659,0.0301029996659,0.0301029996658834
2018-06-21 19:28:38.149168,0.05,1039.58,0.0301029996659,0.0301029996659,0.0301029996658834
2018-06-21 19:28:49.652725,0.049,1039.94,0.0301029996659,0.0301029996659,0.0301029996658834
2018-06-21 19:29:01.203390,0.047,1010.586,0.0301029996659,0.0301029996659,0.0301029996658834
2018-06-21 19:29:12.743201,0.059,1036.087,0.0301029996659,0.0301029996659,0.0301029996658834
2018-06-21 19:29:24.184056,0.049,922.706,0.0301029996659,0.0301029996659,0.0301029996658834
2018-06-21 19:29:35.661299,0.026,981.97,0.0301029996659,0.0301029996659,0.0301029996658834
2018-06-21 19:29:47.124368,0.026,1035.803,0.0301029996659,0.0301029996659,0.0301029996658834
2018-06-21 19:29:58.769678,0.023,968.822,0.0301029996659,0.0301029996659,0.0301029996658834
2018-06-21 19:30:10.250965,0.023,1027.45,0.0301029996659,0.0301029996659,0.0301029996658834
2018-06-21 19:30:21.715836,0.025,1031.904,0.0301029996659,0.0301029996659,0.0301029996658834
2018-06-21 19:30:33.093911,0.06,1039.981,0.0301029996659,0.0301029996659,0.0301029996658834
2018-06-21 19:30:44.627604,0.064,1045.273,0.0301029996659,0.0301029996659,0.0301029996658834
2018-06-21 19:30:56.170971,0.05,1039.37,0.0301029996659,0.0301029996659,0.0301029996658834
2018-06-21 19:31:07.711986,0.047,1041.164,0.0301029996659,0.0301029996659,0.0301029996658834
2018-06-21 19:31:19.217044,0.048,1040.362,0.0301029996659,0.0301029996659,0.0301029996658834
2018-06-21 19:31:30.701612,0.022,996.969,0.0301029996659,0.0301029996659,0.0301029996658834
2018-06-21 19:31:42.129111,0.019,1028.745,0.0301029996659,0.0301029996659,0.0301029996658834
2018-06-21 19:31:53.613006,0.019,1044.041,0.0301029996659,0.0301029996659,0.0301029996658834
2018-06-21 19:32:05.189709,0.022,1034.606,0.0301029996659,0.0301029996659,0.0301029996658834
2018-06-21 19:32:16.732679,0.021,1041.564,0.0301029996659,0.0301029996659,0.0301029996658834
2018-06-21 19:32:28.270116,0.021,1051.462,0.0301029996659,0.0301029996659,0.0301029996658834
2018-06-21 19:32:39.813619,0.016,1050.277,0.0301029996659,0.0301029996659,0.0301029996658834
2018-06-21 19:32:51.350115,0.015,1060.265,0.0301029996659,0.0301029996659,0.0301029996658834
2018-06-21 19:33:02.877668,0.015,1045.847,0.0301029996659,0.0301029996659,0.0301029996658834
2018-06-21 19:33:14.410720,0.02,1247.286,0.0301029996659,1.0,1.0
2018-06-21 19:33:25.953482,0.02,1038.497,0.0301029996659,0.0301029996659,0.0301029996658834
2018-06-21 19:33:37.478328,0.017,1024.59,0.0301029996659,0.0301029996659,0.0301029996658834
2018-06-21 19:33:48.940345,0.017,1030.566,0.0301029996659,0.0301029996659,0.0301029996658834
2018-06-21 19:34:00.360669,0.017,1037.698,0.0301029996659,0.0301029996659,0.0301029996658834
2018-06-21 19:34:11.818926,0.016,1029.824,0.0301029996659,0.0301029996659,0.0301029996658834
2018-06-21 19:34:23.354639,0.023,1039.609,0.0301029996659,0.0301029996659,0.0301029996658834
2018-06-21 19:34:34.903285,0.028,1057.818,0.0301029996659,0.0301029996659,0.0301029996658834
2018-06-21 19:34:46.498650,0.066,1033.642,0.0301029996659,0.0301029996659,0.0301029996658834
2018-06-21 19:34:58.030008,0.07,1042.801,0.0301029996659,0.0301029996659,0.0301029996658834
2018-06-21 19:35:09.605949,0.071,1035.759,0.0301029996659,0.0301029996659,0.0301029996658834
2018-06-21 19:35:21.197442,0.026,1002.327,0.0301029996659,0.0301029996659,0.0301029996658834
2018-06-21 19:35:32.809615,0.026,1037.478,0.0301029996659,0.0301029996659,0.0301029996658834
2018-06-21 19:35:44.403470,0.025,634.461,0.0301029996659,1.0,1.0
2018-06-21 19:35:56.003733,0.025,455.721,0.0301029996659,1.0,1.0
2018-06-21 19:36:07.489840,0.021,455.059,0.0301029996659,0.0301029996659,0.0301029996658834
2018-06-21 19:36:19.048854,0.016,461.186,0.0301029996659,0.0301029996659,0.0301029996658834
2018-06-21 19:36:30.658785,0.013,420.448,0.0301029996659,0.0301029996659,0.0301029996658834
2018-06-21 19:36:42.209245,0.012,448.858,0.0301029996659,0.0301029996659,0.0301029996658834
2018-06-21 19:36:53.759591,0.013,448.734,0.0301029996659,0.0301029996659,0.0301029996658834
2018-06-21 19:37:05.351366,0.012,444.166,0.0301029996659,0.0301029996659,0.0301029996658834
2018-06-21 19:37:16.879059,0.012,448.622,0.0301029996659,0.0301029996659,0.0301029996658834
2018-06-21 19:37:28.432931,0.012,454.229,0.0301029996659,0.0301029996659,0.0301029996658834
2018-06-21 19:37:39.933859,0.012,460.787,0.0301029996659,0.0301029996659,0.0301029996658834
2018-06-21 19:37:51.443368,0.012,460.85,0.0301029996659,0.0301029996659,0.0301029996658834
2018-06-21 19:38:02.901213,0.012,455.041,0.0301029996659,0.0301029996659,0.0301029996658834
2018-06-21 19:38:14.592577,0.013,435.092,0.0301029996659,0.0301029996659,0.0301029996658834
2018-06-21 19:38:26.199722,0.015,454.98,0.0301029996659,0.0301029996659,0.0301029996658834
2018-06-21 19:38:37.806130,0.015,454.682,0.0301029996659,0.0301029996659,0.0301029996658834
2018-06-21 19:38:49.367962,0.016,448.516,0.0301029996659,0.0301029996659,0.0301029996658834
2018-06-21 19:39:00.904679,0.016,454.995,0.0301029996659,0.0301029996659,0.0301029996658834
2018-06-21 19:39:12.423181,0.017,461.43,0.0301029996659,0.0301029996659,0.0301029996658834
2018-06-21 19:39:24.031202,0.014,495.971,0.0301029996659,0.0301029996659,0.0301029996658834
2018-06-21 19:39:35.548569,0.016,454.982,0.0301029996659,0.0301029996659,0.0301029996658834
2018-06-21 19:39:47.110755,0.016,448.51,0.0301029996659,0.0301029996659,0.0301029996658834
2018-06-21 19:39:58.604142,0.011,454.769,0.0301029996659,0.0301029996659,0.0301029996658834
2018-06-21 19:40:10.109517,0.011,454.994,0.0301029996659,0.0301029996659,0.0301029996658834
2018-06-21 19:40:21.602729,0.014,461.148,0.0301029996659,0.0301029996659,0.0301029996658834
2018-06-21 19:40:33.073634,0.014,461.129,0.0301029996659,0.0301029996659,0.0301029996658834
2018-06-21 19:40:44.504284,0.011,435.016,0.0301029996659,0.0301029996659,0.0301029996658834
2018-06-21 19:40:55.975371,0.012,455.041,0.0301029996659,0.0301029996659,0.0301029996658834
2018-06-21 19:41:07.602450,0.014,455.271,0.0301029996659,0.0301029996659,0.0301029996658834
2018-06-21 19:41:19.098774,0.015,454.979,0.0301029996659,0.0301029996659,0.0301029996658834
2018-06-21 19:41:30.612699,0.015,454.974,0.0301029996659,0.0301029996659,0.0301029996658834
2018-06-21 19:41:42.122065,0.014,461.083,0.0301029996659,0.0301029996659,0.0301029996658834
2018-06-21 19:41:53.611383,0.014,461.575,0.0301029996659,0.0301029996659,0.0301029996658834
2018-06-21 19:42:05.212669,0.015,434.953,0.0301029996659,0.0301029996659,0.0301029996658834
2018-06-21 19:42:16.644964,0.023,454.704,0.0301029996659,0.0301029996659,0.0301029996658834
2018-06-21 19:42:28.137108,0.024,471.036,0.0301029996659,0.0301029996659,0.0301029996658834
2018-06-21 19:42:39.709780,0.024,464.786,0.0301029996659,0.0301029996659,0.0301029996658834
2018-06-21 19:42:51.364670,0.013,449.109,0.0301029996659,0.0301029996659,0.0301029996658834
2018-06-21 19:43:03.033839,0.014,458.807,0.0301029996659,0.0301029996659,0.0301029996658834
2018-06-21 19:43:14.572205,0.012,798.365,0.0301029996659,0.0301029996659,0.0301029996658834
2018-06-21 19:43:26.147120,0.012,1046.012,0.0301029996659,0.0301029996659,0.0301029996658834
2018-06-21 19:43:37.666404,0.012,1045.404,0.0301029996659,0.0301029996659,0.0301029996658834
2018-06-21 19:43:49.118106,0.013,1040.983,0.0301029996659,0.0301029996659,0.0301029996658834
2018-06-21 19:44:00.730541,0.012,1029.532,0.0301029996659,0.0301029996659,0.0301029996658834
2018-06-21 19:44:12.177504,0.015,1038.483,0.0301029996659,0.0301029996659,0.0301029996658834
2018-06-21 19:44:23.654279,0.015,1042.364,0.0301029996659,0.0301029996659,0.0301029996658834
2018-06-21 19:44:35.131724,0.014,710.325,0.0301029996659,0.0301029996659,0.0301029996658834
2018-06-21 19:44:46.581077,0.016,1062.23,0.0301029996659,0.0301029996659,0.0301029996658834
2018-06-21 19:44:58.102606,0.028,1062.606,0.0301029996659,0.0301029996659,0.0301029996658834
2018-06-21 19:45:09.600140,0.04,1052.41,0.0301029996659,0.0301029996659,0.0301029996658834
2018-06-21 19:45:21.113617,0.045,1045.648,0.0301029996659,0.0301029996659,0.0301029996658834
2018-06-21 19:45:32.748813,0.033,1032.033,0.0301029996659,0.0301029996659,0.0301029996658834
2018-06-21 19:45:44.248459,0.049,1251.365,0.0301029996659,0.0301029996659,0.0301029996658834
2018-06-21 19:45:55.794736,0.115,1025.847,0.0301029996659,0.0301029996659,0.0301029996658834
2018-06-21 19:46:07.270452,0.095,866.517,0.0301029996659,0.0301029996659,0.0301029996658834
2018-06-21 19:46:18.966937,0.018,1009.508,0.0301029996659,0.0301029996659,0.0301029996658834
2018-06-21 19:46:30.527657,0.018,1004.495,0.0301029996659,0.0301029996659,0.0301029996658834
2018-06-21 19:46:42.090054,0.012,931.434,0.0301029996659,0.0301029996659,0.0301029996658834
2018-06-21 19:46:53.499224,0.014,999.638,0.0301029996659,0.0301029996659,0.0301029996658834
2018-06-21 19:47:05.076522,0.025,1196.436,0.0301029996659,0.0301029996659,0.0301029996658834
2018-06-21 19:47:16.489944,0.016,1003.74,0.0301029996659,0.0301029996659,0.0301029996658834
2018-06-21 19:47:27.997653,0.012,1046.687,0.0301029996659,0.0301029996659,0.0301029996658834
2018-06-21 19:47:39.525760,0.012,1047.035,0.0301029996659,0.0301029996659,0.0301029996658834
2018-06-21 19:47:50.989429,0.012,1055.623,0.0301029996659,0.0301029996659,0.0301029996658834
2018-06-21 19:48:02.401849,0.026,1029.786,0.138058545864,0.138058545864,0.13805854586409688
2018-06-21 19:48:13.890947,0.03,1030.743,0.138058545864,0.138058545864,0.13805854586409688
2018-06-21 19:48:25.431241,0.017,1039.809,0.138058545864,0.138058545864,0.13805854586409688
2018-06-21 19:48:36.887659,0.093,1038.959,0.138058545864,0.138058545864,0.13805854586409688
2018-06-21 19:48:48.414927,0.095,1032.943,0.138058545864,0.138058545864,0.13805854586409688
2018-06-21 19:48:59.993866,0.094,1018.392,0.138058545864,0.138058545864,0.13805854586409688
2018-06-21 19:49:11.468457,0.019,1023.722,0.138058545864,0.138058545864,0.13805854586409688
2018-06-21 19:49:22.975333,0.016,1007.849,0.138058545864,0.138058545864,0.13805854586409688
2018-06-21 19:49:34.466705,0.015,1191.482,0.138058545864,0.138058545864,0.13805854586409688
2018-06-21 19:49:45.977628,0.016,1010.708,0.138058545864,0.138058545864,0.13805854586409688
2018-06-21 19:49:57.388456,0.015,1031.568,0.138058545864,0.138058545864,0.13805854586409688
2018-06-21 19:50:08.832251,0.017,1025.07,0.138058545864,0.138058545864,0.13805854586409688
2018-06-21 19:50:20.357959,0.014,1028.059,0.138058545864,0.138058545864,0.13805854586409688
2018-06-21 19:50:31.902002,0.025,1029.023,0.138058545864,0.138058545864,0.13805854586409688
2018-06-21 19:50:43.521813,0.023,1041.252,0.138058545864,0.138058545864,0.13805854586409688
2018-06-21 19:50:55.085677,0.09,808.896,0.138058545864,0.138058545864,0.13805854586409688
2018-06-21 19:51:06.679438,0.091,740.759,0.138058545864,0.138058545864,0.13805854586409688
2018-06-21 19:51:18.133828,0.09,517.701,0.138058545864,0.138058545864,0.13805854586409688
2018-06-21 19:51:29.669075,0.013,455.199,0.138058545864,0.138058545864,0.13805854586409688
2018-06-21 19:51:41.183992,0.013,454.903,0.138058545864,0.138058545864,0.13805854586409688
2018-06-21 19:51:52.639084,0.016,455.027,0.138058545864,0.138058545864,0.13805854586409688
2018-06-21 19:52:04.093180,0.016,476.706,0.138058545864,0.138058545864,0.13805854586409688
2018-06-21 19:52:15.626634,0.012,434.532,0.138058545864,0.138058545864,0.13805854586409688
2018-06-21 19:52:27.239028,0.01,458.975,0.138058545864,0.138058545864,0.13805854586409688
2018-06-21 19:52:38.803740,0.017,458.633,0.138058545864,0.138058545864,0.13805854586409688
2018-06-21 19:52:50.412627,0.017,458.197,0.138058545864,0.138058545864,0.13805854586409688
2018-06-21 19:53:01.996433,0.018,454.829,0.138058545864,0.138058545864,0.13805854586409688
2018-06-21 19:53:13.521429,0.01,455.106,0.138058545864,0.138058545864,0.13805854586409688
2018-06-21 19:53:25.046731,0.012,552.967,0.138058545864,0.138058545864,0.13805854586409688
2018-06-21 19:53:36.596893,0.012,461.058,0.138058545864,0.138058545864,0.13805854586409688
2018-06-21 19:53:48.202878,0.013,455.038,0.138058545864,0.138058545864,0.13805854586409688
2018-06-21 19:53:59.724121,0.026,442.743,0.138058545864,0.138058545864,0.13805854586409688
2018-06-21 19:54:11.222164,0.026,442.678,0.138058545864,0.138058545864,0.13805854586409688
2018-06-21 19:54:22.733893,0.024,448.914,0.138058545864,0.138058545864,0.13805854586409688
2018-06-21 19:54:34.229829,0.016,495.602,0.138058545864,0.138058545864,0.13805854586409688
2018-06-21 19:54:45.720623,0.017,443.632,0.138058545864,0.138058545864,0.13805854586409688
2018-06-21 19:54:57.336166,0.015,454.983,0.138058545864,0.138058545864,0.13805854586409688
2018-06-21 19:55:08.884316,0.02,455.063,0.138058545864,0.138058545864,0.13805854586409688
2018-06-21 19:55:20.412269,0.02,454.857,0.138058545864,0.138058545864,0.13805854586409688
2018-06-21 19:55:32.016634,0.02,448.817,0.138058545864,0.138058545864,0.13805854586409688
2018-06-21 19:55:43.611328,0.013,448.928,0.138058545864,0.138058545864,0.13805854586409688
2018-06-21 19:55:55.212777,0.012,424.567,0.138058545864,0.138058545864,0.13805854586409688
2018-06-21 19:56:06.731814,0.012,458.581,0.138058545864,0.138058545864,0.13805854586409688
2018-06-21 19:56:18.176967,0.011,454.799,0.138058545864,0.138058545864,0.13805854586409688
2018-06-21 19:56:29.659279,0.01,454.987,0.138058545864,0.138058545864,0.13805854586409688
2018-06-21 19:56:41.169652,0.01,461.542,0.138058545864,0.138058545864,0.13805854586409688
2018-06-21 19:56:52.598878,0.01,467.518,0.138058545864,0.138058545864,0.13805854586409688
2018-06-21 19:57:04.069476,0.011,443.95,0.138058545864,0.138058545864,0.13805854586409688
2018-06-21 19:57:15.676657,0.009,448.958,0.138058545864,0.138058545864,0.13805854586409688
2018-06-21 19:57:27.181885,0.012,452.198,0.138058545864,0.138058545864,0.13805854586409688
2018-06-21 19:57:38.654740,0.012,465.13,0.138058545864,0.138058545864,0.13805854586409688
2018-06-21 19:57:50.079337,0.014,464.622,0.138058545864,0.138058545864,0.13805854586409688
2018-06-21 19:58:01.584012,0.011,461.213,0.138058545864,0.138058545864,0.13805854586409688
2018-06-21 19:58:13.189042,0.011,467.25,0.138058545864,0.138058545864,0.13805854586409688
2018-06-21 19:58:24.708562,0.01,485.887,0.138058545864,0.138058545864,0.13805854586409688
2018-06-21 19:58:36.218402,0.014,810.238,0.138058545864,0.138058545864,0.13805854586409688
2018-06-21 19:58:47.700943,0.015,1049.814,0.138058545864,0.138058545864,0.13805854586409688
2018-06-21 19:58:59.258633,0.018,1035.078,0.138058545864,0.138058545864,0.13805854586409688
2018-06-21 19:59:10.717414,0.022,1032.154,0.138058545864,0.138058545864,0.13805854586409688
2018-06-21 19:59:22.190438,0.021,1028.074,0.138058545864,0.138058545864,0.13805854586409688
2018-06-21 19:59:33.739319,0.026,1033.626,0.138058545864,0.138058545864,0.13805854586409688
2018-06-21 19:59:45.174941,0.022,1020.061,0.138058545864,0.138058545864,0.13805854586409688
2018-06-21 19:59:56.699429,0.029,1019.303,0.138058545864,0.138058545864,0.13805854586409688
2018-06-21 20:00:08.223426,0.027,998.007,0.138058545864,0.138058545864,0.13805854586409688
2018-06-21 20:00:19.733317,0.025,1023.471,0.138058545864,0.138058545864,0.13805854586409688
2018-06-21 20:00:31.211769,0.014,872.167,0.138058545864,0.138058545864,0.13805854586409688
2018-06-21 20:00:42.651861,0.016,1008.333,0.138058545864,0.138058545864,0.13805854586409688
2018-06-21 20:00:54.101568,0.018,1108.5,0.138058545864,0.138058545864,0.13805854586409688
2018-06-21 20:01:05.566306,0.015,1007.667,0.138058545864,0.138058545864,0.13805854586409688
2018-06-21 20:01:17.069529,0.016,1017.333,0.138058545864,0.138058545864,0.13805854586409688
2018-06-21 20:01:28.663764,0.014,1003.833,0.138058545864,0.138058545864,0.13805854586409688
2018-06-21 20:01:40.191309,0.014,1031.167,0.138058545864,0.138058545864,0.13805854586409688
2018-06-21 20:01:51.711611,0.013,1038.833,0.138058545864,0.138058545864,0.13805854586409688
2018-06-21 20:02:03.224527,0.013,1026.167,0.138058545864,0.138058545864,0.13805854586409688
2018-06-21 20:02:14.763432,0.019,884.5,0.138058545864,0.138058545864,0.13805854586409688
2018-06-21 20:02:26.186922,0.021,1037.667,0.138058545864,0.138058545864,0.13805854586409688
2018-06-21 20:02:37.685237,0.015,1033.5,0.138058545864,0.138058545864,0.13805854586409688
2018-06-21 20:02:49.257686,0.013,1006.5,0.138058545864,0.138058545864,0.13805854586409688
2018-06-21 20:03:00.718277,0.013,1030.167,0.138058545864,0.138058545864,0.13805854586409688
2018-06-21 20:03:12.119700,0.014,1034.167,0.138058545864,0.138058545864,0.13805854586409688
2018-06-21 20:03:23.687717,0.014,1036.333,0.138058545864,0.138058545864,0.13805854586409688
2018-06-21 20:03:35.258911,0.016,1045.167,0.138058545864,0.138058545864,0.13805854586409688
2018-06-21 20:03:46.760302,0.016,1044.0,0.138058545864,0.138058545864,0.13805854586409688
2018-06-21 20:03:58.176183,0.011,1013.333,0.138058545864,0.138058545864,0.13805854586409688
2018-06-21 20:04:09.636364,0.011,1040.833,0.138058545864,0.138058545864,0.13805854586409688
2018-06-21 20:04:21.183407,0.012,1044.167,0.138058545864,0.138058545864,0.13805854586409688
2018-06-21 20:04:32.645129,0.011,1037.5,0.138058545864,0.138058545864,0.13805854586409688
2018-06-21 20:04:44.265456,0.019,912.25,0.138058545864,0.138058545864,0.13805854586409688
2018-06-21 20:04:55.761539,0.019,1038.833,0.138058545864,0.138058545864,0.13805854586409688
2018-06-21 20:05:07.265888,0.016,1046.833,0.138058545864,0.138058545864,0.13805854586409688
2018-06-21 20:05:18.798408,0.018,1047.0,0.138058545864,0.138058545864,0.13805854586409688
2018-06-21 20:05:30.244934,0.02,1042.667,0.138058545864,0.138058545864,0.13805854586409688
2018-06-21 20:05:41.743335,0.017,1034.833,0.138058545864,0.138058545864,0.13805854586409688
2018-06-21 20:05:53.364041,0.019,1032.167,0.138058545864,0.138058545864,0.13805854586409688
2018-06-21 20:06:04.888213,0.046,967.0,0.138058545864,0.138058545864,0.13805854586409688
2018-06-21 20:06:16.449946,0.031,844.333,0.138058545864,0.138058545864,0.13805854586409688
2018-06-21 20:06:27.927711,0.013,781.5,0.138058545864,0.138058545864,0.13805854586409688
2018-06-21 20:06:39.484245,0.012,546.0,0.138058545864,0.138058545864,0.13805854586409688
2018-06-21 20:06:51.114403,0.011,448.333,0.138058545864,0.138058545864,0.13805854586409688
2018-06-21 20:07:02.666331,0.011,454.667,0.138058545864,0.138058545864,0.13805854586409688
2018-06-21 20:07:14.237718,0.01,504.75,0.138058545864,0.138058545864,0.13805854586409688
2018-06-21 20:07:25.720227,0.011,470.667,0.138058545864,0.138058545864,0.13805854586409688
2018-06-21 20:07:37.142913,0.01,458.333,0.138058545864,0.138058545864,0.13805854586409688
2018-06-21 20:07:48.668125,0.011,452.0,0.138058545864,0.138058545864,0.13805854586409688
2018-06-21 20:08:00.237685,0.011,442.0,0.138058545864,0.138058545864,0.13805854586409688
2018-06-21 20:08:11.677571,0.016,448.333,0.138058545864,0.138058545864,0.13805854586409688
2018-06-21 20:08:23.177042,0.016,454.5,0.138058545864,0.138058545864,0.13805854586409688
2018-06-21 20:08:34.807146,0.012,434.75,0.138058545864,0.138058545864,0.13805854586409688
2018-06-21 20:08:46.357211,0.015,448.5,0.138058545864,0.138058545864,0.13805854586409688
2018-06-21 20:08:57.887780,0.019,454.333,0.138058545864,0.138058545864,0.13805854586409688
2018-06-21 20:09:09.404252,0.019,460.833,0.138058545864,0.138058545864,0.13805854586409688
2018-06-21 20:09:20.874250,0.018,454.667,0.138058545864,0.138058545864,0.13805854586409688
2018-06-21 20:09:32.404706,0.014,454.833,0.138058545864,0.138058545864,0.13805854586409688
2018-06-21 20:09:43.917262,0.009,414.333,0.138058545864,0.138058545864,0.13805854586409688
2018-06-21 20:09:55.439997,0.012,455.167,0.138058545864,0.138058545864,0.13805854586409688
2018-06-21 20:10:06.974798,0.014,461.0,0.138058545864,0.138058545864,0.13805854586409688
2018-06-21 20:10:18.413571,0.013,461.333,0.138058545864,0.138058545864,0.13805854586409688
2018-06-21 20:10:29.870786,0.011,454.667,0.138058545864,0.138058545864,0.13805854586409688
2018-06-21 20:10:41.387952,0.011,455.0,0.138058545864,0.138058545864,0.13805854586409688
2018-06-21 20:10:52.910323,0.012,448.167,0.138058545864,0.138058545864,0.13805854586409688
2018-06-21 20:11:04.423093,0.014,485.5,0.138058545864,0.138058545864,0.13805854586409688
2018-06-21 20:11:15.920630,0.011,461.0,0.138058545864,0.138058545864,0.13805854586409688
2018-06-21 20:11:27.374851,0.01,454.833,0.138058545864,0.138058545864,0.13805854586409688
2018-06-21 20:11:38.919949,0.01,455.0,0.138058545864,0.138058545864,0.13805854586409688
2018-06-21 20:11:50.476914,0.02,448.5,0.138058545864,0.138058545864,0.13805854586409688
2018-06-21 20:12:02.011067,0.021,448.667,0.138058545864,0.138058545864,0.13805854586409688
2018-06-21 20:12:13.600952,0.021,448.0,0.138058545864,0.138058545864,0.13805854586409688
2018-06-21 20:12:25.170549,0.012,542.2,0.138058545864,0.138058545864,0.13805854586409688
2018-06-21 20:12:36.679415,0.011,452.333,0.138058545864,0.138058545864,0.13805854586409688
2018-06-21 20:12:48.269316,0.011,458.333,0.138058545864,0.138058545864,0.13805854586409688
2018-06-21 20:12:59.765822,0.011,461.167,0.138058545864,0.138058545864,0.13805854586409688
2018-06-21 20:13:11.247429,0.013,461.167,0.138058545864,0.138058545864,0.13805854586409688
2018-06-21 20:13:22.794921,0.012,460.833,0.138058545864,0.138058545864,0.13805854586409688
2018-06-21 20:13:34.338136,0.01,495.5,0.138058545864,0.138058545864,0.13805854586409688
2018-06-21 20:13:45.970396,0.019,745.667,0.138058545864,0.138058545864,0.13805854586409688
2018-06-21 20:13:57.504455,0.024,807.833,0.138058545864,0.138058545864,0.13805854586409688
2018-06-21 20:14:09.048755,0.024,1024.5,0.138058545864,0.138058545864,0.13805854586409688
2018-06-21 20:14:20.657563,0.022,1019.833,0.138058545864,0.138058545864,0.13805854586409688
2018-06-21 20:14:32.250049,0.019,951.667,0.138058545864,0.138058545864,0.13805854586409688
2018-06-21 20:14:43.815016,0.021,1019.333,0.138058545864,0.138058545864,0.13805854586409688
2018-06-21 20:14:55.256836,0.051,1034.333,0.138058545864,0.138058545864,0.13805854586409688
2018-06-21 20:15:06.768428,0.05,1034.333,0.138058545864,0.138058545864,0.13805854586409688
2018-06-21 20:15:18.177991,0.047,988.833,0.138058545864,0.138058545864,0.13805854586409688
2018-06-21 20:15:29.643008,0.014,1028.5,0.138058545864,0.138058545864,0.13805854586409688
2018-06-21 20:15:41.171805,0.014,1035.5,0.138058545864,0.138058545864,0.13805854586409688
2018-06-21 20:15:52.670663,0.013,1034.0,0.138058545864,0.138058545864,0.13805854586409688
2018-06-21 20:16:04.157281,0.012,867.75,0.138058545864,0.138058545864,0.13805854586409688
2018-06-21 20:16:15.612136,0.01,1026.833,0.138058545864,0.138058545864,0.13805854586409688
2018-06-21 20:16:27.167248,0.01,1032.333,0.138058545864,0.138058545864,0.13805854586409688
2018-06-21 20:16:38.880276,0.01,1032.167,0.138058545864,0.138058545864,0.13805854586409688
2018-06-21 20:16:50.496454,0.01,1039.5,0.138058545864,0.138058545864,0.13805854586409688
2018-06-21 20:17:02.087482,0.011,1022.667,0.138058545864,0.138058545864,0.13805854586409688
2018-06-21 20:17:13.539606,0.012,1027.667,0.138058545864,0.138058545864,0.13805854586409688
2018-06-21 20:17:25.099736,0.014,1037.0,0.138058545864,0.138058545864,0.13805854586409688
2018-06-21 20:17:36.592092,0.015,1032.5,0.138058545864,0.138058545864,0.13805854586409688
2018-06-21 20:17:48.042164,0.034,1030.5,0.138058545864,0.138058545864,0.13805854586409688
2018-06-21 20:17:59.552792,0.033,1026.333,0.138058545864,0.138058545864,0.13805854586409688
2018-06-21 20:18:10.994157,0.032,1020.333,0.138058545864,0.138058545864,0.13805854586409688
2018-06-21 20:18:22.439808,0.017,1018.0,0.138058545864,0.138058545864,0.13805854586409688
2018-06-21 20:18:33.884241,0.017,1012.667,0.138058545864,0.138058545864,0.13805854586409688
2018-06-21 20:18:45.375945,0.015,996.0,0.138058545864,0.138058545864,0.13805854586409688
2018-06-21 20:18:56.838897,0.015,1024.167,0.138058545864,0.138058545864,0.13805854586409688
2018-06-21 20:19:08.345689,0.015,1037.0,0.138058545864,0.138058545864,0.13805854586409688
2018-06-21 20:19:19.812482,0.016,983.167,0.138058545864,0.138058545864,0.13805854586409688
2018-06-21 20:19:31.295099,0.015,1028.0,0.138058545864,0.138058545864,0.13805854586409688
2018-06-21 20:19:42.736192,0.015,1023.167,0.138058545864,0.138058545864,0.13805854586409688
2018-06-21 20:19:54.256065,0.016,1069.0,0.138058545864,0.138058545864,0.13805854586409688
2018-06-21 20:20:05.757022,0.024,1042.167,0.138058545864,0.138058545864,0.13805854586409688
2018-06-21 20:20:17.189078,0.07,1007.0,0.138058545864,0.138058545864,0.13805854586409688
2018-06-21 20:20:28.627881,0.071,1046.833,0.138058545864,0.138058545864,0.13805854586409688
2018-06-21 20:20:40.149912,0.068,1034.333,0.138058545864,0.138058545864,0.13805854586409688
2018-06-21 20:20:51.721423,0.042,1035.5,0.138058545864,0.138058545864,0.13805854586409688
2018-06-21 20:21:03.164838,0.042,1021.167,0.138058545864,0.138058545864,0.13805854586409688
2018-06-21 20:21:14.735724,0.017,948.833,0.138058545864,0.138058545864,0.13805854586409688
2018-06-21 20:21:26.250703,0.017,1011.0,0.138058545864,0.138058545864,0.13805854586409688
2018-06-21 20:21:37.835061,0.01,929.0,0.138058545864,0.138058545864,0.13805854586409688
2018-06-21 20:21:49.358033,0.014,916.0,0.138058545864,0.138058545864,0.13805854586409688
2018-06-21 20:22:00.837901,0.015,638.0,0.138058545864,0.138058545864,0.13805854586409688
2018-06-21 20:22:12.337081,0.015,455.167,0.138058545864,0.138058545864,0.13805854586409688
2018-06-21 20:22:23.811433,0.013,448.333,0.138058545864,0.138058545864,0.13805854586409688
2018-06-21 20:22:35.352117,0.012,451.5,0.138058545864,0.138058545864,0.13805854586409688
2018-06-21 20:22:46.886118,0.013,463.333,0.138058545864,0.138058545864,0.13805854586409688
2018-06-21 20:22:58.402528,0.012,454.667,0.138058545864,0.138058545864,0.13805854586409688
2018-06-21 20:23:09.915364,0.013,461.667,0.138058545864,0.138058545864,0.13805854586409688
2018-06-21 20:23:21.443249,0.01,415.667,0.138058545864,0.138058545864,0.13805854586409688
2018-06-21 20:23:32.964523,0.01,448.667,0.138058545864,0.138058545864,0.13805854586409688
2018-06-21 20:23:44.436951,0.01,486.25,0.138058545864,0.138058545864,0.13805854586409688
2018-06-21 20:23:55.892745,0.011,460.833,0.138058545864,0.138058545864,0.13805854586409688
2018-06-21 20:24:07.383251,0.01,454.5,0.138058545864,0.138058545864,0.13805854586409688
2018-06-21 20:24:18.938630,0.01,454.333,0.138058545864,0.138058545864,0.13805854586409688
2018-06-21 20:24:30.426600,0.01,449.0,0.138058545864,0.138058545864,0.13805854586409688
2018-06-21 20:24:41.884317,0.01,448.5,0.138058545864,0.138058545864,0.13805854586409688
2018-06-21 20:24:53.417055,0.011,454.833,0.138058545864,0.138058545864,0.13805854586409688
2018-06-21 20:25:04.971084,0.012,453.0,0.138058545864,0.138058545864,0.13805854586409688
2018-06-21 20:25:16.523410,0.013,461.167,0.138058545864,0.138058545864,0.13805854586409688
2018-06-21 20:25:28.113048,0.016,449.0,0.138058545864,0.138058545864,0.13805854586409688
2018-06-21 20:25:39.616771,0.017,448.833,0.138058545864,0.138058545864,0.13805854586409688
2018-06-21 20:25:51.092867,0.014,448.5,0.138058545864,0.138058545864,0.13805854586409688
2018-06-21 20:26:02.587771,0.011,460.667,0.138058545864,0.138058545864,0.13805854586409688
2018-06-21 20:26:14.070700,0.01,486.25,0.138058545864,0.138058545864,0.13805854586409688
2018-06-21 20:26:25.696426,0.009,448.667,0.138058545864,0.138058545864,0.13805854586409688
2018-06-21 20:26:37.221366,0.012,455.167,0.138058545864,0.138058545864,0.13805854586409688
2018-06-21 20:26:48.779633,0.012,454.667,0.138058545864,0.138058545864,0.13805854586409688
2018-06-21 20:27:00.296382,0.013,454.833,0.138058545864,0.138058545864,0.13805854586409688
2018-06-21 20:27:11.757000,0.011,448.333,0.138058545864,0.138058545864,0.13805854586409688
2018-06-21 20:27:23.251137,0.011,448.333,0.138058545864,0.138058545864,0.13805854586409688
2018-06-21 20:27:34.950503,0.014,439.5,0.138058545864,0.138058545864,0.13805854586409688
2018-06-21 20:27:46.497848,0.013,452.167,0.138058545864,0.138058545864,0.13805854586409688
2018-06-21 20:27:57.947442,0.009,448.667,0.138058545864,0.138058545864,0.13805854586409688
2018-06-21 20:28:09.425650,0.009,455.0,0.138058545864,0.138058545864,0.13805854586409688
2018-06-21 20:28:20.870961,0.01,455.167,0.138058545864,0.138058545864,0.13805854586409688
2018-06-21 20:28:32.309867,0.011,461.0,0.138058545864,0.138058545864,0.13805854586409688
2018-06-21 20:28:43.902541,0.016,454.833,0.138058545864,0.138058545864,0.13805854586409688
2018-06-21 20:28:55.412766,0.016,425.25,0.138058545864,0.138058545864,0.13805854586409688
2018-06-21 20:29:06.916977,0.011,510.5,0.138058545864,0.138058545864,0.13805854586409688
2018-06-21 20:29:18.347191,0.012,738.333,0.138058545864,0.138058545864,0.13805854586409688
2018-06-21 20:29:29.874545,0.012,1026.667,0.138058545864,0.138058545864,0.13805854586409688
2018-06-21 20:29:41.463750,0.013,1002.5,0.138058545864,0.138058545864,0.13805854586409688
2018-06-21 20:29:52.897610,0.013,1033.667,0.138058545864,0.138058545864,0.13805854586409688
2018-06-21 20:30:04.368399,0.013,1250.0,0.138058545864,0.138058545864,0.13805854586409688
2018-06-21 20:30:15.878084,0.013,1029.5,0.138058545864,0.138058545864,0.13805854586409688
2018-06-21 20:30:27.347052,0.011,1030.667,0.138058545864,0.138058545864,0.13805854586409688
2018-06-21 20:30:38.795946,0.012,1030.667,0.138058545864,0.138058545864,0.13805854586409688
2018-06-21 20:30:50.232511,0.012,1029.333,0.138058545864,0.138058545864,0.13805854586409688
2018-06-21 20:31:01.676726,0.011,1023.167,0.138058545864,0.138058545864,0.13805854586409688
2018-06-21 20:31:13.037496,0.011,1024.5,0.138058545864,0.138058545864,0.13805854586409688
2018-06-21 20:31:24.498300,0.012,868.0,0.138058545864,0.138058545864,0.13805854586409688
2018-06-21 20:31:35.997928,0.012,1012.0,0.138058545864,0.138058545864,0.13805854586409688
2018-06-21 20:31:47.515697,0.012,1038.833,0.138058545864,0.138058545864,0.13805854586409688
2018-06-21 20:31:58.963945,0.012,1033.0,0.138058545864,0.138058545864,0.13805854586409688
2018-06-21 20:32:10.470545,0.012,1019.333,0.138058545864,0.138058545864,0.13805854586409688
2018-06-21 20:32:21.984281,0.012,1031.667,0.138058545864,0.138058545864,0.13805854586409688
2018-06-21 20:32:33.522483,0.015,1038.0,0.138058545864,0.138058545864,0.13805854586409688
2018-06-21 20:32:44.972534,0.019,931.5,0.138058545864,0.138058545864,0.13805854586409688
2018-06-21 20:32:56.534745,0.021,1033.333,0.138058545864,0.138058545864,0.13805854586409688
2018-06-21 20:33:08.016051,0.017,1027.667,0.138058545864,0.138058545864,0.13805854586409688
2018-06-21 20:33:19.616079,0.015,1031.5,0.138058545864,0.138058545864,0.13805854586409688
2018-06-21 20:33:31.118681,0.021,1031.667,0.138058545864,0.138058545864,0.13805854586409688
2018-06-21 20:33:42.641994,0.021,1031.0,0.138058545864,0.138058545864,0.13805854586409688
2018-06-21 20:33:54.184085,0.012,859.25,0.138058545864,0.138058545864,0.13805854586409688
2018-06-21 20:34:05.680792,0.017,1030.5,0.138058545864,0.138058545864,0.13805854586409688
2018-06-21 20:34:17.171919,0.015,1031.5,0.138058545864,0.138058545864,0.13805854586409688
2018-06-21 20:34:28.601157,0.014,1002.833,0.138058545864,0.138058545864,0.13805854586409688
2018-06-21 20:34:40.083638,0.017,1039.333,0.138058545864,0.138058545864,0.13805854586409688
2018-06-21 20:34:51.599968,0.017,1047.667,0.138058545864,0.138058545864,0.13805854586409688
2018-06-21 20:35:03.125542,0.016,942.5,0.138058545864,0.138058545864,0.13805854586409688
2018-06-21 20:35:14.637592,0.017,1040.167,0.138058545864,0.138058545864,0.13805854586409688
2018-06-21 20:35:26.078870,0.015,1046.333,0.138058545864,0.138058545864,0.13805854586409688
2018-06-21 20:35:37.623172,0.016,1037.667,0.138058545864,0.138058545864,0.13805854586409688
2018-06-21 20:35:49.100082,0.015,1042.833,0.138058545864,0.138058545864,0.13805854586409688
2018-06-21 20:36:00.536438,0.015,1049.167,0.138058545864,0.138058545864,0.13805854586409688
2018-06-21 20:36:11.961800,0.015,1016.0,0.138058545864,0.138058545864,0.13805854586409688
2018-06-21 20:36:23.577969,0.015,1031.5,0.138058545864,0.138058545864,0.13805854586409688
2018-06-21 20:36:35.161535,0.011,1037.5,0.138058545864,0.138058545864,0.13805854586409688
2018-06-21 20:36:46.666528,0.011,1032.333,0.138058545864,0.138058545864,0.13805854586409688
2018-06-21 20:36:58.193767,0.01,1038.333,0.138058545864,0.138058545864,0.13805854586409688
2018-06-21 20:37:09.781099,0.009,803.333,0.138058545864,0.138058545864,0.13805854586409688
2018-06-21 20:37:21.294790,0.009,517.0,0.138058545864,0.138058545864,0.13805854586409688
2018-06-21 20:37:32.789080,0.009,452.667,0.138058545864,0.138058545864,0.13805854586409688
2018-06-21 20:37:44.321742,0.01,449.5,0.138058545864,0.138058545864,0.13805854586409688
2018-06-21 20:37:55.904385,0.011,448.167,0.138058545864,0.138058545864,0.13805854586409688
2018-06-21 20:38:07.574695,0.012,448.333,0.138058545864,0.138058545864,0.13805854586409688
2018-06-21 20:38:19.000654,0.012,461.0,0.138058545864,0.138058545864,0.13805854586409688
2018-06-21 20:38:30.489380,0.012,454.667,0.138058545864,0.138058545864,0.13805854586409688
2018-06-21 20:38:41.899969,0.013,442.167,0.138058545864,0.138058545864,0.13805854586409688
2018-06-21 20:38:53.387734,0.015,442.167,0.138058545864,0.138058545864,0.13805854586409688
2018-06-21 20:39:04.913521,0.013,443.75,0.138058545864,0.138058545864,0.13805854586409688
2018-06-21 20:39:16.369753,0.011,448.833,0.138058545864,0.138058545864,0.13805854586409688
2018-06-21 20:39:27.887813,0.01,455.167,0.138058545864,0.138058545864,0.13805854586409688
2018-06-21 20:39:39.390541,0.009,461.333,0.138058545864,0.138058545864,0.13805854586409688
2018-06-21 20:39:50.893437,0.01,467.167,0.138058545864,0.138058545864,0.13805854586409688
2018-06-21 20:40:02.337570,0.011,460.833,0.138058545864,0.138058545864,0.13805854586409688
2018-06-21 20:40:13.881927,0.011,454.333,0.138058545864,0.138058545864,0.13805854586409688
2018-06-21 20:40:25.366490,0.01,486.25,0.138058545864,0.138058545864,0.13805854586409688
2018-06-21 20:40:36.886533,0.011,461.333,0.138058545864,0.138058545864,0.13805854586409688
2018-06-21 20:40:48.424921,0.013,461.167,0.138058545864,0.138058545864,0.13805854586409688
2018-06-21 20:40:59.968769,0.012,461.0,0.138058545864,0.138058545864,0.13805854586409688
2018-06-21 20:41:11.532489,0.013,461.0,0.138058545864,0.138058545864,0.13805854586409688
2018-06-21 20:41:23.106131,0.012,461.167,0.138058545864,0.138058545864,0.13805854586409688
2018-06-21 20:41:34.537858,0.01,444.0,0.138058545864,0.138058545864,0.13805854586409688
2018-06-21 20:41:46.034422,0.011,455.0,0.138058545864,0.138058545864,0.13805854586409688
2018-06-21 20:41:57.477361,0.012,455.167,0.138058545864,0.138058545864,0.13805854586409688
2018-06-21 20:42:08.944364,0.011,454.667,0.138058545864,0.138058545864,0.13805854586409688
2018-06-21 20:42:20.512684,0.011,448.0,0.138058545864,0.138058545864,0.13805854586409688
2018-06-21 20:42:32.001540,0.012,451.833,0.138058545864,0.138058545864,0.13805854586409688
2018-06-21 20:42:43.516355,0.012,458.0,0.138058545864,0.138058545864,0.13805854586409688
2018-06-21 20:42:55.004223,0.013,485.75,0.138058545864,0.138058545864,0.13805854586409688
2018-06-21 20:43:06.506090,0.011,442.667,0.138058545864,0.138058545864,0.13805854586409688
2018-06-21 20:43:18.044566,0.009,414.0,0.138058545864,0.138058545864,0.13805854586409688
2018-06-21 20:43:29.469719,0.009,448.5,0.138058545864,0.138058545864,0.13805854586409688
2018-06-21 20:43:41.013177,0.013,454.333,0.138058545864,0.138058545864,0.13805854586409688
2018-06-21 20:43:52.489962,0.014,454.5,0.138058545864,0.138058545864,0.13805854586409688
2018-06-21 20:44:03.968410,0.013,448.333,0.138058545864,0.138058545864,0.13805854586409688
2018-06-21 20:44:15.557332,0.01,461.667,0.138058545864,0.138058545864,0.13805854586409688
2018-06-21 20:44:27.135806,0.01,557.5,0.138058545864,0.138058545864,0.13805854586409688
2018-06-21 20:44:38.646779,0.011,750.333,0.138058545864,0.138058545864,0.13805854586409688
2018-06-21 20:44:50.223193,0.019,1030.0,0.138058545864,0.138058545864,0.13805854586409688
2018-06-21 20:45:01.767327,0.019,1034.5,0.138058545864,0.138058545864,0.13805854586409688
2018-06-21 20:45:13.265919,0.019,1029.0,0.138058545864,0.138058545864,0.13805854586409688
2018-06-21 20:45:24.852361,0.026,1075.25,0.138058545864,0.138058545864,0.13805854586409688
2018-06-21 20:45:36.385446,0.021,1040.5,0.138058545864,0.138058545864,0.13805854586409688
2018-06-21 20:45:47.833436,0.011,973.5,0.138058545864,0.138058545864,0.13805854586409688
2018-06-21 20:45:59.344355,0.012,1037.0,0.138058545864,0.138058545864,0.13805854586409688
2018-06-21 20:46:10.849200,0.014,1031.167,0.138058545864,0.138058545864,0.13805854586409688
2018-06-21 20:46:22.381314,0.016,1038.333,0.138058545864,0.138058545864,0.13805854586409688
2018-06-21 20:46:34.003093,0.024,1038.5,0.138058545864,0.138058545864,0.13805854586409688
2018-06-21 20:46:45.517444,0.022,1036.833,0.138058545864,0.138058545864,0.13805854586409688
2018-06-21 20:46:57.023384,0.015,1040.667,0.138058545864,0.138058545864,0.13805854586409688
2018-06-21 20:47:08.584468,0.015,1033.167,0.138058545864,0.138058545864,0.13805854586409688
2018-06-21 20:47:20.085033,0.013,1009.5,0.138058545864,0.138058545864,0.13805854586409688
2018-06-21 20:47:31.563227,0.017,1047.333,0.138058545864,0.138058545864,0.13805854586409688
2018-06-21 20:47:43.066713,0.016,1054.5,0.138058545864,0.138058545864,0.13805854586409688
2018-06-21 20:47:54.595739,0.01,943.0,0.138058545864,0.138058545864,0.13805854586409688
2018-06-21 20:48:06.188664,0.014,1043.667,0.138058545864,0.138058545864,0.13805854586409688
2018-06-21 20:48:17.722718,0.016,1044.5,0.138058545864,0.138058545864,0.13805854586409688
2018-06-21 20:48:29.487298,0.013,1015.333,0.138058545864,0.138058545864,0.13805854586409688
2018-06-21 20:48:40.991783,0.016,1051.333,0.138058545864,0.138058545864,0.13805854586409688
2018-06-21 20:48:52.398654,0.016,1041.833,0.138058545864,0.138058545864,0.13805854586409688
2018-06-21 20:49:03.923733,0.014,1009.833,0.138058545864,0.138058545864,0.13805854586409688
2018-06-21 20:49:15.451402,0.013,1041.167,0.138058545864,0.138058545864,0.13805854586409688
2018-06-21 20:49:26.882958,0.013,1033.167,0.138058545864,0.138058545864,0.13805854586409688
2018-06-21 20:49:38.368777,0.013,1042.667,0.138058545864,0.138058545864,0.13805854586409688
2018-06-21 20:49:49.887793,0.015,1031.167,0.138058545864,0.138058545864,0.13805854586409688
2018-06-21 20:50:01.371130,0.015,1036.667,0.138058545864,0.138058545864,0.13805854586409688
2018-06-21 20:50:12.852521,0.012,993.333,0.138058545864,0.138058545864,0.13805854586409688
2018-06-21 20:50:24.345390,0.012,1059.75,0.138058545864,0.138058545864,0.13805854586409688
2018-06-21 20:50:35.830431,0.011,1034.167,0.138058545864,0.138058545864,0.13805854586409688
2018-06-21 20:50:47.356344,0.012,1038.833,0.138058545864,0.138058545864,0.13805854586409688
2018-06-21 20:50:58.895741,0.011,1029.667,0.138058545864,0.138058545864,0.13805854586409688
2018-06-21 20:51:10.372511,0.018,1037.0,0.138058545864,0.138058545864,0.13805854586409688
2018-06-21 20:51:21.852461,0.016,998.167,0.138058545864,0.138058545864,0.13805854586409688
2018-06-21 20:51:33.351128,0.016,1038.833,0.138058545864,0.138058545864,0.13805854586409688
2018-06-21 20:51:44.831529,0.016,1040.667,0.138058545864,0.138058545864,0.13805854586409688
2018-06-21 20:51:56.333157,0.016,1033.0,0.138058545864,0.138058545864,0.13805854586409688
2018-06-21 20:52:07.822405,0.015,1023.333,0.138058545864,0.138058545864,0.13805854586409688
2018-06-21 20:52:19.369376,0.016,1024.0,0.138058545864,0.138058545864,0.13805854586409688
2018-06-21 20:52:30.875750,0.016,869.667,0.138058545864,0.138058545864,0.13805854586409688
2018-06-21 20:52:42.400941,0.01,593.333,0.138058545864,0.138058545864,0.13805854586409688
2018-06-21 20:52:53.937073,0.01,487.667,0.138058545864,0.138058545864,0.13805854586409688
2018-06-21 20:53:05.445340,0.011,381.4,0.138058545864,0.138058545864,0.13805854586409688
2018-06-21 20:53:16.957482,0.011,454.333,0.138058545864,0.138058545864,0.13805854586409688
2018-06-21 20:53:28.459320,0.012,454.5,0.138058545864,0.138058545864,0.13805854586409688
2018-06-21 20:53:40.075566,0.01,454.833,0.138058545864,0.138058545864,0.13805854586409688
2018-06-21 20:53:51.610515,0.012,455.167,0.138058545864,0.138058545864,0.13805854586409688
2018-06-21 20:54:03.107106,0.013,455.0,0.138058545864,0.138058545864,0.13805854586409688
2018-06-21 20:54:14.693755,0.012,434.25,0.138058545864,0.138058545864,0.13805854586409688
2018-06-21 20:54:26.222694,0.009,461.167,0.138058545864,0.138058545864,0.13805854586409688
2018-06-21 20:54:37.722566,0.009,461.167,0.138058545864,0.138058545864,0.13805854586409688
2018-06-21 20:54:49.209465,0.008,454.833,0.138058545864,0.138058545864,0.13805854586409688
2018-06-21 20:55:00.803007,0.009,450.333,0.138058545864,0.138058545864,0.13805854586409688
2018-06-21 20:55:12.274486,0.009,456.833,0.138058545864,0.138058545864,0.13805854586409688
2018-06-21 20:55:23.864755,0.009,450.5,0.138058545864,0.138058545864,0.13805854586409688
2018-06-21 20:55:35.369851,0.013,476.5,0.138058545864,0.138058545864,0.13805854586409688
2018-06-21 20:55:46.847842,0.013,454.833,0.138058545864,0.138058545864,0.13805854586409688
2018-06-21 20:55:58.384465,0.012,448.5,0.138058545864,0.138058545864,0.13805854586409688
2018-06-21 20:56:09.857213,0.012,448.5,0.138058545864,0.138058545864,0.13805854586409688
2018-06-21 20:56:21.359458,0.011,456.167,0.138058545864,0.138058545864,0.13805854586409688
2018-06-21 20:56:32.858423,0.009,436.667,0.138058545864,0.138058545864,0.13805854586409688
2018-06-21 20:56:44.522338,0.026,444.0,0.138058545864,0.138058545864,0.13805854586409688
2018-06-21 20:56:56.012479,0.024,452.333,0.138058545864,0.138058545864,0.13805854586409688
2018-06-21 20:57:07.507541,0.013,454.5,0.138058545864,0.138058545864,0.13805854586409688
2018-06-21 20:57:19.011341,0.011,454.667,0.138058545864,0.138058545864,0.13805854586409688
2018-06-21 20:57:30.550596,0.009,458.333,0.138058545864,0.138058545864,0.13805854586409688
2018-06-21 20:57:42.035232,0.009,464.833,0.138058545864,0.138058545864,0.13805854586409688
2018-06-21 20:57:53.522214,0.01,458.333,0.138058545864,0.138058545864,0.13805854586409688
2018-06-21 20:58:05.055842,0.01,454.5,0.138058545864,0.138058545864,0.13805854586409688
2018-06-21 20:58:16.605229,0.009,454.333,0.138058545864,0.138058545864,0.13805854586409688
2018-06-21 20:58:28.130006,0.009,454.667,0.138058545864,0.138058545864,0.13805854586409688
2018-06-21 20:58:39.633701,0.009,449.0,0.138058545864,0.138058545864,0.13805854586409688
2018-06-21 20:58:51.280095,0.011,454.667,0.138058545864,0.138058545864,0.13805854586409688
2018-06-21 20:59:02.794135,0.011,454.667,0.138058545864,0.138058545864,0.13805854586409688
2018-06-21 20:59:14.489880,0.009,434.75,0.138058545864,0.138058545864,0.13805854586409688
2018-06-21 20:59:25.929103,0.009,448.167,0.138058545864,0.138058545864,0.13805854586409688
2018-06-21 20:59:37.441164,0.009,454.667,0.138058545864,0.138058545864,0.13805854586409688
2018-06-21 20:59:48.979610,0.009,448.5,0.138058545864,0.138058545864,0.13805854586409688
2018-06-21 21:00:00.449525,0.01,735.0,0.138058545864,0.138058545864,0.13805854586409688
2018-06-21 21:00:11.931463,0.011,832.167,0.138058545864,0.138058545864,0.13805854586409688
2018-06-21 21:00:23.435257,0.012,1029.833,0.138058545864,0.138058545864,0.13805854586409688
2018-06-21 21:00:34.848987,0.019,1155.75,0.138058545864,0.138058545864,0.13805854586409688
2018-06-21 21:00:46.340250,0.017,1024.167,0.138058545864,0.138058545864,0.13805854586409688
2018-06-21 21:00:57.837063,0.017,1016.333,0.138058545864,0.138058545864,0.13805854586409688
2018-06-21 21:01:09.331363,0.017,1017.833,0.138058545864,0.138058545864,0.13805854586409688
2018-06-21 21:01:20.826744,0.017,1020.667,0.138058545864,0.138058545864,0.13805854586409688
2018-06-21 21:01:32.355606,0.017,996.667,0.138058545864,0.138058545864,0.13805854586409688
2018-06-21 21:01:43.821183,0.015,981.833,0.138058545864,0.138058545864,0.13805854586409688
2018-06-21 21:01:55.379171,0.011,929.5,0.138058545864,0.138058545864,0.13805854586409688
2018-06-21 21:02:06.879752,0.011,1010.833,0.138058545864,0.138058545864,0.13805854586409688
2018-06-21 21:02:18.410050,0.011,1017.833,0.138058545864,0.138058545864,0.13805854586409688
2018-06-21 21:02:29.886596,0.011,1015.667,0.138058545864,0.138058545864,0.13805854586409688
2018-06-21 21:02:41.368668,0.011,1023.167,0.138058545864,0.138058545864,0.13805854586409688
2018-06-21 21:02:52.839372,0.01,1021.667,0.138058545864,0.138058545864,0.13805854586409688
2018-06-21 21:03:04.286188,0.011,942.75,0.138058545864,0.138058545864,0.13805854586409688
2018-06-21 21:03:15.849596,0.011,1013.833,0.138058545864,0.138058545864,0.13805854586409688
2018-06-21 21:03:27.439805,0.012,1021.833,0.138058545864,0.138058545864,0.13805854586409688
2018-06-21 21:03:38.944475,0.011,1038.167,0.138058545864,0.138058545864,0.13805854586409688
2018-06-21 21:03:50.456882,0.01,996.167,0.138058545864,0.138058545864,0.13805854586409688
2018-06-21 21:04:02.027983,0.011,1016.667,0.138058545864,0.138058545864,0.13805854586409688
2018-06-21 21:04:13.496926,0.011,1008.0,0.138058545864,0.138058545864,0.13805854586409688
2018-06-21 21:04:24.927724,0.011,1095.5,0.138058545864,0.138058545864,0.13805854586409688
2018-06-21 21:04:36.398932,0.012,1008.667,0.138058545864,0.138058545864,0.13805854586409688
2018-06-21 21:04:47.928384,0.013,1019.333,0.138058545864,0.138058545864,0.13805854586409688
2018-06-21 21:04:59.394613,0.013,1038.167,0.138058545864,0.138058545864,0.13805854586409688
2018-06-21 21:05:10.925397,0.013,1039.667,0.138058545864,0.138058545864,0.13805854586409688
2018-06-21 21:05:22.401312,0.014,1040.333,0.138058545864,0.138058545864,0.13805854586409688
2018-06-21 21:05:33.862478,0.012,1006.0,0.138058545864,0.138058545864,0.13805854586409688
2018-06-21 21:05:45.365630,0.014,1027.5,0.138058545864,0.138058545864,0.13805854586409688
2018-06-21 21:05:56.855964,0.013,1029.333,0.138058545864,0.138058545864,0.13805854586409688
2018-06-21 21:06:08.439463,0.01,962.167,0.138058545864,0.138058545864,0.13805854586409688
2018-06-21 21:06:19.922050,0.009,1024.5,0.138058545864,0.138058545864,0.13805854586409688
2018-06-21 21:06:31.436033,0.011,1037.333,0.138058545864,0.138058545864,0.13805854586409688
2018-06-21 21:06:42.901571,0.011,1028.167,0.138058545864,0.138058545864,0.13805854586409688
2018-06-21 21:06:54.422663,0.008,1141.75,0.138058545864,0.138058545864,0.13805854586409688
2018-06-21 21:07:05.933280,0.011,1021.667,0.138058545864,0.138058545864,0.13805854586409688
2018-06-21 21:07:17.401774,0.017,1020.833,0.138058545864,0.138058545864,0.13805854586409688
2018-06-21 21:07:28.906586,0.017,1027.167,0.138058545864,0.138058545864,0.13805854586409688
2018-06-21 21:07:40.548239,0.016,1022.0,0.138058545864,0.138058545864,0.13805854586409688
2018-06-21 21:07:52.093736,0.011,870.0,0.138058545864,0.138058545864,0.13805854586409688
2018-06-21 21:08:03.656675,0.009,767.5,0.138058545864,0.138058545864,0.13805854586409688
2018-06-21 21:08:15.152903,0.011,448.667,0.138058545864,0.138058545864,0.13805854586409688
2018-06-21 21:08:26.709372,0.012,448.167,0.138058545864,0.138058545864,0.13805854586409688
2018-06-21 21:08:38.155972,0.01,448.667,0.138058545864,0.138058545864,0.13805854586409688
2018-06-21 21:08:49.734344,0.01,454.667,0.138058545864,0.138058545864,0.13805854586409688
2018-06-21 21:09:01.257132,0.01,454.667,0.138058545864,0.138058545864,0.13805854586409688
2018-06-21 21:09:12.945245,0.014,461.0,0.138058545864,0.138058545864,0.13805854586409688
2018-06-21 21:09:24.603772,0.014,435.0,0.138058545864,0.138058545864,0.13805854586409688
2018-06-21 21:09:36.179725,0.011,448.667,0.138058545864,0.138058545864,0.13805854586409688
2018-06-21 21:09:47.649961,0.011,448.667,0.138058545864,0.138058545864,0.13805854586409688
2018-06-21 21:09:59.111060,0.011,448.833,0.138058545864,0.138058545864,0.13805854586409688
2018-06-21 21:10:10.653093,0.009,427.667,0.138058545864,0.138058545864,0.13805854586409688
2018-06-21 21:10:22.256699,0.008,549.0,0.138058545864,0.138058545864,0.13805854586409688
2018-06-21 21:10:33.696337,0.009,1072.5,0.138058545864,0.138058545864,0.13805854586409688
2018-06-21 21:10:45.141703,0.013,1665.167,0.138058545864,1.0,1.0
2018-06-21 21:10:56.677148,0.013,1642.167,0.138058545864,0.138058545864,0.13805854586409688
2018-06-21 21:11:08.045159,0.012,1652.333,0.138058545864,0.138058545864,0.13805854586409688
2018-06-21 21:11:19.514092,0.011,1636.667,0.138058545864,0.138058545864,0.13805854586409688
2018-06-21 21:11:31.081751,0.011,1646.167,0.138058545864,0.138058545864,0.13805854586409688
2018-06-21 21:11:42.481631,0.011,1639.5,0.138058545864,0.138058545864,0.13805854586409688
2018-06-21 21:11:54.012813,0.011,1647.5,0.138058545864,0.138058545864,0.13805854586409688
2018-06-21 21:12:05.538214,0.014,1649.333,0.138058545864,0.138058545864,0.13805854586409688
2018-06-21 21:12:16.986661,0.013,1626.5,0.138058545864,0.138058545864,0.13805854586409688
2018-06-21 21:12:28.420043,0.021,1656.5,0.138058545864,0.138058545864,0.13805854586409688
2018-06-21 21:12:39.912612,0.027,1649.5,0.138058545864,0.138058545864,0.13805854586409688
2018-06-21 21:12:51.325504,0.027,1645.5,0.138058545864,0.138058545864,0.13805854586409688
2018-06-21 21:13:02.815906,0.027,1642.833,0.138058545864,0.138058545864,0.13805854586409688
2018-06-21 21:13:14.331219,0.027,1640.25,0.138058545864,0.138058545864,0.13805854586409688
2018-06-21 21:13:25.818991,0.013,1043.667,0.138058545864,0.138058545864,0.13805854586409688
2018-06-21 21:13:37.372512,0.009,767.167,0.138058545864,0.138058545864,0.13805854586409688
2018-06-21 21:13:48.926272,0.01,440.0,0.138058545864,0.138058545864,0.13805854586409688
2018-06-21 21:14:00.412952,0.01,440.333,0.138058545864,0.138058545864,0.13805854586409688
2018-06-21 21:14:11.932740,0.011,446.333,0.138058545864,0.138058545864,0.13805854586409688
2018-06-21 21:14:23.552874,0.01,448.333,0.138058545864,0.138058545864,0.13805854586409688
2018-06-21 21:14:35.053623,0.008,486.0,0.138058545864,0.138058545864,0.13805854586409688
2018-06-21 21:14:46.604434,0.01,454.667,0.138058545864,0.138058545864,0.13805854586409688
2018-06-21 21:14:58.131739,0.01,448.5,0.138058545864,0.138058545864,0.13805854586409688
2018-06-21 21:15:09.668488,0.009,454.833,0.138058545864,0.138058545864,0.13805854586409688
2018-06-21 21:15:21.132506,0.009,448.5,0.138058545864,0.138058545864,0.13805854586409688
2018-06-21 21:15:32.705196,0.02,454.667,0.138058545864,0.138058545864,0.13805854586409688
2018-06-21 21:15:44.272474,0.026,443.5,0.138058545864,0.138058545864,0.13805854586409688
2018-06-21 21:15:55.751094,0.011,831.167,0.138058545864,0.138058545864,0.13805854586409688
2018-06-21 21:16:07.313531,0.01,1018.5,0.138058545864,0.138058545864,0.13805854586409688
2018-06-21 21:16:18.836014,0.009,1020.833,0.138058545864,0.138058545864,0.13805854586409688
2018-06-21 21:16:30.332093,0.029,1025.167,0.138058545864,0.138058545864,0.13805854586409688
2018-06-21 21:16:41.769632,0.029,1027.333,0.138058545864,0.138058545864,0.13805854586409688
2018-06-21 21:16:53.287275,0.03,1019.667,0.138058545864,0.138058545864,0.13805854586409688
2018-06-21 21:17:04.813289,0.028,1220.0,0.138058545864,0.138058545864,0.13805854586409688
2018-06-21 21:17:16.244507,0.021,1030.5,0.138058545864,0.138058545864,0.13805854586409688
2018-06-21 21:17:27.758479,0.013,1026.0,0.138058545864,0.138058545864,0.13805854586409688
2018-06-21 21:17:39.285947,0.014,1031.167,0.138058545864,0.138058545864,0.13805854586409688
2018-06-21 21:17:50.784568,0.015,1029.167,0.138058545864,0.138058545864,0.13805854586409688
2018-06-21 21:18:02.191714,0.012,965.0,0.138058545864,0.138058545864,0.13805854586409688
2018-06-21 21:18:13.673025,0.012,1024.833,0.138058545864,0.138058545864,0.13805854586409688
2018-06-21 21:18:25.180959,0.01,999.167,0.138058545864,0.138058545864,0.13805854586409688
2018-06-21 21:18:36.747204,0.01,1026.667,0.138058545864,0.138058545864,0.13805854586409688
2018-06-21 21:18:48.242504,0.01,1034.167,0.138058545864,0.138058545864,0.13805854586409688
2018-06-21 21:18:59.774753,0.01,1028.5,0.138058545864,0.138058545864,0.13805854586409688
2018-06-21 21:19:11.246232,0.01,1029.167,0.138058545864,0.138058545864,0.13805854586409688
2018-06-21 21:19:22.764489,0.011,984.667,0.138058545864,0.138058545864,0.13805854586409688
2018-06-21 21:19:34.379542,0.012,863.25,0.138058545864,0.138058545864,0.13805854586409688
2018-06-21 21:19:45.935118,0.014,1018.0,0.138058545864,0.138058545864,0.13805854586409688
2018-06-21 21:19:57.517486,0.015,1017.0,0.138058545864,0.138058545864,0.13805854586409688
2018-06-21 21:20:09.131199,0.014,1021.167,0.138058545864,0.138058545864,0.13805854586409688
2018-06-21 21:20:20.744713,0.012,986.167,0.138058545864,0.138058545864,0.13805854586409688
2018-06-21 21:20:32.276139,0.011,1028.167,0.138058545864,0.138058545864,0.13805854586409688
2018-06-21 21:20:43.801482,0.011,1022.0,0.138058545864,0.138058545864,0.13805854586409688
2018-06-21 21:20:55.400300,0.014,1196.75,0.138058545864,0.138058545864,0.13805854586409688
2018-06-21 21:21:06.851766,0.014,1028.833,0.138058545864,0.138058545864,0.13805854586409688
2018-06-21 21:21:18.261935,0.013,983.333,0.138058545864,0.138058545864,0.13805854586409688
2018-06-21 21:21:29.753623,0.013,1022.333,0.138058545864,0.138058545864,0.13805854586409688
2018-06-21 21:21:41.245616,0.013,1009.167,0.138058545864,0.138058545864,0.13805854586409688
2018-06-21 21:21:52.759075,0.014,999.5,0.138058545864,0.138058545864,0.13805854586409688
2018-06-21 21:22:04.207745,0.015,870.5,0.138058545864,0.138058545864,0.13805854586409688
2018-06-21 21:22:15.720236,0.014,1010.333,0.138058545864,0.138058545864,0.13805854586409688
2018-06-21 21:22:27.210650,0.015,1023.0,0.138058545864,0.138058545864,0.13805854586409688
2018-06-21 21:22:38.742826,0.014,1019.167,0.138058545864,0.138058545864,0.13805854586409688
2018-06-21 21:22:50.270410,0.012,991.0,0.138058545864,0.138058545864,0.13805854586409688
2018-06-21 21:23:01.692225,0.012,1013.167,0.138058545864,0.138058545864,0.13805854586409688
2018-06-21 21:23:13.178787,0.012,1021.167,0.138058545864,0.138058545864,0.13805854586409688
2018-06-21 21:23:24.721002,0.014,1039.75,0.138058545864,0.138058545864,0.13805854586409688
2018-06-21 21:23:36.250401,0.013,900.333,0.138058545864,0.138058545864,0.13805854586409688
2018-06-21 21:23:47.803912,0.01,790.833,0.138058545864,0.138058545864,0.13805854586409688
2018-06-21 21:23:59.303452,0.01,617.0,0.138058545864,0.138058545864,0.13805854586409688
2018-06-21 21:24:10.812477,0.009,461.5,0.138058545864,0.138058545864,0.13805854586409688
2018-06-21 21:24:22.324438,0.009,461.333,0.138058545864,0.138058545864,0.13805854586409688
2018-06-21 21:24:33.930312,0.009,454.5,0.138058545864,0.138058545864,0.13805854586409688
2018-06-21 21:24:45.517844,0.01,485.75,0.138058545864,0.138058545864,0.13805854586409688
2018-06-21 21:24:57.047737,0.01,454.833,0.138058545864,0.138058545864,0.13805854586409688
2018-06-21 21:25:08.537287,0.009,460.833,0.138058545864,0.138058545864,0.13805854586409688
2018-06-21 21:25:20.097326,0.01,458.667,0.138058545864,0.138058545864,0.13805854586409688
2018-06-21 21:25:31.625885,0.01,458.5,0.138058545864,0.138058545864,0.13805854586409688
2018-06-21 21:25:43.135819,0.009,452.5,0.138058545864,0.138058545864,0.13805854586409688
2018-06-21 21:25:54.695441,0.008,444.0,0.138058545864,0.138058545864,0.13805854586409688
2018-06-21 21:26:06.211023,0.013,454.833,0.138058545864,0.138058545864,0.13805854586409688
2018-06-21 21:26:17.665192,0.013,448.333,0.138058545864,0.138058545864,0.13805854586409688
2018-06-21 21:26:29.175729,0.008,454.833,0.138058545864,0.138058545864,0.13805854586409688
2018-06-21 21:26:40.725261,0.009,454.833,0.138058545864,0.138058545864,0.13805854586409688
2018-06-21 21:26:52.243473,0.009,454.833,0.138058545864,0.138058545864,0.13805854586409688
2018-06-21 21:27:03.825494,0.009,454.833,0.138058545864,0.138058545864,0.13805854586409688
2018-06-21 21:27:15.413225,0.009,451.667,0.138058545864,0.138058545864,0.13805854586409688
2018-06-21 21:27:26.967307,0.01,455.167,0.138058545864,0.138058545864,0.13805854586409688
2018-06-21 21:27:38.462955,0.01,464.5,0.138058545864,0.138058545864,0.13805854586409688
2018-06-21 21:27:49.950231,0.01,458.167,0.138058545864,0.138058545864,0.13805854586409688
2018-06-21 21:28:01.444562,0.009,455.0,0.138058545864,0.138058545864,0.13805854586409688
2018-06-21 21:28:12.994969,0.011,455.0,0.138058545864,0.138058545864,0.13805854586409688
2018-06-21 21:28:24.610991,0.012,434.5,0.138058545864,0.138058545864,0.13805854586409688
2018-06-21 21:28:36.139137,0.01,448.667,0.138058545864,0.138058545864,0.13805854586409688
2018-06-21 21:28:47.717718,0.01,454.833,0.138058545864,0.138058545864,0.13805854586409688
2018-06-21 21:28:59.286859,0.01,448.667,0.138058545864,0.138058545864,0.13805854586409688
2018-06-21 21:29:10.824970,0.011,454.667,0.138058545864,0.138058545864,0.13805854586409688
2018-06-21 21:29:22.320137,0.011,454.833,0.138058545864,0.138058545864,0.13805854586409688
2018-06-21 21:29:33.838574,0.012,461.167,0.138058545864,0.138058545864,0.13805854586409688
2018-06-21 21:29:45.288178,0.009,444.0,0.138058545864,0.138058545864,0.13805854586409688
2018-06-21 21:29:56.874092,0.009,454.333,0.138058545864,0.138058545864,0.13805854586409688
2018-06-21 21:30:08.373834,0.009,454.667,0.138058545864,0.138058545864,0.13805854586409688
2018-06-21 21:30:19.947800,0.008,448.667,0.138058545864,0.138058545864,0.13805854586409688
2018-06-21 21:30:31.585738,0.009,454.833,0.138058545864,0.138058545864,0.13805854586409688
2018-06-21 21:30:43.142695,0.009,455.0,0.138058545864,0.138058545864,0.13805854586409688
2018-06-21 21:30:54.693525,0.008,434.75,0.138058545864,0.138058545864,0.13805854586409688
2018-06-21 21:31:06.333803,0.016,731.333,0.138058545864,0.138058545864,0.13805854586409688
2018-06-21 21:31:17.817124,0.019,807.167,0.138058545864,0.138058545864,0.13805854586409688
2018-06-21 21:31:29.236918,0.019,1027.667,0.138058545864,0.138058545864,0.13805854586409688
2018-06-21 21:31:40.794873,0.022,1036.833,0.138058545864,0.138058545864,0.13805854586409688
2018-06-21 21:31:52.265550,0.022,1025.0,0.138058545864,0.138058545864,0.13805854586409688
2018-06-21 21:32:03.804571,0.021,1023.5,0.138058545864,0.138058545864,0.13805854586409688
2018-06-21 21:32:15.290524,0.017,1003.5,0.138058545864,0.138058545864,0.13805854586409688
2018-06-21 21:32:26.780324,0.016,1027.333,0.138058545864,0.138058545864,0.13805854586409688
2018-06-21 21:32:38.208547,0.012,943.5,0.138058545864,0.138058545864,0.13805854586409688
2018-06-21 21:32:49.670297,0.011,1005.5,0.138058545864,0.138058545864,0.13805854586409688
2018-06-21 21:33:01.243310,0.011,1020.167,0.138058545864,0.138058545864,0.13805854586409688
2018-06-21 21:33:12.745519,0.011,1018.0,0.138058545864,0.138058545864,0.13805854586409688
2018-06-21 21:33:24.290540,0.011,875.5,0.138058545864,0.138058545864,0.13805854586409688
2018-06-21 21:33:35.771635,0.011,1024.0,0.138058545864,0.138058545864,0.13805854586409688
2018-06-21 21:33:47.172490,0.01,1014.167,0.138058545864,0.138058545864,0.13805854586409688
2018-06-21 21:33:58.723478,0.01,1012.5,0.138058545864,0.138058545864,0.13805854586409688
2018-06-21 21:34:10.263717,0.01,1013.667,0.138058545864,0.138058545864,0.13805854586409688
2018-06-21 21:34:21.742191,0.012,1011.333,0.138058545864,0.138058545864,0.13805854586409688
2018-06-21 21:34:33.231798,0.011,1010.333,0.138058545864,0.138058545864,0.13805854586409688
2018-06-21 21:34:44.730974,0.009,1016.5,0.138058545864,0.138058545864,0.13805854586409688
2018-06-21 21:34:56.325797,0.011,1031.333,0.138058545864,0.138058545864,0.13805854586409688
2018-06-21 21:35:07.817977,0.012,1024.833,0.138058545864,0.138058545864,0.13805854586409688
2018-06-21 21:35:19.256800,0.012,1030.0,0.138058545864,0.138058545864,0.13805854586409688
2018-06-21 21:35:30.800104,0.013,1021.167,0.138058545864,0.138058545864,0.13805854586409688
2018-06-21 21:35:42.290471,0.014,1029.333,0.138058545864,0.138058545864,0.13805854586409688
2018-06-21 21:35:53.754901,0.015,1021.333,0.138058545864,0.138058545864,0.13805854586409688
2018-06-21 21:36:05.244743,0.013,1040.0,0.138058545864,0.138058545864,0.13805854586409688
2018-06-21 21:36:16.793393,0.013,1048.5,0.138058545864,0.138058545864,0.13805854586409688
2018-06-21 21:36:28.256969,0.011,1007.333,0.138058545864,0.138058545864,0.13805854586409688
2018-06-21 21:36:39.722567,0.01,1005.833,0.138058545864,0.138058545864,0.13805854586409688
2018-06-21 21:36:51.303362,0.01,1037.0,0.138058545864,0.138058545864,0.13805854586409688
2018-06-21 21:37:02.876249,0.009,1030.833,0.138058545864,0.138058545864,0.13805854586409688
2018-06-21 21:37:14.508526,0.009,1020.0,0.138058545864,0.138058545864,0.13805854586409688
2018-06-21 21:37:26.006391,0.014,1016.5,0.138058545864,0.138058545864,0.13805854586409688
2018-06-21 21:37:37.500624,0.014,1013.167,0.138058545864,0.138058545864,0.13805854586409688
2018-06-21 21:37:49.036936,0.014,1019.833,0.138058545864,0.138058545864,0.13805854586409688
2018-06-21 21:38:00.522501,0.015,1016.833,0.138058545864,0.138058545864,0.13805854586409688
2018-06-21 21:38:11.983299,0.016,1010.0,0.138058545864,0.138058545864,0.13805854586409688
2018-06-21 21:38:23.459398,0.017,1004.333,0.138058545864,0.138058545864,0.13805854586409688
2018-06-21 21:38:34.964916,0.016,1081.25,0.138058545864,0.138058545864,0.13805854586409688
2018-06-21 21:38:46.484438,0.015,1006.667,0.138058545864,0.138058545864,0.13805854586409688
2018-06-21 21:38:58.082873,0.01,895.0,0.138058545864,0.138058545864,0.13805854586409688
2018-06-21 21:39:09.634644,0.009,775.833,0.138058545864,0.138058545864,0.13805854586409688
2018-06-21 21:39:21.190512,0.009,564.667,0.138058545864,0.138058545864,0.13805854586409688
2018-06-21 21:39:32.702658,0.009,460.833,0.138058545864,0.138058545864,0.13805854586409688
2018-06-21 21:39:44.274057,0.008,424.5,0.138058545864,0.138058545864,0.13805854586409688
2018-06-21 21:39:55.768153,0.009,448.333,0.138058545864,0.138058545864,0.13805854586409688
2018-06-21 21:40:07.335206,0.011,454.667,0.138058545864,0.138058545864,0.13805854586409688
2018-06-21 21:40:18.858806,0.011,456.833,0.138058545864,0.138058545864,0.13805854586409688
2018-06-21 21:40:30.374759,0.01,457.0,0.138058545864,0.138058545864,0.13805854586409688
2018-06-21 21:40:41.833853,0.009,463.0,0.138058545864,0.138058545864,0.13805854586409688
2018-06-21 21:40:53.412524,0.009,454.833,0.138058545864,0.138058545864,0.13805854586409688
2018-06-21 21:41:05.064711,0.009,434.5,0.138058545864,0.138058545864,0.13805854586409688
2018-06-21 21:41:16.637609,0.009,461.0,0.138058545864,0.138058545864,0.13805854586409688
2018-06-21 21:41:28.316657,0.009,455.0,0.138058545864,0.138058545864,0.13805854586409688
2018-06-21 21:41:39.887713,0.009,454.5,0.138058545864,0.138058545864,0.13805854586409688
2018-06-21 21:41:51.455326,0.011,455.0,0.138058545864,0.138058545864,0.13805854586409688
2018-06-21 21:42:02.871792,0.011,460.833,0.138058545864,0.138058545864,0.13805854586409688
2018-06-21 21:42:14.290374,0.01,443.5,0.138058545864,0.138058545864,0.13805854586409688
2018-06-21 21:42:25.756684,0.011,464.5,0.138058545864,0.138058545864,0.13805854586409688
2018-06-21 21:42:37.162651,0.011,458.5,0.138058545864,0.138058545864,0.13805854586409688
2018-06-21 21:42:48.557807,0.011,450.667,0.138058545864,0.138058545864,0.13805854586409688
2018-06-21 21:43:00.072758,0.011,450.5,0.138058545864,0.138058545864,0.13805854586409688
2018-06-21 21:43:11.566967,0.011,458.167,0.138058545864,0.138058545864,0.13805854586409688
2018-06-21 21:43:23.082460,0.01,437.333,0.138058545864,0.138058545864,0.13805854586409688
2018-06-21 21:43:34.585834,0.011,443.5,0.138058545864,0.138058545864,0.13805854586409688
2018-06-21 21:43:46.023466,0.01,454.5,0.138058545864,0.138058545864,0.13805854586409688
2018-06-21 21:43:57.559068,0.009,448.667,0.138058545864,0.138058545864,0.13805854586409688
2018-06-21 21:44:09.017925,0.01,442.333,0.138058545864,0.138058545864,0.13805854586409688
2018-06-21 21:44:20.521795,0.01,448.667,0.138058545864,0.138058545864,0.13805854586409688
2018-06-21 21:44:32.023786,0.011,448.167,0.138058545864,0.138058545864,0.13805854586409688
2018-06-21 21:44:43.583233,0.011,448.333,0.138058545864,0.138058545864,0.13805854586409688
2018-06-21 21:44:55.024727,0.011,448.333,0.138058545864,0.138058545864,0.13805854586409688
2018-06-21 21:45:06.487743,0.01,455.167,0.138058545864,0.138058545864,0.13805854586409688
2018-06-21 21:45:17.955043,0.01,448.333,0.138058545864,0.138058545864,0.13805854586409688
2018-06-21 21:45:29.522140,0.01,462.333,0.138058545864,0.138058545864,0.13805854586409688
2018-06-21 21:45:41.161725,0.01,456.0,0.138058545864,0.138058545864,0.13805854586409688
2018-06-21 21:45:52.647178,0.01,455.833,0.138058545864,0.138058545864,0.13805854586409688
2018-06-21 21:46:04.121294,0.009,444.0,0.138058545864,0.138058545864,0.13805854586409688
2018-06-21 21:46:15.593981,0.01,486.75,0.138058545864,0.138058545864,0.13805854586409688
2018-06-21 21:46:27.080587,0.01,454.333,0.138058545864,0.138058545864,0.13805854586409688
2018-06-21 21:46:38.622167,0.01,461.0,0.138058545864,0.138058545864,0.13805854586409688
2018-06-21 21:46:50.150740,0.01,461.167,0.138058545864,0.138058545864,0.13805854586409688
2018-06-21 21:47:01.661360,0.01,460.833,0.138058545864,0.138058545864,0.13805854586409688
2018-06-21 21:47:13.202786,0.01,454.5,0.138058545864,0.138058545864,0.13805854586409688
2018-06-21 21:47:24.812601,0.009,434.5,0.138058545864,0.138058545864,0.13805854586409688
2018-06-21 21:47:36.340922,0.009,452.167,0.138058545864,0.138058545864,0.13805854586409688
2018-06-21 21:47:47.827801,0.01,458.333,0.138058545864,0.138058545864,0.13805854586409688
2018-06-21 21:47:59.348639,0.009,452.333,0.138058545864,0.138058545864,0.13805854586409688
2018-06-21 21:48:10.850659,0.009,452.667,0.138058545864,0.138058545864,0.13805854586409688
2018-06-21 21:48:22.387377,0.009,452.5,0.138058545864,0.138058545864,0.13805854586409688
2018-06-21 21:48:33.924844,0.009,460.667,0.138058545864,0.138058545864,0.13805854586409688
2018-06-21 21:48:45.398199,0.011,496.0,0.138058545864,0.138058545864,0.13805854586409688
2018-06-21 21:48:56.895881,0.01,461.167,0.138058545864,0.138058545864,0.13805854586409688
2018-06-21 21:49:08.396027,0.01,454.833,0.138058545864,0.138058545864,0.13805854586409688
2018-06-21 21:49:19.962917,0.01,448.667,0.138058545864,0.138058545864,0.13805854586409688
2018-06-21 21:49:31.477203,0.011,442.667,0.138058545864,0.138058545864,0.13805854586409688
2018-06-21 21:49:42.971025,0.012,447.5,0.138058545864,0.138058545864,0.13805854586409688
2018-06-21 21:49:54.683474,0.011,434.5,0.138058545864,0.138058545864,0.13805854586409688
2018-06-21 21:50:06.256849,0.009,415.0,0.138058545864,0.138058545864,0.13805854586409688
2018-06-21 21:50:17.779767,0.009,454.667,0.138058545864,0.138058545864,0.13805854586409688
2018-06-21 21:50:29.281525,0.008,448.833,0.138058545864,0.138058545864,0.13805854586409688
2018-06-21 21:50:40.814974,0.008,455.0,0.138058545864,0.138058545864,0.13805854586409688
2018-06-21 21:50:52.351070,0.009,449.667,0.138058545864,0.138058545864,0.13805854586409688
2018-06-21 21:51:03.847987,0.011,449.333,0.138058545864,0.138058545864,0.13805854586409688
2018-06-21 21:51:15.332324,0.011,454.667,0.138058545864,0.138058545864,0.13805854586409688
2018-06-21 21:51:26.917860,0.009,456.0,0.138058545864,0.138058545864,0.13805854586409688
2018-06-21 21:51:38.423845,0.008,443.5,0.138058545864,0.138058545864,0.13805854586409688
2018-06-21 21:51:49.906716,0.008,449.5,0.138058545864,0.138058545864,0.13805854586409688
2018-06-21 21:52:01.329216,0.008,448.167,0.138058545864,0.138058545864,0.13805854586409688
2018-06-21 21:52:12.899060,0.009,454.5,0.138058545864,0.138058545864,0.13805854586409688
2018-06-21 21:52:24.549956,0.009,434.5,0.138058545864,0.138058545864,0.13805854586409688
2018-06-21 21:52:36.131587,0.009,452.5,0.138058545864,0.138058545864,0.13805854586409688
2018-06-21 21:52:47.676413,0.009,452.5,0.138058545864,0.138058545864,0.13805854586409688
2018-06-21 21:52:59.155060,0.009,455.0,0.138058545864,0.138058545864,0.13805854586409688
2018-06-21 21:53:10.714008,0.009,454.5,0.138058545864,0.138058545864,0.13805854586409688
2018-06-21 21:53:22.222330,0.01,460.833,0.138058545864,0.138058545864,0.13805854586409688
2018-06-21 21:53:33.778672,0.01,460.833,0.138058545864,0.138058545864,0.13805854586409688
2018-06-21 21:53:45.253164,0.01,443.75,0.138058545864,0.138058545864,0.13805854586409688
2018-06-21 21:53:56.736503,0.01,442.333,0.138058545864,0.138058545864,0.13805854586409688
2018-06-21 21:54:08.352699,0.01,448.5,0.138058545864,0.138058545864,0.13805854586409688
2018-06-21 21:54:19.960120,0.01,455.0,0.138058545864,0.138058545864,0.13805854586409688
2018-06-21 21:54:31.419799,0.01,455.0,0.138058545864,0.138058545864,0.13805854586409688
2018-06-21 21:54:42.925963,0.01,448.5,0.138058545864,0.138058545864,0.13805854586409688
2018-06-21 21:54:54.374777,0.009,443.25,0.138058545864,0.138058545864,0.13805854586409688
2018-06-21 21:55:05.843556,0.009,461.167,0.138058545864,0.138058545864,0.13805854586409688
2018-06-21 21:55:17.353761,0.01,454.833,0.138058545864,0.138058545864,0.13805854586409688
2018-06-21 21:55:28.855458,0.011,461.167,0.138058545864,0.138058545864,0.13805854586409688
2018-06-21 21:55:40.422381,0.012,449.0,0.138058545864,0.138058545864,0.13805854586409688
2018-06-21 21:55:51.963191,0.011,455.0,0.138058545864,0.138058545864,0.13805854586409688
2018-06-21 21:56:03.500248,0.011,448.333,0.138058545864,0.138058545864,0.13805854586409688
2018-06-21 21:56:15.032812,0.012,434.5,0.138058545864,0.138058545864,0.13805854586409688
2018-06-21 21:56:26.572743,0.009,420.167,0.138058545864,0.138058545864,0.13805854586409688
2018-06-21 21:56:38.098455,0.01,460.833,0.138058545864,0.138058545864,0.13805854586409688
2018-06-21 21:56:49.646246,0.009,461.167,0.138058545864,0.138058545864,0.13805854586409688
2018-06-21 21:57:01.106129,0.01,460.833,0.138058545864,0.138058545864,0.13805854586409688
2018-06-21 21:57:12.620043,0.01,448.5,0.138058545864,0.138058545864,0.13805854586409688
2018-06-21 21:57:24.095952,0.01,487.0,0.138058545864,0.138058545864,0.13805854586409688
2018-06-21 21:57:35.550788,0.01,458.5,0.138058545864,0.138058545864,0.13805854586409688
2018-06-21 21:57:47.051582,0.01,451.833,0.138058545864,0.138058545864,0.13805854586409688
2018-06-21 21:57:58.631547,0.01,452.333,0.138058545864,0.138058545864,0.13805854586409688
2018-06-21 21:58:10.189685,0.01,446.167,0.138058545864,0.138058545864,0.13805854586409688
2018-06-21 21:58:21.751207,0.01,452.167,0.138058545864,0.138058545864,0.13805854586409688
2018-06-21 21:58:33.218351,0.011,454.333,0.138058545864,0.138058545864,0.13805854586409688
2018-06-21 21:58:44.767135,0.01,434.5,0.138058545864,0.138058545864,0.13805854586409688
2018-06-21 21:58:56.350286,0.009,455.0,0.138058545864,0.138058545864,0.13805854586409688
2018-06-21 21:59:07.823541,0.009,455.0,0.138058545864,0.138058545864,0.13805854586409688
2018-06-21 21:59:19.307794,0.009,454.833,0.138058545864,0.138058545864,0.13805854586409688
2018-06-21 21:59:30.795735,0.009,455.167,0.138058545864,0.138058545864,0.13805854586409688
2018-06-21 21:59:42.272268,0.009,460.667,0.138058545864,0.138058545864,0.13805854586409688
2018-06-21 21:59:53.805918,0.009,455.667,0.138058545864,0.138058545864,0.13805854586409688
2018-06-21 22:00:05.352081,0.008,436.5,0.138058545864,0.138058545864,0.13805854586409688
2018-06-21 22:00:16.889800,0.009,448.167,0.138058545864,0.138058545864,0.13805854586409688
2018-06-21 22:00:28.385079,0.01,454.333,0.138058545864,0.138058545864,0.13805854586409688
2018-06-21 22:00:39.947303,0.009,461.0,0.138058545864,0.138058545864,0.13805854586409688
