2018-06-21 19:27:18.890088,1,0.0
2018-06-21 19:27:30.222769,1,0.0
2018-06-21 19:27:41.506000,1,0.0
2018-06-21 19:27:52.742779,1,0.0
2018-06-21 19:28:04.004574,1,0.0
2018-06-21 19:28:15.324274,1,0.0
2018-06-21 19:28:26.864626,1,0.0
2018-06-21 19:28:38.178658,1,0.0
2018-06-21 19:28:49.471914,1,0.0
2018-06-21 19:29:00.770673,1,0.0
2018-06-21 19:29:12.053158,1,0.0
2018-06-21 19:29:23.413639,1,0.0
2018-06-21 19:29:34.718783,1,0.0
2018-06-21 19:29:45.997208,1,0.0
2018-06-21 19:29:57.215476,1,0.0
2018-06-21 19:30:08.480136,1,0.0
2018-06-21 19:30:19.725314,1,0.0
2018-06-21 19:30:30.983694,1,0.0
2018-06-21 19:30:42.255598,1,0.0
2018-06-21 19:30:53.563647,1,0.0
2018-06-21 19:31:04.846654,1,0.0
2018-06-21 19:31:16.222553,1,0.0
2018-06-21 19:31:27.444780,1,0.0
2018-06-21 19:31:38.726197,1,0.0
2018-06-21 19:31:50.042804,1,0.0
2018-06-21 19:32:01.305168,1,0.0
2018-06-21 19:32:12.529170,1,0.0
2018-06-21 19:32:23.916836,1,0.0
2018-06-21 19:32:35.165496,1,0.0
2018-06-21 19:32:46.332101,1,0.0
2018-06-21 19:32:57.660279,1,0.0
2018-06-21 19:33:08.929230,1,0.0
2018-06-21 19:33:20.228374,1,0.0
2018-06-21 19:33:31.388786,1,0.0
2018-06-21 19:33:42.739328,1,0.0
2018-06-21 19:33:54.077665,1,0.0
2018-06-21 19:34:05.440225,1,0.0
2018-06-21 19:34:16.703287,1,0.0
2018-06-21 19:34:27.947739,1,0.0
2018-06-21 19:34:39.203374,1,0.0
2018-06-21 19:34:50.414782,1,0.0
2018-06-21 19:35:01.664559,1,0.0
2018-06-21 19:35:12.854917,1,0.0
2018-06-21 19:35:24.208033,1,0.0
2018-06-21 19:35:35.452159,1,0.0
2018-06-21 19:35:46.722341,1,0.0
2018-06-21 19:35:58.024673,1,0.0
2018-06-21 19:36:09.268612,1,0.0
2018-06-21 19:36:20.529783,1,0.0
2018-06-21 19:36:31.822603,1,0.0
2018-06-21 19:36:43.101901,1,0.0
2018-06-21 19:36:54.375779,1,0.0
2018-06-21 19:37:05.692909,1,0.0
2018-06-21 19:37:16.969543,1,0.0
2018-06-21 19:37:28.295400,1,0.0
2018-06-21 19:37:39.552482,1,0.0
2018-06-21 19:37:50.834399,1,0.0
2018-06-21 19:38:02.075039,1,0.0
2018-06-21 19:38:13.515370,1,0.0
2018-06-21 19:38:24.772163,1,0.0
2018-06-21 19:38:36.017153,1,0.0
2018-06-21 19:38:47.292097,1,0.0
2018-06-21 19:38:58.566984,1,0.0
2018-06-21 19:39:09.911048,1,0.0
2018-06-21 19:39:21.207213,1,0.0
2018-06-21 19:39:32.518885,1,0.0
2018-06-21 19:39:43.810459,1,0.0
2018-06-21 19:39:55.093387,1,0.0
2018-06-21 19:40:06.405798,1,0.0
2018-06-21 19:40:17.711899,1,0.0
2018-06-21 19:40:28.980762,1,0.0
2018-06-21 19:40:40.289220,1,0.0
2018-06-21 19:40:51.550174,1,0.0
2018-06-21 19:41:02.834544,1,0.0
2018-06-21 19:41:14.176617,1,0.0
2018-06-21 19:41:25.555845,1,0.0
2018-06-21 19:41:36.786377,1,0.0
2018-06-21 19:41:48.124302,1,0.0
2018-06-21 19:41:59.419978,1,0.0
2018-06-21 19:42:10.672131,1,0.0
2018-06-21 19:42:21.946294,1,0.0
2018-06-21 19:42:33.180775,1,0.0
2018-06-21 19:42:44.434280,1,0.0
2018-06-21 19:42:55.725262,1,0.0
2018-06-21 19:43:07.006632,1,0.0
2018-06-21 19:43:18.232851,1,0.0
2018-06-21 19:43:29.542720,1,0.0
2018-06-21 19:43:40.781540,1,0.0
2018-06-21 19:43:52.016869,1,0.0
2018-06-21 19:44:03.264346,1,0.0
2018-06-21 19:44:14.548104,1,0.0
2018-06-21 19:44:25.884177,1,0.0
2018-06-21 19:44:37.111463,1,0.0
2018-06-21 19:44:48.449830,1,0.0
2018-06-21 19:44:59.709983,1,0.0
2018-06-21 19:45:11.001445,1,0.0
2018-06-21 19:45:22.218687,1,0.0
2018-06-21 19:45:33.590692,1,0.0
2018-06-21 19:45:44.939646,1,0.0
2018-06-21 19:45:56.164272,1,0.0
2018-06-21 19:46:07.602132,1,0.0
2018-06-21 19:46:18.965493,1,0.0
2018-06-21 19:46:30.259199,1,0.0
2018-06-21 19:46:41.549153,1,0.0
2018-06-21 19:46:52.796521,1,0.0
2018-06-21 19:47:04.138107,1,0.0
2018-06-21 19:47:15.366328,1,0.0
2018-06-21 19:47:26.593035,1,0.0
2018-06-21 19:47:37.891469,1,0.0
2018-06-21 19:47:49.129118,1,0.0
2018-06-21 19:48:00.471935,1,0.0
2018-06-21 19:48:11.709332,1,0.0
2018-06-21 19:48:22.968221,1,0.0
2018-06-21 19:48:34.358796,1,0.0
2018-06-21 19:48:45.635804,1,0.0
2018-06-21 19:48:56.821516,1,0.0
2018-06-21 19:49:08.122263,1,0.0
2018-06-21 19:49:19.431175,1,0.0
2018-06-21 19:49:30.759791,1,0.0
2018-06-21 19:49:42.001161,1,0.0
2018-06-21 19:49:53.216849,1,0.0
2018-06-21 19:50:04.519866,1,0.0
2018-06-21 19:50:15.904266,1,0.0
2018-06-21 19:50:27.157608,1,0.0
2018-06-21 19:50:38.521740,1,0.0
2018-06-21 19:50:49.886480,1,0.0
2018-06-21 19:51:01.211375,1,0.0
2018-06-21 19:51:12.519621,1,0.0
2018-06-21 19:51:23.969279,1,0.0
2018-06-21 19:51:35.248220,1,0.0
2018-06-21 19:51:46.501042,1,0.0
2018-06-21 19:51:57.839023,1,0.0
2018-06-21 19:52:09.131139,1,0.0
2018-06-21 19:52:20.403477,1,0.0
2018-06-21 19:52:31.745556,1,0.0
2018-06-21 19:52:43.016001,1,0.0
2018-06-21 19:52:54.279158,1,0.0
2018-06-21 19:53:05.643046,1,0.0
2018-06-21 19:53:16.884703,1,0.0
2018-06-21 19:53:28.181772,1,0.0
2018-06-21 19:53:39.469839,1,0.0
2018-06-21 19:53:50.821068,1,0.0
2018-06-21 19:54:02.040418,1,0.0
2018-06-21 19:54:13.324842,1,1.0
2018-06-21 19:54:24.637238,1,0.0
2018-06-21 19:54:35.951788,1,0.0
2018-06-21 19:54:47.234721,1,0.0
2018-06-21 19:54:58.512775,1,0.0
2018-06-21 19:55:09.899987,1,0.0
2018-06-21 19:55:21.190383,1,0.0
2018-06-21 19:55:32.652404,1,0.0
2018-06-21 19:55:43.947950,1,0.0
2018-06-21 19:55:55.341054,1,0.0
2018-06-21 19:56:06.593303,1,0.0
2018-06-21 19:56:17.886913,1,0.0
2018-06-21 19:56:29.158853,1,0.0
2018-06-21 19:56:40.442526,1,0.0
2018-06-21 19:56:51.756250,1,0.0
2018-06-21 19:57:03.160896,1,0.0
2018-06-21 19:57:14.441399,1,0.0
2018-06-21 19:57:25.706520,1,0.0
2018-06-21 19:57:37.083369,1,0.0
2018-06-21 19:57:48.432895,1,0.0
2018-06-21 19:57:59.712985,1,0.0
2018-06-21 19:58:11.076563,1,0.0
2018-06-21 19:58:22.407755,1,0.0
2018-06-21 19:58:33.770095,1,0.0
2018-06-21 19:58:45.024037,1,0.0
2018-06-21 19:58:56.307569,1,0.0
2018-06-21 19:59:07.618057,1,0.0
2018-06-21 19:59:18.928968,1,0.0
2018-06-21 19:59:30.214595,1,0.0
2018-06-21 19:59:41.462348,1,0.0
2018-06-21 19:59:52.777692,1,0.0
2018-06-21 20:00:04.167842,1,0.0
2018-06-21 20:00:15.497575,1,0.0
2018-06-21 20:00:26.731921,1,0.0
2018-06-21 20:00:38.003146,1,0.0
2018-06-21 20:00:49.328085,1,0.0
2018-06-21 20:01:00.636976,1,0.0
2018-06-21 20:01:11.890211,1,0.0
2018-06-21 20:01:23.105433,1,0.0
2018-06-21 20:01:34.434127,1,0.0
2018-06-21 20:01:45.734361,1,0.0
2018-06-21 20:01:56.977515,1,0.0
2018-06-21 20:02:08.291884,1,0.0
2018-06-21 20:02:19.627416,1,0.0
2018-06-21 20:02:30.921267,1,0.0
2018-06-21 20:02:42.233073,1,0.0
2018-06-21 20:02:53.569465,1,0.0
2018-06-21 20:03:04.956746,1,0.0
2018-06-21 20:03:16.224381,1,0.0
2018-06-21 20:03:27.439328,1,0.0
2018-06-21 20:03:38.714367,1,0.0
2018-06-21 20:03:50.030863,1,0.0
2018-06-21 20:04:01.347342,1,0.0
2018-06-21 20:04:12.640182,1,0.0
2018-06-21 20:04:24.010610,1,0.0
2018-06-21 20:04:35.330032,1,0.0
2018-06-21 20:04:46.576697,1,0.0
2018-06-21 20:04:57.882344,1,0.0
2018-06-21 20:05:09.209363,1,0.0
2018-06-21 20:05:20.513449,1,0.0
2018-06-21 20:05:31.841178,1,0.0
2018-06-21 20:05:43.094889,1,0.0
2018-06-21 20:05:54.375088,1,0.0
2018-06-21 20:06:05.655336,1,0.0
2018-06-21 20:06:16.940804,1,0.0
2018-06-21 20:06:28.336780,1,0.0
2018-06-21 20:06:39.798810,1,0.0
2018-06-21 20:06:51.226146,1,0.0
2018-06-21 20:07:02.550668,1,0.0
2018-06-21 20:07:13.964534,1,0.0
2018-06-21 20:07:25.338014,1,0.0
2018-06-21 20:07:36.641100,1,0.0
2018-06-21 20:07:48.017469,1,0.0
2018-06-21 20:07:59.368052,1,0.0
2018-06-21 20:08:10.728559,1,0.0
2018-06-21 20:08:22.022995,1,0.0
2018-06-21 20:08:33.387954,1,0.0
2018-06-21 20:08:44.713683,1,0.0
2018-06-21 20:08:55.968108,1,0.0
2018-06-21 20:09:07.250240,1,0.0
2018-06-21 20:09:18.538061,1,0.0
2018-06-21 20:09:29.836455,1,0.0
2018-06-21 20:09:41.137128,1,0.0
2018-06-21 20:09:52.392096,1,0.0
2018-06-21 20:10:03.697014,1,0.0
2018-06-21 20:10:15.005229,1,0.0
2018-06-21 20:10:26.337642,1,0.0
2018-06-21 20:10:37.670370,1,0.0
2018-06-21 20:10:48.926056,1,0.0
2018-06-21 20:11:00.267905,1,0.0
2018-06-21 20:11:11.557656,1,0.0
2018-06-21 20:11:22.872178,1,0.0
2018-06-21 20:11:34.180955,1,0.0
2018-06-21 20:11:45.501057,1,0.0
2018-06-21 20:11:56.785671,1,0.0
2018-06-21 20:12:08.150231,1,0.0
2018-06-21 20:12:19.458220,1,0.0
2018-06-21 20:12:30.780531,1,0.0
2018-06-21 20:12:42.069536,1,0.0
2018-06-21 20:12:53.400655,1,0.0
2018-06-21 20:13:04.762586,1,0.0
2018-06-21 20:13:16.034332,1,0.0
2018-06-21 20:13:27.373675,1,0.0
2018-06-21 20:13:38.792278,1,0.0
2018-06-21 20:13:50.088564,1,0.0
2018-06-21 20:14:01.408611,1,0.0
2018-06-21 20:14:12.673186,1,0.0
2018-06-21 20:14:23.965911,1,0.0
2018-06-21 20:14:35.263727,1,0.0
2018-06-21 20:14:46.505810,1,0.0
2018-06-21 20:14:57.750941,1,0.0
2018-06-21 20:15:09.011585,1,0.0
2018-06-21 20:15:20.290716,1,0.0
2018-06-21 20:15:31.557341,1,0.0
2018-06-21 20:15:42.805753,1,0.0
2018-06-21 20:15:54.125347,1,0.0
2018-06-21 20:16:05.413825,1,0.0
2018-06-21 20:16:16.727142,1,0.0
2018-06-21 20:16:27.977010,1,0.0
2018-06-21 20:16:39.254361,1,0.0
2018-06-21 20:16:50.676270,1,0.0
2018-06-21 20:17:01.969797,1,0.0
2018-06-21 20:17:13.237979,1,0.0
2018-06-21 20:17:24.608619,1,0.0
2018-06-21 20:17:35.910963,1,0.0
2018-06-21 20:17:47.191947,1,0.0
2018-06-21 20:17:58.509686,1,0.0
2018-06-21 20:18:09.880001,1,0.0
2018-06-21 20:18:21.174116,1,0.0
2018-06-21 20:18:32.393841,1,0.0
2018-06-21 20:18:43.752862,1,0.0
2018-06-21 20:18:55.065563,1,0.0
2018-06-21 20:19:06.349370,1,0.0
2018-06-21 20:19:17.635649,1,0.0
2018-06-21 20:19:28.932460,1,0.0
2018-06-21 20:19:40.219887,1,0.0
2018-06-21 20:19:51.529870,1,0.0
2018-06-21 20:20:02.798165,1,0.0
2018-06-21 20:20:14.148155,1,0.0
2018-06-21 20:20:25.477579,1,0.0
2018-06-21 20:20:36.743135,1,0.0
2018-06-21 20:20:47.965113,1,0.0
2018-06-21 20:20:59.269386,1,0.0
2018-06-21 20:21:10.521819,1,0.0
2018-06-21 20:21:21.848581,1,0.0
2018-06-21 20:21:33.055444,1,0.0
2018-06-21 20:21:44.387224,1,0.0
2018-06-21 20:21:55.704791,1,0.0
2018-06-21 20:22:07.083969,1,0.0
2018-06-21 20:22:18.455852,1,0.0
2018-06-21 20:22:29.725186,1,0.0
2018-06-21 20:22:41.014590,1,0.0
2018-06-21 20:22:52.223592,1,0.0
2018-06-21 20:23:03.579010,1,0.0
2018-06-21 20:23:14.811863,1,0.0
2018-06-21 20:23:26.063904,1,0.0
2018-06-21 20:23:37.336600,1,0.0
2018-06-21 20:23:48.593331,1,0.0
2018-06-21 20:23:59.891448,1,0.0
2018-06-21 20:24:11.228474,1,0.0
2018-06-21 20:24:22.496839,1,0.0
2018-06-21 20:24:33.912327,1,0.0
2018-06-21 20:24:45.294347,1,0.0
2018-06-21 20:24:56.593037,1,0.0
2018-06-21 20:25:07.931468,1,0.0
2018-06-21 20:25:19.302816,1,0.0
2018-06-21 20:25:30.613435,1,0.0
2018-06-21 20:25:41.906152,1,0.0
2018-06-21 20:25:53.161624,1,0.0
2018-06-21 20:26:04.450536,1,0.0
2018-06-21 20:26:15.743175,1,0.0
2018-06-21 20:26:27.015973,1,0.0
2018-06-21 20:26:38.334998,1,0.0
2018-06-21 20:26:49.593403,1,0.0
2018-06-21 20:27:00.860261,1,0.0
2018-06-21 20:27:12.163951,1,0.0
2018-06-21 20:27:23.695222,1,0.0
2018-06-21 20:27:35.065516,1,0.0
2018-06-21 20:27:46.354760,1,0.0
2018-06-21 20:27:57.696683,1,0.0
2018-06-21 20:28:09.001375,1,0.0
2018-06-21 20:28:20.292629,1,0.0
2018-06-21 20:28:31.677249,1,0.0
2018-06-21 20:28:43.099540,1,0.0
2018-06-21 20:28:54.383815,1,0.0
2018-06-21 20:29:05.784921,1,0.0
2018-06-21 20:29:17.045051,1,0.0
2018-06-21 20:29:28.313192,1,0.0
2018-06-21 20:29:39.635764,1,0.0
2018-06-21 20:29:50.927740,1,0.0
2018-06-21 20:30:02.167368,1,0.0
2018-06-21 20:30:13.587352,1,0.0
2018-06-21 20:30:24.903399,1,0.0
2018-06-21 20:30:36.133695,1,0.0
2018-06-21 20:30:47.402855,1,0.0
2018-06-21 20:30:58.707325,1,0.0
2018-06-21 20:31:09.918721,1,0.0
2018-06-21 20:31:21.229125,1,0.0
2018-06-21 20:31:32.520283,1,0.0
2018-06-21 20:31:43.835941,1,0.0
2018-06-21 20:31:55.154064,1,0.0
2018-06-21 20:32:06.374543,1,0.0
2018-06-21 20:32:17.620107,1,0.0
2018-06-21 20:32:28.891265,1,0.0
2018-06-21 20:32:40.158792,1,0.0
2018-06-21 20:32:51.468309,1,0.0
2018-06-21 20:33:02.785145,1,0.0
2018-06-21 20:33:14.059038,1,0.0
2018-06-21 20:33:25.334251,1,0.0
2018-06-21 20:33:36.576474,1,0.0
2018-06-21 20:33:47.819787,1,0.0
2018-06-21 20:33:59.099989,1,0.0
2018-06-21 20:34:10.347987,1,0.0
2018-06-21 20:34:21.593034,1,0.0
2018-06-21 20:34:32.863272,1,0.0
2018-06-21 20:34:44.216062,1,0.0
2018-06-21 20:34:55.455355,1,0.0
2018-06-21 20:35:06.773342,1,0.0
2018-06-21 20:35:18.074242,1,0.0
2018-06-21 20:35:29.352180,1,0.0
2018-06-21 20:35:40.656394,1,0.0
2018-06-21 20:35:51.954640,1,0.0
2018-06-21 20:36:03.213759,1,0.0
2018-06-21 20:36:14.529711,1,0.0
2018-06-21 20:36:25.850432,1,0.0
2018-06-21 20:36:37.106805,1,0.0
2018-06-21 20:36:48.339664,1,0.0
2018-06-21 20:36:59.602710,1,0.0
2018-06-21 20:37:10.848662,1,0.0
2018-06-21 20:37:22.106463,1,0.0
2018-06-21 20:37:33.398328,1,0.0
2018-06-21 20:37:44.738108,1,0.0
2018-06-21 20:37:56.110766,1,0.0
2018-06-21 20:38:07.377386,1,0.0
2018-06-21 20:38:18.705047,1,0.0
2018-06-21 20:38:29.967100,1,0.0
2018-06-21 20:38:41.360631,1,0.0
2018-06-21 20:38:52.651036,1,0.0
2018-06-21 20:39:03.994827,1,0.0
2018-06-21 20:39:15.286431,1,0.0
2018-06-21 20:39:26.638684,1,0.0
2018-06-21 20:39:37.943779,1,0.0
2018-06-21 20:39:49.348400,1,0.0
2018-06-21 20:40:00.640550,1,0.0
2018-06-21 20:40:11.904508,1,0.0
2018-06-21 20:40:23.232059,1,0.0
2018-06-21 20:40:34.511271,1,0.0
2018-06-21 20:40:45.888958,1,0.0
2018-06-21 20:40:57.242381,1,0.0
2018-06-21 20:41:08.503199,1,0.0
2018-06-21 20:41:19.824063,1,0.0
2018-06-21 20:41:31.109947,1,0.0
2018-06-21 20:41:42.429741,1,0.0
2018-06-21 20:41:53.769544,1,0.0
2018-06-21 20:42:05.112250,1,0.0
2018-06-21 20:42:16.414641,1,0.0
2018-06-21 20:42:27.721597,1,0.0
2018-06-21 20:42:39.060148,1,0.0
2018-06-21 20:42:50.371726,1,0.0
2018-06-21 20:43:01.719082,1,0.0
2018-06-21 20:43:12.963011,1,0.0
2018-06-21 20:43:24.376370,1,0.0
2018-06-21 20:43:35.625603,1,0.0
2018-06-21 20:43:46.933813,1,0.0
2018-06-21 20:43:58.224640,1,0.0
2018-06-21 20:44:09.459402,1,0.0
2018-06-21 20:44:20.798169,1,0.0
2018-06-21 20:44:32.128023,1,0.0
2018-06-21 20:44:43.486461,1,0.0
2018-06-21 20:44:54.754825,1,0.0
2018-06-21 20:45:05.977875,1,0.0
2018-06-21 20:45:17.256065,1,0.0
2018-06-21 20:45:28.527319,1,0.0
2018-06-21 20:45:39.847576,1,0.0
2018-06-21 20:45:51.152099,1,0.0
2018-06-21 20:46:02.371663,1,0.0
2018-06-21 20:46:13.671176,1,0.0
2018-06-21 20:46:25.109315,1,0.0
2018-06-21 20:46:36.382941,1,0.0
2018-06-21 20:46:47.627287,1,0.0
2018-06-21 20:46:58.871723,1,0.0
2018-06-21 20:47:10.238784,1,0.0
2018-06-21 20:47:21.502002,1,0.0
2018-06-21 20:47:32.699580,1,0.0
2018-06-21 20:47:44.006229,1,0.0
2018-06-21 20:47:55.449889,1,0.0
2018-06-21 20:48:06.654635,1,0.0
2018-06-21 20:48:18.134502,1,0.0
2018-06-21 20:48:29.486594,1,0.0
2018-06-21 20:48:40.851636,1,0.0
2018-06-21 20:48:52.134477,1,0.0
2018-06-21 20:49:03.474730,1,0.0
2018-06-21 20:49:14.860044,1,0.0
2018-06-21 20:49:26.216911,1,0.0
2018-06-21 20:49:37.541517,1,0.0
2018-06-21 20:49:48.954875,1,0.0
2018-06-21 20:50:00.175726,1,0.0
2018-06-21 20:50:11.538838,1,0.0
2018-06-21 20:50:22.809438,1,0.0
2018-06-21 20:50:34.105202,1,0.0
2018-06-21 20:50:45.455034,1,0.0
2018-06-21 20:50:56.688939,1,0.0
2018-06-21 20:51:07.977134,1,0.0
2018-06-21 20:51:19.310897,1,0.0
2018-06-21 20:51:30.763041,1,0.0
2018-06-21 20:51:42.049910,1,0.0
2018-06-21 20:51:53.346534,1,0.0
2018-06-21 20:52:04.735301,1,0.0
2018-06-21 20:52:16.054314,1,0.0
2018-06-21 20:52:27.349639,1,0.0
2018-06-21 20:52:38.635310,1,0.0
2018-06-21 20:52:49.987281,1,0.0
2018-06-21 20:53:01.322416,1,0.0
2018-06-21 20:53:12.619706,1,0.0
2018-06-21 20:53:23.957151,1,0.0
2018-06-21 20:53:35.257097,1,0.0
2018-06-21 20:53:46.516036,1,0.0
2018-06-21 20:53:57.815426,1,0.0
2018-06-21 20:54:09.072770,1,0.0
2018-06-21 20:54:20.310662,1,0.0
2018-06-21 20:54:31.655620,1,0.0
2018-06-21 20:54:42.901511,1,0.0
2018-06-21 20:54:54.179437,1,0.0
2018-06-21 20:55:05.478488,1,0.0
2018-06-21 20:55:16.737951,1,0.0
2018-06-21 20:55:28.110908,1,0.0
2018-06-21 20:55:39.343566,1,0.0
2018-06-21 20:55:50.597506,1,0.0
2018-06-21 20:56:01.994902,1,0.0
2018-06-21 20:56:13.302378,1,0.0
2018-06-21 20:56:24.614032,1,0.0
2018-06-21 20:56:35.847437,1,0.0
2018-06-21 20:56:47.146810,1,0.0
2018-06-21 20:56:58.477633,1,0.0
2018-06-21 20:57:09.799053,1,0.0
2018-06-21 20:57:21.095279,1,0.0
2018-06-21 20:57:32.364010,1,0.0
2018-06-21 20:57:43.729697,1,0.0
2018-06-21 20:57:55.059622,1,0.0
2018-06-21 20:58:06.325177,1,0.0
2018-06-21 20:58:17.677715,1,0.0
2018-06-21 20:58:28.970491,1,0.0
2018-06-21 20:58:40.288290,1,0.0
2018-06-21 20:58:51.681052,1,0.0
2018-06-21 20:59:03.133529,1,0.0
2018-06-21 20:59:14.413143,1,0.0
2018-06-21 20:59:25.782346,1,0.0
2018-06-21 20:59:37.090961,1,0.0
2018-06-21 20:59:48.472316,1,0.0
2018-06-21 20:59:59.806623,1,0.0
2018-06-21 21:00:11.147259,1,0.0
2018-06-21 21:00:22.417426,1,0.0
2018-06-21 21:00:33.759532,1,0.0
2018-06-21 21:00:45.068318,1,0.0
2018-06-21 21:00:56.361005,1,0.0
2018-06-21 21:01:07.646150,1,0.0
2018-06-21 21:01:18.998593,1,0.0
2018-06-21 21:01:30.316290,1,0.0
2018-06-21 21:01:41.586167,1,0.0
2018-06-21 21:01:52.926317,1,0.0
2018-06-21 21:02:04.274279,1,0.0
2018-06-21 21:02:15.566066,1,0.0
2018-06-21 21:02:26.824267,1,0.0
2018-06-21 21:02:38.086732,1,0.0
2018-06-21 21:02:49.412695,1,0.0
2018-06-21 21:03:00.660337,1,0.0
2018-06-21 21:03:11.927808,1,0.0
2018-06-21 21:03:23.172786,1,0.0
2018-06-21 21:03:34.531773,1,0.0
2018-06-21 21:03:45.786156,1,0.0
2018-06-21 21:03:57.064515,1,0.0
2018-06-21 21:04:08.402714,1,0.0
2018-06-21 21:04:19.735200,1,0.0
2018-06-21 21:04:30.997496,1,0.0
2018-06-21 21:04:42.275914,1,0.0
2018-06-21 21:04:53.631300,1,0.0
2018-06-21 21:05:04.924553,1,0.0
2018-06-21 21:05:16.229649,1,0.0
2018-06-21 21:05:27.509525,1,0.0
2018-06-21 21:05:38.807190,1,0.0
2018-06-21 21:05:50.088741,1,0.0
2018-06-21 21:06:01.444322,1,0.0
2018-06-21 21:06:12.734344,1,0.0
2018-06-21 21:06:24.046211,1,0.0
2018-06-21 21:06:35.256403,1,0.0
2018-06-21 21:06:46.553086,1,0.0
2018-06-21 21:06:57.885263,1,0.0
2018-06-21 21:07:09.135436,1,0.0
2018-06-21 21:07:20.398641,1,0.0
2018-06-21 21:07:31.646471,1,0.0
2018-06-21 21:07:42.929325,1,0.0
2018-06-21 21:07:54.228158,1,0.0
2018-06-21 21:08:05.472724,1,0.0
2018-06-21 21:08:16.736264,1,0.0
2018-06-21 21:08:28.031130,1,0.0
2018-06-21 21:08:39.347789,1,0.0
2018-06-21 21:08:50.664638,1,0.0
2018-06-21 21:09:01.943762,1,0.0
2018-06-21 21:09:13.372244,1,0.0
2018-06-21 21:09:24.834343,1,0.0
2018-06-21 21:09:36.252356,1,0.0
2018-06-21 21:09:47.542191,1,0.0
2018-06-21 21:09:58.859918,1,0.0
2018-06-21 21:10:10.284515,1,0.0
2018-06-21 21:10:21.557719,1,0.0
2018-06-21 21:10:32.931409,1,0.0
2018-06-21 21:10:44.380454,1,0.0
2018-06-21 21:10:55.687167,1,0.0
2018-06-21 21:11:06.925579,1,0.0
2018-06-21 21:11:18.164903,1,0.0
2018-06-21 21:11:29.415673,1,0.0
2018-06-21 21:11:40.674442,1,0.0
2018-06-21 21:11:51.914139,1,0.0
2018-06-21 21:12:03.235258,1,0.0
2018-06-21 21:12:14.577604,1,0.0
2018-06-21 21:12:25.868802,1,0.0
2018-06-21 21:12:37.083371,1,0.0
2018-06-21 21:12:48.319638,1,0.0
2018-06-21 21:12:59.625952,1,0.0
2018-06-21 21:13:10.962492,1,0.0
2018-06-21 21:13:22.224667,1,0.0
2018-06-21 21:13:33.582294,1,0.0
2018-06-21 21:13:44.933742,1,0.0
2018-06-21 21:13:56.248618,1,0.0
2018-06-21 21:14:07.514046,1,0.0
2018-06-21 21:14:18.789543,1,0.0
2018-06-21 21:14:30.048655,1,0.0
2018-06-21 21:14:41.413762,1,0.0
2018-06-21 21:14:52.777288,1,0.0
2018-06-21 21:15:04.053418,1,0.0
2018-06-21 21:15:15.305205,1,0.0
2018-06-21 21:15:26.645868,1,0.0
2018-06-21 21:15:37.960346,1,0.0
2018-06-21 21:15:49.273368,1,0.0
2018-06-21 21:16:00.529215,1,0.0
2018-06-21 21:16:11.827592,1,0.0
2018-06-21 21:16:23.062087,1,0.0
2018-06-21 21:16:34.383560,1,0.0
2018-06-21 21:16:45.686772,1,0.0
2018-06-21 21:16:56.906237,1,0.0
2018-06-21 21:17:08.212755,1,0.0
2018-06-21 21:17:19.618040,1,0.0
2018-06-21 21:17:30.811006,1,0.0
2018-06-21 21:17:42.084915,1,0.0
2018-06-21 21:17:53.501703,1,0.0
2018-06-21 21:18:04.831579,1,0.0
2018-06-21 21:18:16.042895,1,0.0
2018-06-21 21:18:27.373458,1,0.0
2018-06-21 21:18:38.670476,1,0.0
2018-06-21 21:18:49.969332,1,0.0
2018-06-21 21:19:01.221417,1,0.0
2018-06-21 21:19:12.522411,1,1.0
2018-06-21 21:19:23.872711,1,0.0
2018-06-21 21:19:35.239118,1,0.0
2018-06-21 21:19:46.512414,1,0.0
2018-06-21 21:19:57.887572,1,0.0
2018-06-21 21:20:09.229687,1,0.0
2018-06-21 21:20:20.541261,1,0.0
2018-06-21 21:20:31.808852,1,0.0
2018-06-21 21:20:43.091450,1,0.0
2018-06-21 21:20:54.615437,1,0.0
2018-06-21 21:21:05.971919,1,0.0
2018-06-21 21:21:17.281209,1,0.0
2018-06-21 21:21:28.551609,1,0.0
2018-06-21 21:21:39.917199,1,0.0
2018-06-21 21:21:51.216661,1,0.0
2018-06-21 21:22:02.484743,1,0.0
2018-06-21 21:22:13.759083,1,0.0
2018-06-21 21:22:25.165179,1,0.0
2018-06-21 21:22:36.476909,1,0.0
2018-06-21 21:22:47.734611,1,0.0
2018-06-21 21:22:59.099821,1,0.0
2018-06-21 21:23:10.442243,1,0.0
2018-06-21 21:23:21.748820,1,0.0
2018-06-21 21:23:33.030910,1,0.0
2018-06-21 21:23:44.362412,1,0.0
2018-06-21 21:23:55.648295,1,0.0
2018-06-21 21:24:06.937044,1,0.0
2018-06-21 21:24:18.193772,1,0.0
2018-06-21 21:24:29.534015,1,0.0
2018-06-21 21:24:40.789430,1,0.0
2018-06-21 21:24:52.085629,1,0.0
2018-06-21 21:25:03.483722,1,0.0
2018-06-21 21:25:14.877254,1,0.0
2018-06-21 21:25:26.177435,1,0.0
2018-06-21 21:25:37.502717,1,0.0
2018-06-21 21:25:48.841828,1,0.0
2018-06-21 21:26:00.195925,1,0.0
2018-06-21 21:26:11.557123,1,0.0
2018-06-21 21:26:22.844016,1,0.0
2018-06-21 21:26:34.124299,1,0.0
2018-06-21 21:26:45.424320,1,0.0
2018-06-21 21:26:56.668721,1,0.0
2018-06-21 21:27:07.990048,1,0.0
2018-06-21 21:27:19.225895,1,0.0
2018-06-21 21:27:30.472224,1,0.0
2018-06-21 21:27:41.710532,1,0.0
2018-06-21 21:27:52.995934,1,0.0
2018-06-21 21:28:04.346157,1,0.0
2018-06-21 21:28:15.619110,1,0.0
2018-06-21 21:28:26.956508,1,0.0
2018-06-21 21:28:38.324297,1,0.0
2018-06-21 21:28:49.634006,1,0.0
2018-06-21 21:29:00.957245,1,0.0
2018-06-21 21:29:12.216109,1,0.0
2018-06-21 21:29:23.557269,1,0.0
2018-06-21 21:29:34.804419,1,0.0
2018-06-21 21:29:46.116521,1,0.0
2018-06-21 21:29:57.501472,1,0.0
2018-06-21 21:30:08.865147,1,0.0
2018-06-21 21:30:20.301048,1,0.0
2018-06-21 21:30:31.762766,1,0.0
2018-06-21 21:30:43.142767,1,0.0
2018-06-21 21:30:54.558801,1,0.0
2018-06-21 21:31:06.037156,1,0.0
2018-06-21 21:31:17.348193,1,0.0
2018-06-21 21:31:28.698840,1,0.0
2018-06-21 21:31:40.002677,1,0.0
2018-06-21 21:31:51.306498,1,0.0
2018-06-21 21:32:02.626444,1,0.0
2018-06-21 21:32:13.961231,1,0.0
2018-06-21 21:32:25.209931,1,0.0
2018-06-21 21:32:36.480081,1,0.0
2018-06-21 21:32:47.807307,1,0.0
2018-06-21 21:32:59.132253,1,0.0
2018-06-21 21:33:10.379379,1,0.0
2018-06-21 21:33:21.718849,1,0.0
2018-06-21 21:33:33.000463,1,0.0
2018-06-21 21:33:44.318719,1,0.0
2018-06-21 21:33:55.700808,1,0.0
2018-06-21 21:34:06.964570,1,0.0
2018-06-21 21:34:18.301059,1,0.0
2018-06-21 21:34:29.615442,1,0.0
2018-06-21 21:34:40.959270,1,0.0
2018-06-21 21:34:52.212292,1,0.0
2018-06-21 21:35:03.540981,1,0.0
2018-06-21 21:35:14.845342,1,0.0
2018-06-21 21:35:26.173032,1,0.0
2018-06-21 21:35:37.465174,1,0.0
2018-06-21 21:35:48.774254,1,0.0
2018-06-21 21:36:00.163559,1,0.0
2018-06-21 21:36:11.418581,1,0.0
2018-06-21 21:36:22.732607,1,0.0
2018-06-21 21:36:34.068030,1,0.0
2018-06-21 21:36:45.377004,1,0.0
2018-06-21 21:36:56.618288,1,0.0
2018-06-21 21:37:08.025500,1,0.0
2018-06-21 21:37:19.290466,1,0.0
2018-06-21 21:37:30.675001,1,0.0
2018-06-21 21:37:41.991055,1,0.0
2018-06-21 21:37:53.366231,1,0.0
2018-06-21 21:38:04.647942,1,0.0
2018-06-21 21:38:16.050378,1,0.0
2018-06-21 21:38:27.283320,1,0.0
2018-06-21 21:38:38.566620,1,0.0
2018-06-21 21:38:49.839022,1,0.0
2018-06-21 21:39:01.116407,1,0.0
2018-06-21 21:39:12.413717,1,0.0
2018-06-21 21:39:23.745474,1,0.0
2018-06-21 21:39:35.016821,1,0.0
2018-06-21 21:39:46.298420,1,0.0
2018-06-21 21:39:57.631969,1,0.0
2018-06-21 21:40:08.858829,1,0.0
2018-06-21 21:40:20.188639,1,0.0
2018-06-21 21:40:31.427438,1,0.0
2018-06-21 21:40:42.636498,1,0.0
2018-06-21 21:40:54.019363,1,0.0
2018-06-21 21:41:05.455313,1,0.0
2018-06-21 21:41:16.827412,1,0.0
2018-06-21 21:41:28.207593,1,0.0
2018-06-21 21:41:39.522975,1,0.0
2018-06-21 21:41:50.833770,1,0.0
2018-06-21 21:42:02.176952,1,0.0
2018-06-21 21:42:13.605470,1,0.0
2018-06-21 21:42:24.930605,1,0.0
2018-06-21 21:42:36.217754,1,0.0
2018-06-21 21:42:47.524267,1,0.0
2018-06-21 21:42:58.842883,1,0.0
2018-06-21 21:43:10.131891,1,0.0
2018-06-21 21:43:21.458775,1,0.0
2018-06-21 21:43:32.820307,1,0.0
2018-06-21 21:43:44.103967,1,0.0
2018-06-21 21:43:55.445158,1,0.0
2018-06-21 21:44:06.707258,1,0.0
2018-06-21 21:44:18.022525,1,0.0
2018-06-21 21:44:29.272181,1,0.0
2018-06-21 21:44:40.607835,1,0.0
2018-06-21 21:44:51.957474,1,0.0
2018-06-21 21:45:03.361507,1,0.0
2018-06-21 21:45:14.716504,1,0.0
2018-06-21 21:45:25.982151,1,0.0
2018-06-21 21:45:37.262168,1,0.0
2018-06-21 21:45:48.617016,1,0.0
2018-06-21 21:45:59.968400,1,0.0
2018-06-21 21:46:11.225013,1,0.0
2018-06-21 21:46:22.511913,1,0.0
2018-06-21 21:46:33.916692,1,0.0
2018-06-21 21:46:45.320722,1,0.0
2018-06-21 21:46:56.624161,1,0.0
2018-06-21 21:47:07.957739,1,0.0
2018-06-21 21:47:19.224682,1,0.0
2018-06-21 21:47:30.530929,1,0.0
2018-06-21 21:47:41.832835,1,0.0
2018-06-21 21:47:53.149617,1,0.0
2018-06-21 21:48:04.485821,1,0.0
2018-06-21 21:48:15.774277,1,0.0
2018-06-21 21:48:27.036986,1,0.0
2018-06-21 21:48:38.408589,1,0.0
2018-06-21 21:48:49.691288,1,0.0
2018-06-21 21:49:01.023623,1,0.0
2018-06-21 21:49:12.366341,1,0.0
2018-06-21 21:49:23.678694,1,0.0
2018-06-21 21:49:34.885668,1,0.0
2018-06-21 21:49:46.190398,1,0.0
2018-06-21 21:49:57.530540,1,0.0
2018-06-21 21:50:08.788752,1,0.0
2018-06-21 21:50:20.101507,1,0.0
2018-06-21 21:50:31.415621,1,0.0
2018-06-21 21:50:42.711231,1,0.0
2018-06-21 21:50:54.030530,1,0.0
2018-06-21 21:51:05.313411,1,0.0
2018-06-21 21:51:16.527829,1,0.0
2018-06-21 21:51:27.877154,1,0.0
2018-06-21 21:51:39.202390,1,0.0
2018-06-21 21:51:50.413324,1,0.0
2018-06-21 21:52:01.776955,1,0.0
2018-06-21 21:52:13.226323,1,0.0
2018-06-21 21:52:24.690572,1,0.0
2018-06-21 21:52:35.995978,1,0.0
2018-06-21 21:52:47.327599,1,0.0
2018-06-21 21:52:58.684465,1,0.0
2018-06-21 21:53:09.961043,1,0.0
2018-06-21 21:53:21.303031,1,0.0
2018-06-21 21:53:32.640828,1,0.0
2018-06-21 21:53:43.929834,1,0.0
2018-06-21 21:53:55.305038,1,0.0
2018-06-21 21:54:06.593974,1,0.0
2018-06-21 21:54:17.896245,1,0.0
2018-06-21 21:54:29.234568,1,0.0
2018-06-21 21:54:40.553762,1,0.0
2018-06-21 21:54:51.888349,1,0.0
2018-06-21 21:55:03.164028,1,0.0
2018-06-21 21:55:14.475464,1,0.0
2018-06-21 21:55:25.759262,1,0.0
2018-06-21 21:55:37.015580,1,0.0
2018-06-21 21:55:48.310486,1,0.0
2018-06-21 21:55:59.624103,1,0.0
2018-06-21 21:56:10.979583,1,0.0
2018-06-21 21:56:22.248087,1,0.0
2018-06-21 21:56:33.543611,1,0.0
2018-06-21 21:56:44.855838,1,0.0
2018-06-21 21:56:56.123616,1,0.0
2018-06-21 21:57:07.398127,1,0.0
2018-06-21 21:57:18.701527,1,0.0
2018-06-21 21:57:30.013539,1,0.0
2018-06-21 21:57:41.299855,1,0.0
2018-06-21 21:57:52.612224,1,0.0
