2018-06-21 19:27:18.802091,0.758,229.106,0.0,0.0,0.0
2018-06-21 19:27:30.136091,0.498,278.979,0.0,0.0,0.0
2018-06-21 19:27:41.427320,0.526,255.803,0.0,0.0,0.0
2018-06-21 19:27:52.651678,0.669,382.335,0.0,0.0,0.0
2018-06-21 19:28:03.916259,0.904,464.073,0.0,0.0,0.0
2018-06-21 19:28:15.238684,0.747,459.971,0.0,0.0,0.0
2018-06-21 19:28:26.692417,0.728,459.066,0.0,0.0,0.0
2018-06-21 19:28:38.052937,0.702,457.384,0.0,0.0,0.0
2018-06-21 19:28:49.402588,0.66,453.708,0.0,0.0,0.0
2018-06-21 19:29:00.675692,0.649,450.766,0.0,0.0,0.0
2018-06-21 19:29:11.976852,0.627,460.01,0.0,0.0,0.0
2018-06-21 19:29:23.325134,0.627,489.158,0.0,0.0,0.0
2018-06-21 19:29:34.642074,0.649,441.767,0.0,0.0,0.0
2018-06-21 19:29:45.927049,0.621,451.489,0.0,0.0,0.0
2018-06-21 19:29:57.145756,0.604,451.476,0.0,0.0,0.0
2018-06-21 19:30:08.364412,0.639,458.123,0.0,0.0,0.0
2018-06-21 19:30:19.656213,0.651,449.562,0.0,0.0,0.0
2018-06-21 19:30:30.915201,0.666,450.24,0.0,0.0,0.0
2018-06-21 19:30:42.159411,0.718,444.373,0.0,0.0,0.0
2018-06-21 19:30:53.480534,0.749,499.473,0.0,0.0,0.0
2018-06-21 19:31:04.739959,0.79,445.173,0.0,0.0,0.0
2018-06-21 19:31:16.142272,0.827,457.341,0.0,0.0,0.0
2018-06-21 19:31:27.352872,0.834,457.638,0.0,0.0,0.0
2018-06-21 19:31:38.641564,0.816,459.81,0.0,0.0,0.0
2018-06-21 19:31:49.949947,0.842,461.723,0.0,0.0,0.0
2018-06-21 19:32:01.240275,0.845,461.476,0.0,0.0,0.0
2018-06-21 19:32:12.464254,0.71,401.599,0.0,0.0,0.0
2018-06-21 19:32:23.800827,0.89,510.368,0.0,0.0,0.0
2018-06-21 19:32:35.092406,0.867,464.329,0.0,0.0,0.0
2018-06-21 19:32:46.248025,0.803,466.739,0.0,0.0,0.0
2018-06-21 19:32:57.560024,0.771,458.971,0.0,0.0,0.0
2018-06-21 19:33:08.841495,0.795,455.57,0.0,0.0,0.0
2018-06-21 19:33:20.116238,0.78,421.548,0.0,0.0,0.0
2018-06-21 19:33:31.309487,0.742,455.622,0.0,0.0,0.0
2018-06-21 19:33:42.622641,0.71,443.823,0.0,0.0,0.0
2018-06-21 19:33:53.964089,0.861,428.491,0.0,0.0,0.0
2018-06-21 19:34:05.356137,0.703,452.835,0.0,0.0,0.0
2018-06-21 19:34:16.607296,0.731,457.699,0.0,0.0,0.0
2018-06-21 19:34:27.877396,0.733,450.84,0.0,0.0,0.0
2018-06-21 19:34:39.132608,0.737,456.02,0.0,0.0,0.0
2018-06-21 19:34:50.335077,0.739,449.887,0.0,0.0,0.0
2018-06-21 19:35:01.564123,0.741,454.27,0.0,0.0,0.0
2018-06-21 19:35:12.791189,0.691,472.018,0.0,0.0,0.0
2018-06-21 19:35:24.107636,0.911,373.463,0.0,0.0,0.0
2018-06-21 19:35:35.374104,0.398,381.234,0.0,0.0,0.0
2018-06-21 19:35:46.642525,0.183,319.059,0.0,0.0,0.0
2018-06-21 19:35:57.922956,0.07,240.55,0.0,0.0,0.0
2018-06-21 19:36:09.189106,0.07,228.451,0.0,0.0,0.0
2018-06-21 19:36:20.458798,0.069,231.182,0.0,0.0,0.0
2018-06-21 19:36:31.726842,0.069,230.972,0.0,0.0,0.0
2018-06-21 19:36:43.001444,0.007,220.964,0.0,0.0,0.0
2018-06-21 19:36:54.272055,0.074,228.485,0.0,0.0,0.0
2018-06-21 19:37:05.629860,0.093,227.784,0.0,0.0,0.0
2018-06-21 19:37:16.873990,0.089,225.082,0.0,0.0,0.0
2018-06-21 19:37:28.194113,0.089,226.899,0.0,0.0,0.0
2018-06-21 19:37:39.470951,0.111,231.323,0.0,0.0,0.0
2018-06-21 19:37:50.754095,0.116,230.6,0.0,0.0,0.0
2018-06-21 19:38:02.004392,0.116,228.802,0.0,0.0,0.0
2018-06-21 19:38:13.353231,0.103,221.334,0.0,0.0,0.0
2018-06-21 19:38:24.681497,0.136,231.855,0.0,0.0,0.0
2018-06-21 19:38:35.955183,0.136,230.974,0.0,0.0,0.0
2018-06-21 19:38:47.209318,0.135,227.605,0.0,0.0,0.0
2018-06-21 19:38:58.471092,0.135,228.498,0.0,0.0,0.0
2018-06-21 19:39:09.814218,0.134,232.087,0.0,0.0,0.0
2018-06-21 19:39:21.109613,0.132,235.489,0.0,0.0,0.0
2018-06-21 19:39:32.451695,0.1,216.695,0.0,0.0,0.0
2018-06-21 19:39:43.742301,0.11,221.187,0.0,0.0,0.0
2018-06-21 19:39:54.976313,0.131,228.482,0.0,0.0,0.0
2018-06-21 19:40:06.311091,0.128,227.788,0.0,0.0,0.0
2018-06-21 19:40:17.644476,0.102,231.234,0.0,0.0,0.0
2018-06-21 19:40:28.911198,0.102,231.92,0.0,0.0,0.0
2018-06-21 19:40:40.205023,0.103,228.517,0.0,0.0,0.0
2018-06-21 19:40:51.477590,0.074,217.745,0.0,0.0,0.0
2018-06-21 19:41:02.759696,0.007,221.742,0.0,0.0,0.0
2018-06-21 19:41:14.076333,0.071,225.116,0.0,0.0,0.0
2018-06-21 19:41:25.434357,0.071,228.604,0.0,0.0,0.0
2018-06-21 19:41:36.697073,0.073,231.954,0.0,0.0,0.0
2018-06-21 19:41:47.997303,0.073,231.26,0.0,0.0,0.0
2018-06-21 19:41:59.329797,0.072,236.433,0.0,0.0,0.0
2018-06-21 19:42:10.574929,0.074,232.942,0.0,0.0,0.0
2018-06-21 19:42:21.869340,0.074,232.881,0.0,0.0,0.0
2018-06-21 19:42:33.109686,0.007,229.727,0.0,0.0,0.0
2018-06-21 19:42:44.366074,0.072,281.959,0.0,0.0,0.0
2018-06-21 19:42:55.630393,0.072,229.775,0.0,0.0,0.0
2018-06-21 19:43:06.925736,0.358,344.449,0.0,0.0,0.0
2018-06-21 19:43:18.150566,0.486,368.82,0.0,0.0,0.0
2018-06-21 19:43:29.449263,0.82,454.871,0.0,0.0,0.0
2018-06-21 19:43:40.687963,0.72,456.88,0.0,0.0,0.0
2018-06-21 19:43:51.953270,0.702,454.464,0.0,0.0,0.0
2018-06-21 19:44:03.175428,0.698,383.122,0.0,0.0,0.0
2018-06-21 19:44:14.444061,0.614,458.1,0.0,0.0,0.0
2018-06-21 19:44:25.800860,0.622,465.955,0.0,0.0,0.0
2018-06-21 19:44:37.046511,0.625,451.553,0.0,0.0,0.0
2018-06-21 19:44:48.362519,0.598,458.577,0.0,0.0,0.0
2018-06-21 19:44:59.637133,0.592,469.976,0.0,0.0,0.0
2018-06-21 19:45:10.917352,0.601,470.103,0.0,0.0,0.0
2018-06-21 19:45:22.155465,0.607,466.793,0.0,0.0,0.0
2018-06-21 19:45:33.500172,0.731,523.292,0.0,0.0,0.0
2018-06-21 19:45:44.852534,0.663,448.141,0.0,0.0,0.0
2018-06-21 19:45:56.100644,0.636,448.698,0.0,0.0,0.0
2018-06-21 19:46:07.489946,0.644,449.183,0.0,0.0,0.0
2018-06-21 19:46:18.850941,0.63,439.786,0.0,0.0,0.0
2018-06-21 19:46:30.168524,0.586,432.402,0.0,0.0,0.0
2018-06-21 19:46:41.454792,0.55,431.678,0.0,0.0,0.0
2018-06-21 19:46:52.720820,0.421,395.492,0.0,0.0,0.0
2018-06-21 19:47:04.059246,0.764,516.538,0.0,0.0,0.0
2018-06-21 19:47:15.286120,0.798,441.213,0.0,0.0,0.0
2018-06-21 19:47:26.502675,0.777,447.21,0.0,0.0,0.0
2018-06-21 19:47:37.801048,0.776,444.96,0.0,0.0,0.0
2018-06-21 19:47:49.047252,0.812,453.459,0.0,0.0,0.0
2018-06-21 19:48:00.390188,0.807,448.522,0.0,0.0,0.0
2018-06-21 19:48:11.619325,0.807,447.495,0.0,0.0,0.0
2018-06-21 19:48:22.880864,0.726,387.199,0.0,0.0,0.0
2018-06-21 19:48:34.263460,1.119,539.748,0.0,0.0,0.0
2018-06-21 19:48:45.562171,0.864,454.128,0.0,0.0,0.0
2018-06-21 19:48:56.751240,0.824,447.095,0.0,0.0,0.0
2018-06-21 19:49:08.025583,0.825,450.597,0.0,0.0,0.0
2018-06-21 19:49:19.335125,0.82,450.436,0.0,0.0,0.0
2018-06-21 19:49:30.647054,0.72,422.385,0.0,0.0,0.0
2018-06-21 19:49:41.926868,0.732,453.584,0.0,0.0,0.0
2018-06-21 19:49:53.143157,0.756,442.264,0.0,0.0,0.0
2018-06-21 19:50:04.429224,0.694,449.63,0.0,0.0,0.0
2018-06-21 19:50:15.775879,0.663,449.451,0.0,0.0,0.0
2018-06-21 19:50:27.065114,0.662,451.881,0.0,0.0,0.0
2018-06-21 19:50:38.431238,0.636,455.155,0.0,0.0,0.0
2018-06-21 19:50:49.797303,0.653,460.685,0.0,0.0,0.0
2018-06-21 19:51:01.113858,0.638,432.179,0.0,0.0,0.0
2018-06-21 19:51:12.407115,0.266,264.04,0.0,0.0,0.0
2018-06-21 19:51:23.869016,0.142,176.087,0.0,0.0,0.0
2018-06-21 19:51:35.170892,0.141,228.614,0.0,0.0,0.0
2018-06-21 19:51:46.430354,0.139,229.315,0.0,0.0,0.0
2018-06-21 19:51:57.743230,0.136,225.079,0.0,0.0,0.0
2018-06-21 19:52:09.039686,0.137,224.967,0.0,0.0,0.0
2018-06-21 19:52:20.331579,0.137,231.709,0.0,0.0,0.0
2018-06-21 19:52:31.615446,0.138,233.634,0.0,0.0,0.0
2018-06-21 19:52:42.942074,0.104,227.939,0.0,0.0,0.0
2018-06-21 19:52:54.189697,0.123,231.797,0.0,0.0,0.0
2018-06-21 19:53:05.527769,0.124,231.726,0.0,0.0,0.0
2018-06-21 19:53:16.790381,0.119,231.817,0.0,0.0,0.0
2018-06-21 19:53:28.110453,0.093,235.305,0.0,0.0,0.0
2018-06-21 19:53:39.395190,0.093,232.078,0.0,0.0,0.0
2018-06-21 19:53:50.707426,0.095,228.544,0.0,0.0,0.0
2018-06-21 19:54:01.969097,0.07,210.737,0.0,0.0,0.0
2018-06-21 19:54:13.246198,0.006,214.653,0.0,0.0,0.0
2018-06-21 19:54:24.566640,0.075,228.484,0.0,0.0,0.0
2018-06-21 19:54:35.875898,0.075,232.034,0.0,0.0,0.0
2018-06-21 19:54:47.120905,0.072,228.599,0.0,0.0,0.0
2018-06-21 19:54:58.420428,0.071,228.449,0.0,0.0,0.0
2018-06-21 19:55:09.795759,0.071,230.322,0.0,0.0,0.0
2018-06-21 19:55:21.107581,0.069,229.626,0.0,0.0,0.0
2018-06-21 19:55:32.559019,0.101,211.103,0.0,0.0,0.0
2018-06-21 19:55:43.840241,0.007,221.255,0.0,0.0,0.0
2018-06-21 19:55:55.212744,0.073,235.613,0.0,0.0,0.0
2018-06-21 19:56:06.513104,0.074,235.33,0.0,0.0,0.0
2018-06-21 19:56:17.824057,0.07,231.86,0.0,0.0,0.0
2018-06-21 19:56:29.092310,0.07,228.519,0.0,0.0,0.0
2018-06-21 19:56:40.338465,0.079,232.035,0.0,0.0,0.0
2018-06-21 19:56:51.652180,0.083,235.55,0.0,0.0,0.0
2018-06-21 19:57:03.060533,0.107,221.846,0.0,0.0,0.0
2018-06-21 19:57:14.333294,0.109,225.0,0.0,0.0,0.0
2018-06-21 19:57:25.591241,0.109,226.751,0.0,0.0,0.0
2018-06-21 19:57:36.999753,0.134,233.783,0.0,0.0,0.0
2018-06-21 19:57:48.321121,0.134,233.862,0.0,0.0,0.0
2018-06-21 19:57:59.618818,0.134,235.628,0.0,0.0,0.0
2018-06-21 19:58:10.995678,0.14,235.563,0.0,0.0,0.0
2018-06-21 19:58:22.305755,0.143,228.507,0.0,0.0,0.0
2018-06-21 19:58:33.657496,0.423,291.507,0.0,0.0,0.0
2018-06-21 19:58:44.950826,0.647,461.154,0.0,0.0,0.0
2018-06-21 19:58:56.235098,0.624,454.396,0.0,0.0,0.0
2018-06-21 19:59:07.522040,0.626,454.224,0.0,0.0,0.0
2018-06-21 19:59:18.844417,0.608,449.736,0.0,0.0,0.0
2018-06-21 19:59:30.107734,0.611,438.712,0.0,0.0,0.0
2018-06-21 19:59:41.384761,0.614,447.315,0.0,0.0,0.0
2018-06-21 19:59:52.691706,0.643,517.055,0.0,0.0,0.0
2018-06-21 20:00:04.095018,0.814,442.047,0.0,0.0,0.0
2018-06-21 20:00:15.406976,0.592,438.649,0.0,0.0,0.0
2018-06-21 20:00:26.661682,0.577,448.5,0.0,0.0,0.0
2018-06-21 20:00:37.920254,0.579,433.167,0.0,0.0,0.0
2018-06-21 20:00:49.225522,0.612,425.667,0.0,0.0,0.0
2018-06-21 20:01:00.562365,0.59,426.333,0.0,0.0,0.0
2018-06-21 20:01:11.795447,0.636,432.833,0.0,0.0,0.0
2018-06-21 20:01:23.028487,0.793,483.75,0.0,0.0,0.0
2018-06-21 20:01:34.320091,0.808,333.8,0.0,0.0,0.0
2018-06-21 20:01:45.644030,0.717,460.5,0.0,0.0,0.0
2018-06-21 20:01:56.900974,0.721,457.167,0.0,0.0,0.0
2018-06-21 20:02:08.205169,0.791,450.667,0.0,0.0,0.0
2018-06-21 20:02:19.513801,0.778,451.0,0.0,0.0,0.0
2018-06-21 20:02:30.849260,0.783,456.0,0.0,0.0,0.0
2018-06-21 20:02:42.131420,0.821,453.333,0.0,0.0,0.0
2018-06-21 20:02:53.495085,1.077,522.0,0.0,0.0,0.0
2018-06-21 20:03:04.858880,0.871,454.167,0.0,0.0,0.0
2018-06-21 20:03:16.139991,0.88,453.5,0.0,0.0,0.0
2018-06-21 20:03:27.359961,0.873,453.0,0.0,0.0,0.0
2018-06-21 20:03:38.609361,0.859,451.333,0.0,0.0,0.0
2018-06-21 20:03:49.951369,0.811,456.667,0.0,0.0,0.0
2018-06-21 20:04:01.261077,0.796,458.667,0.0,0.0,0.0
2018-06-21 20:04:12.568753,0.647,413.5,0.0,0.0,0.0
2018-06-21 20:04:23.921440,0.993,529.0,0.0,0.0,0.0
2018-06-21 20:04:35.254722,0.735,460.5,0.0,0.0,0.0
2018-06-21 20:04:46.493665,0.669,436.5,0.0,0.0,0.0
2018-06-21 20:04:57.783152,0.655,453.167,0.0,0.0,0.0
2018-06-21 20:05:09.113250,0.687,465.333,0.0,0.0,0.0
2018-06-21 20:05:20.411700,0.631,425.0,0.0,0.0,0.0
2018-06-21 20:05:31.736672,0.631,460.833,0.0,0.0,0.0
2018-06-21 20:05:43.006765,0.703,506.5,0.0,0.0,0.0
2018-06-21 20:05:54.273951,0.672,455.167,0.0,0.0,0.0
2018-06-21 20:06:05.570814,0.62,455.167,0.0,0.0,0.0
2018-06-21 20:06:16.830207,0.592,444.333,0.0,0.0,0.0
2018-06-21 20:06:28.241397,0.589,377.5,0.0,0.0,0.0
2018-06-21 20:06:39.649947,0.272,264.0,0.0,0.0,0.0
2018-06-21 20:06:51.114837,0.101,224.167,0.0,0.0,0.0
2018-06-21 20:07:02.441404,0.106,221.75,0.0,0.0,0.0
2018-06-21 20:07:13.868301,0.107,231.25,0.0,0.0,0.0
2018-06-21 20:07:25.234938,0.072,237.167,0.0,0.0,0.0
2018-06-21 20:07:36.558436,0.072,229.5,0.0,0.0,0.0
2018-06-21 20:07:47.908985,0.072,230.0,0.0,0.0,0.0
2018-06-21 20:07:59.285099,0.074,224.667,0.0,0.0,0.0
2018-06-21 20:08:10.633953,0.074,224.667,0.0,0.0,0.0
2018-06-21 20:08:21.950834,0.074,232.167,0.0,0.0,0.0
2018-06-21 20:08:33.277164,0.101,244.75,0.0,0.0,0.0
2018-06-21 20:08:44.619223,0.07,224.833,0.0,0.0,0.0
2018-06-21 20:08:55.884067,0.072,224.833,0.0,0.0,0.0
2018-06-21 20:09:07.162296,0.072,227.5,0.0,0.0,0.0
2018-06-21 20:09:18.442068,0.072,228.167,0.0,0.0,0.0
2018-06-21 20:09:29.741746,0.073,231.833,0.0,0.0,0.0
2018-06-21 20:09:41.075156,0.073,224.833,0.0,0.0,0.0
2018-06-21 20:09:52.321363,0.073,227.833,0.0,0.0,0.0
2018-06-21 20:10:03.587966,0.104,243.25,0.0,0.0,0.0
2018-06-21 20:10:14.927671,0.095,231.833,0.0,0.0,0.0
2018-06-21 20:10:26.252187,0.099,228.333,0.0,0.0,0.0
2018-06-21 20:10:37.573734,0.097,227.667,0.0,0.0,0.0
2018-06-21 20:10:48.853744,0.123,226.0,0.0,0.0,0.0
2018-06-21 20:11:00.179612,0.121,229.5,0.0,0.0,0.0
2018-06-21 20:11:11.472660,0.122,229.5,0.0,0.0,0.0
2018-06-21 20:11:22.782129,0.105,230.25,0.0,0.0,0.0
2018-06-21 20:11:34.080261,0.14,277.8,0.0,0.0,0.0
2018-06-21 20:11:45.419885,0.142,224.667,0.0,0.0,0.0
2018-06-21 20:11:56.681602,0.141,224.833,0.0,0.0,0.0
2018-06-21 20:12:08.052448,0.141,224.167,0.0,0.0,0.0
2018-06-21 20:12:19.339699,0.139,224.833,0.0,0.0,0.0
2018-06-21 20:12:30.684513,0.142,226.5,0.0,0.0,0.0
2018-06-21 20:12:41.962690,0.142,226.5,0.0,0.0,0.0
2018-06-21 20:12:53.296261,0.107,225.25,0.0,0.0,0.0
2018-06-21 20:13:04.665105,0.119,231.833,0.0,0.0,0.0
2018-06-21 20:13:15.942810,0.121,231.667,0.0,0.0,0.0
2018-06-21 20:13:27.264253,0.096,231.0,0.0,0.0,0.0
2018-06-21 20:13:38.691356,0.096,230.833,0.0,0.0,0.0
2018-06-21 20:13:50.015600,0.363,306.667,0.0,0.0,0.0
2018-06-21 20:14:01.306368,0.342,332.833,0.0,0.0,0.0
2018-06-21 20:14:12.583744,0.452,474.0,0.0,0.0,0.0
2018-06-21 20:14:23.832711,0.63,467.833,0.0,0.0,0.0
2018-06-21 20:14:35.173491,0.668,451.167,0.0,0.0,0.0
2018-06-21 20:14:46.421650,0.696,458.333,0.0,0.0,0.0
2018-06-21 20:14:57.659351,0.696,457.667,0.0,0.0,0.0
2018-06-21 20:15:08.914579,0.699,458.167,0.0,0.0,0.0
2018-06-21 20:15:20.217256,0.684,458.333,0.0,0.0,0.0
2018-06-21 20:15:31.475878,0.704,456.333,0.0,0.0,0.0
2018-06-21 20:15:42.718291,0.575,456.0,0.0,0.0,0.0
2018-06-21 20:15:54.008551,0.798,454.0,0.0,0.0,0.0
2018-06-21 20:16:05.326724,0.823,454.167,0.0,0.0,0.0
2018-06-21 20:16:16.646359,0.734,443.667,0.0,0.0,0.0
2018-06-21 20:16:27.895315,0.794,466.833,0.0,0.0,0.0
2018-06-21 20:16:39.153907,0.801,468.5,0.0,0.0,0.0
2018-06-21 20:16:50.545139,0.78,456.667,0.0,0.0,0.0
2018-06-21 20:17:01.875888,0.816,454.833,0.0,0.0,0.0
2018-06-21 20:17:13.153246,0.886,481.25,0.0,0.0,0.0
2018-06-21 20:17:24.485608,0.901,547.2,0.0,0.0,0.0
2018-06-21 20:17:35.838170,0.767,451.833,0.0,0.0,0.0
2018-06-21 20:17:47.113299,0.763,441.5,0.0,0.0,0.0
2018-06-21 20:17:58.428724,0.764,444.167,0.0,0.0,0.0
2018-06-21 20:18:09.777958,0.811,440.667,0.0,0.0,0.0
2018-06-21 20:18:21.074933,0.76,433.5,0.0,0.0,0.0
2018-06-21 20:18:32.329111,0.75,436.667,0.0,0.0,0.0
2018-06-21 20:18:43.624134,0.859,505.5,0.0,0.0,0.0
2018-06-21 20:18:54.959295,0.663,447.333,0.0,0.0,0.0
2018-06-21 20:19:06.271437,0.599,418.667,0.0,0.0,0.0
2018-06-21 20:19:17.557709,0.58,430.5,0.0,0.0,0.0
2018-06-21 20:19:28.857137,0.609,450.0,0.0,0.0,0.0
2018-06-21 20:19:40.116323,0.621,443.167,0.0,0.0,0.0
2018-06-21 20:19:51.434374,0.598,449.833,0.0,0.0,0.0
2018-06-21 20:20:02.720973,0.409,432.25,0.0,0.0,0.0
2018-06-21 20:20:14.033126,0.567,448.667,0.0,0.0,0.0
2018-06-21 20:20:25.406032,0.613,451.833,0.0,0.0,0.0
2018-06-21 20:20:36.665791,0.622,447.833,0.0,0.0,0.0
2018-06-21 20:20:47.887611,0.603,434.167,0.0,0.0,0.0
2018-06-21 20:20:59.191663,0.638,451.833,0.0,0.0,0.0
2018-06-21 20:21:10.427008,0.643,451.5,0.0,0.0,0.0
2018-06-21 20:21:21.744954,0.643,450.667,0.0,0.0,0.0
2018-06-21 20:21:32.980269,0.505,424.5,0.0,0.0,0.0
2018-06-21 20:21:44.287700,1.007,505.75,0.0,0.0,0.0
2018-06-21 20:21:55.587473,0.341,300.667,0.0,0.0,0.0
2018-06-21 20:22:06.997162,0.073,228.333,0.0,0.0,0.0
2018-06-21 20:22:18.357150,0.073,229.0,0.0,0.0,0.0
2018-06-21 20:22:29.631117,0.073,230.167,0.0,0.0,0.0
2018-06-21 20:22:40.920227,0.077,226.667,0.0,0.0,0.0
2018-06-21 20:22:52.149511,0.077,226.667,0.0,0.0,0.0
2018-06-21 20:23:03.501091,0.007,223.0,0.0,0.0,0.0
2018-06-21 20:23:14.732082,0.075,228.5,0.0,0.0,0.0
2018-06-21 20:23:25.978778,0.075,229.0,0.0,0.0,0.0
2018-06-21 20:23:37.260330,0.074,225.0,0.0,0.0,0.0
2018-06-21 20:23:48.505158,0.075,228.333,0.0,0.0,0.0
2018-06-21 20:23:59.792733,0.101,228.333,0.0,0.0,0.0
2018-06-21 20:24:11.130450,0.103,228.167,0.0,0.0,0.0
2018-06-21 20:24:22.391423,0.11,221.0,0.0,0.0,0.0
2018-06-21 20:24:33.823210,0.113,217.5,0.0,0.0,0.0
2018-06-21 20:24:45.179621,0.113,228.5,0.0,0.0,0.0
2018-06-21 20:24:56.506694,0.134,235.167,0.0,0.0,0.0
2018-06-21 20:25:07.824150,0.141,238.5,0.0,0.0,0.0
2018-06-21 20:25:19.206791,0.141,235.0,0.0,0.0,0.0
2018-06-21 20:25:30.512064,0.143,225.5,0.0,0.0,0.0
2018-06-21 20:25:41.819393,0.142,224.833,0.0,0.0,0.0
2018-06-21 20:25:53.077058,0.109,227.75,0.0,0.0,0.0
2018-06-21 20:26:04.375735,0.142,232.667,0.0,0.0,0.0
2018-06-21 20:26:15.648960,0.143,231.5,0.0,0.0,0.0
2018-06-21 20:26:26.933600,0.144,221.167,0.0,0.0,0.0
2018-06-21 20:26:38.214144,0.12,224.667,0.0,0.0,0.0
2018-06-21 20:26:49.513990,0.12,227.667,0.0,0.0,0.0
2018-06-21 20:27:00.784977,0.12,231.833,0.0,0.0,0.0
2018-06-21 20:27:12.079051,0.093,228.167,0.0,0.0,0.0
2018-06-21 20:27:23.515251,0.035,219.75,0.0,0.0,0.0
2018-06-21 20:27:34.946696,0.07,223.667,0.0,0.0,0.0
2018-06-21 20:27:46.285717,0.07,234.333,0.0,0.0,0.0
2018-06-21 20:27:57.631437,0.071,224.167,0.0,0.0,0.0
2018-06-21 20:28:08.913796,0.071,228.167,0.0,0.0,0.0
2018-06-21 20:28:20.197653,0.072,232.5,0.0,0.0,0.0
2018-06-21 20:28:31.569233,0.075,236.0,0.0,0.0,0.0
2018-06-21 20:28:42.999822,0.109,225.25,0.0,0.0,0.0
2018-06-21 20:28:54.291232,0.073,222.5,0.0,0.0,0.0
2018-06-21 20:29:05.699476,0.158,250.833,0.0,0.0,0.0
2018-06-21 20:29:16.971429,0.455,338.167,0.0,0.0,0.0
2018-06-21 20:29:28.226218,0.77,450.333,0.0,0.0,0.0
2018-06-21 20:29:39.542502,0.752,439.667,0.0,0.0,0.0
2018-06-21 20:29:50.840181,0.796,455.667,0.0,0.0,0.0
2018-06-21 20:30:02.078793,0.806,456.833,0.0,0.0,0.0
2018-06-21 20:30:13.510520,0.689,408.0,0.0,0.0,0.0
2018-06-21 20:30:24.785552,0.828,447.167,0.0,0.0,0.0
2018-06-21 20:30:36.058532,0.829,447.667,0.0,0.0,0.0
2018-06-21 20:30:47.320988,0.865,447.333,0.0,0.0,0.0
2018-06-21 20:30:58.616203,0.843,451.333,0.0,0.0,0.0
2018-06-21 20:31:09.852319,0.844,454.5,0.0,0.0,0.0
2018-06-21 20:31:21.138549,0.852,450.667,0.0,0.0,0.0
2018-06-21 20:31:32.413130,1.058,535.0,0.0,0.0,0.0
2018-06-21 20:31:43.722636,0.592,455.667,0.0,0.0,0.0
2018-06-21 20:31:55.043679,0.678,416.0,0.0,0.0,0.0
2018-06-21 20:32:06.297626,0.678,455.5,0.0,0.0,0.0
2018-06-21 20:32:17.548556,0.676,452.333,0.0,0.0,0.0
2018-06-21 20:32:28.805905,0.631,444.167,0.0,0.0,0.0
2018-06-21 20:32:40.071737,0.607,458.333,0.0,0.0,0.0
2018-06-21 20:32:51.363782,0.658,452.167,0.0,0.0,0.0
2018-06-21 20:33:02.691233,0.869,420.5,0.0,0.0,0.0
2018-06-21 20:33:13.939512,0.581,449.0,0.0,0.0,0.0
2018-06-21 20:33:25.234865,0.568,445.167,0.0,0.0,0.0
2018-06-21 20:33:36.503990,0.548,435.833,0.0,0.0,0.0
2018-06-21 20:33:47.732016,0.578,440.667,0.0,0.0,0.0
2018-06-21 20:33:59.027458,0.548,430.0,0.0,0.0,0.0
2018-06-21 20:34:10.245085,0.548,438.667,0.0,0.0,0.0
2018-06-21 20:34:21.520699,0.526,443.333,0.0,0.0,0.0
2018-06-21 20:34:32.773653,0.792,419.25,0.0,0.0,0.0
2018-06-21 20:34:44.064105,0.246,395.25,0.0,0.0,0.0
2018-06-21 20:34:55.365723,0.592,453.333,0.0,0.0,0.0
2018-06-21 20:35:06.684853,0.675,465.667,0.0,0.0,0.0
2018-06-21 20:35:17.991949,0.632,468.667,0.0,0.0,0.0
2018-06-21 20:35:29.263684,0.614,471.5,0.0,0.0,0.0
2018-06-21 20:35:40.547200,0.727,459.833,0.0,0.0,0.0
2018-06-21 20:35:51.867012,0.759,456.833,0.0,0.0,0.0
2018-06-21 20:36:03.130462,0.758,426.25,0.0,0.0,0.0
2018-06-21 20:36:14.419772,0.809,449.833,0.0,0.0,0.0
2018-06-21 20:36:25.752200,0.786,439.333,0.0,0.0,0.0
2018-06-21 20:36:37.034506,0.822,462.5,0.0,0.0,0.0
2018-06-21 20:36:48.244533,0.788,453.0,0.0,0.0,0.0
2018-06-21 20:36:59.520171,0.79,449.333,0.0,0.0,0.0
2018-06-21 20:37:10.775791,0.481,353.167,0.0,0.0,0.0
2018-06-21 20:37:22.034598,0.158,249.667,0.0,0.0,0.0
2018-06-21 20:37:33.301873,0.107,220.0,0.0,0.0,0.0
2018-06-21 20:37:44.649098,0.115,226.5,0.0,0.0,0.0
2018-06-21 20:37:56.001983,0.115,224.667,0.0,0.0,0.0
2018-06-21 20:38:07.292459,0.136,224.667,0.0,0.0,0.0
2018-06-21 20:38:18.610527,0.137,231.833,0.0,0.0,0.0
2018-06-21 20:38:29.899682,0.137,229.333,0.0,0.0,0.0
2018-06-21 20:38:41.275772,0.135,229.667,0.0,0.0,0.0
2018-06-21 20:38:52.566979,0.201,247.25,0.0,0.0,0.0
2018-06-21 20:39:03.918422,0.103,221.75,0.0,0.0,0.0
2018-06-21 20:39:15.207767,0.145,224.833,0.0,0.0,0.0
2018-06-21 20:39:26.563590,0.146,228.333,0.0,0.0,0.0
2018-06-21 20:39:37.847690,0.142,231.833,0.0,0.0,0.0
2018-06-21 20:39:49.245076,0.115,235.167,0.0,0.0,0.0
2018-06-21 20:40:00.529202,0.115,231.667,0.0,0.0,0.0
2018-06-21 20:40:11.832036,0.117,228.167,0.0,0.0,0.0
2018-06-21 20:40:23.139367,0.14,243.75,0.0,0.0,0.0
2018-06-21 20:40:34.406084,0.097,236.167,0.0,0.0,0.0
2018-06-21 20:40:45.767871,0.072,220.833,0.0,0.0,0.0
2018-06-21 20:40:57.139084,0.072,232.0,0.0,0.0,0.0
2018-06-21 20:41:08.424511,0.07,235.167,0.0,0.0,0.0
2018-06-21 20:41:19.749240,0.07,235.167,0.0,0.0,0.0
2018-06-21 20:41:31.037467,0.069,236.0,0.0,0.0,0.0
2018-06-21 20:41:42.318968,0.071,229.167,0.0,0.0,0.0
2018-06-21 20:41:53.641904,0.072,181.0,0.0,0.0,0.0
2018-06-21 20:42:05.003721,0.074,228.167,0.0,0.0,0.0
2018-06-21 20:42:16.339198,0.074,224.667,0.0,0.0,0.0
2018-06-21 20:42:27.641303,0.074,229.833,0.0,0.0,0.0
2018-06-21 20:42:38.983855,0.072,233.5,0.0,0.0,0.0
2018-06-21 20:42:50.296812,0.072,234.0,0.0,0.0,0.0
2018-06-21 20:43:01.621982,0.071,228.167,0.0,0.0,0.0
2018-06-21 20:43:12.889336,0.105,230.75,0.0,0.0,0.0
2018-06-21 20:43:24.262243,0.106,215.5,0.0,0.0,0.0
2018-06-21 20:43:35.529037,0.073,228.833,0.0,0.0,0.0
2018-06-21 20:43:46.846476,0.072,224.833,0.0,0.0,0.0
2018-06-21 20:43:58.129804,0.092,224.833,0.0,0.0,0.0
2018-06-21 20:44:09.389398,0.091,228.333,0.0,0.0,0.0
2018-06-21 20:44:20.713253,0.092,235.333,0.0,0.0,0.0
2018-06-21 20:44:32.031235,0.283,271.667,0.0,0.0,0.0
2018-06-21 20:44:43.390127,0.79,418.0,0.0,0.0,0.0
2018-06-21 20:44:54.639964,0.733,453.167,0.0,0.0,0.0
2018-06-21 20:45:05.892170,0.728,463.833,0.0,0.0,0.0
2018-06-21 20:45:17.174732,0.728,459.0,0.0,0.0,0.0
2018-06-21 20:45:28.446828,0.67,470.0,0.0,0.0,0.0
2018-06-21 20:45:39.754245,0.69,458.833,0.0,0.0,0.0
2018-06-21 20:45:51.057426,0.681,466.0,0.0,0.0,0.0
2018-06-21 20:46:02.302021,0.661,434.5,0.0,0.0,0.0
2018-06-21 20:46:13.566400,0.678,458.5,0.0,0.0,0.0
2018-06-21 20:46:24.951313,0.728,448.0,0.0,0.0,0.0
2018-06-21 20:46:36.288655,0.711,467.333,0.0,0.0,0.0
2018-06-21 20:46:47.546410,0.712,460.333,0.0,0.0,0.0
2018-06-21 20:46:58.785712,0.794,458.667,0.0,0.0,0.0
2018-06-21 20:47:10.122077,0.777,453.167,0.0,0.0,0.0
2018-06-21 20:47:21.427628,0.789,456.667,0.0,0.0,0.0
2018-06-21 20:47:32.610886,0.776,398.0,0.0,0.0,0.0
2018-06-21 20:47:43.929464,0.801,467.667,0.0,0.0,0.0
2018-06-21 20:47:55.346135,0.808,465.667,0.0,0.0,0.0
2018-06-21 20:48:06.575329,0.784,466.333,0.0,0.0,0.0
2018-06-21 20:48:17.975692,0.784,463.333,0.0,0.0,0.0
2018-06-21 20:48:29.362981,0.754,472.167,0.0,0.0,0.0
2018-06-21 20:48:40.749705,0.785,471.333,0.0,0.0,0.0
2018-06-21 20:48:52.045361,0.76,458.0,0.0,0.0,0.0
2018-06-21 20:49:03.337421,0.748,419.0,0.0,0.0,0.0
2018-06-21 20:49:14.745954,0.763,458.667,0.0,0.0,0.0
2018-06-21 20:49:26.134575,0.742,455.0,0.0,0.0,0.0
2018-06-21 20:49:37.427458,0.741,461.667,0.0,0.0,0.0
2018-06-21 20:49:48.801353,0.763,455.167,0.0,0.0,0.0
2018-06-21 20:50:00.112771,0.766,459.833,0.0,0.0,0.0
2018-06-21 20:50:11.447781,0.744,405.833,0.0,0.0,0.0
2018-06-21 20:50:22.738861,0.661,444.5,0.0,0.0,0.0
2018-06-21 20:50:34.026963,0.769,461.0,0.0,0.0,0.0
2018-06-21 20:50:45.327687,0.8,466.0,0.0,0.0,0.0
2018-06-21 20:50:56.621511,0.806,453.333,0.0,0.0,0.0
2018-06-21 20:51:07.882918,0.775,452.0,0.0,0.0,0.0
2018-06-21 20:51:19.218597,0.792,447.667,0.0,0.0,0.0
2018-06-21 20:51:30.634157,0.802,451.667,0.0,0.0,0.0
2018-06-21 20:51:41.962516,0.778,437.833,0.0,0.0,0.0
2018-06-21 20:51:53.270802,0.617,437.5,0.0,0.0,0.0
2018-06-21 20:52:04.620277,0.731,450.667,0.0,0.0,0.0
2018-06-21 20:52:15.970579,0.683,453.167,0.0,0.0,0.0
2018-06-21 20:52:27.262343,0.492,387.667,0.0,0.0,0.0
2018-06-21 20:52:38.544801,0.264,340.333,0.0,0.0,0.0
2018-06-21 20:52:49.880592,0.182,240.667,0.0,0.0,0.0
2018-06-21 20:53:01.226045,0.144,224.833,0.0,0.0,0.0
2018-06-21 20:53:12.529096,0.116,221.5,0.0,0.0,0.0
2018-06-21 20:53:23.884055,0.106,227.75,0.0,0.0,0.0
2018-06-21 20:53:35.186919,0.115,228.333,0.0,0.0,0.0
2018-06-21 20:53:46.432728,0.117,228.333,0.0,0.0,0.0
2018-06-21 20:53:57.719954,0.089,231.833,0.0,0.0,0.0
2018-06-21 20:54:08.994235,0.088,228.5,0.0,0.0,0.0
2018-06-21 20:54:20.219130,0.087,227.667,0.0,0.0,0.0
2018-06-21 20:54:31.541365,0.072,221.0,0.0,0.0,0.0
2018-06-21 20:54:42.835546,0.007,227.5,0.0,0.0,0.0
2018-06-21 20:54:54.093068,0.071,225.167,0.0,0.0,0.0
2018-06-21 20:55:05.399142,0.071,228.5,0.0,0.0,0.0
2018-06-21 20:55:16.669850,0.074,224.667,0.0,0.0,0.0
2018-06-21 20:55:28.001671,0.073,224.833,0.0,0.0,0.0
2018-06-21 20:55:39.267838,0.073,224.0,0.0,0.0,0.0
2018-06-21 20:55:50.530409,0.073,228.5,0.0,0.0,0.0
2018-06-21 20:56:01.897534,0.074,228.333,0.0,0.0,0.0
2018-06-21 20:56:13.201808,0.007,219.75,0.0,0.0,0.0
2018-06-21 20:56:24.526835,0.074,228.167,0.0,0.0,0.0
2018-06-21 20:56:35.759984,0.075,231.833,0.0,0.0,0.0
2018-06-21 20:56:47.059972,0.072,227.667,0.0,0.0,0.0
2018-06-21 20:56:58.398646,0.073,232.0,0.0,0.0,0.0
2018-06-21 20:57:09.727303,0.082,228.333,0.0,0.0,0.0
2018-06-21 20:57:21.021930,0.082,232.0,0.0,0.0,0.0
2018-06-21 20:57:32.289479,0.082,230.167,0.0,0.0,0.0
2018-06-21 20:57:43.649489,0.057,230.75,0.0,0.0,0.0
2018-06-21 20:57:54.957275,0.108,229.667,0.0,0.0,0.0
2018-06-21 20:58:06.254318,0.131,228.333,0.0,0.0,0.0
2018-06-21 20:58:17.562738,0.132,228.333,0.0,0.0,0.0
2018-06-21 20:58:28.881722,0.132,228.167,0.0,0.0,0.0
2018-06-21 20:58:40.197348,0.142,225.5,0.0,0.0,0.0
2018-06-21 20:58:51.589372,0.141,228.167,0.0,0.0,0.0
2018-06-21 20:59:03.010961,0.109,219.0,0.0,0.0,0.0
2018-06-21 20:59:14.349085,0.135,229.333,0.0,0.0,0.0
2018-06-21 20:59:25.685421,0.135,231.667,0.0,0.0,0.0
2018-06-21 20:59:36.995830,0.138,228.0,0.0,0.0,0.0
2018-06-21 20:59:48.401015,0.135,225.5,0.0,0.0,0.0
2018-06-21 20:59:59.708399,0.283,278.333,0.0,0.0,0.0
2018-06-21 21:00:11.058266,0.396,359.0,0.0,0.0,0.0
2018-06-21 21:00:22.342124,0.683,448.5,0.0,0.0,0.0
2018-06-21 21:00:33.645385,0.834,429.0,0.0,0.0,0.0
2018-06-21 21:00:44.928573,0.7,449.833,0.0,0.0,0.0
2018-06-21 21:00:56.273982,0.724,442.833,0.0,0.0,0.0
2018-06-21 21:01:07.566277,0.724,435.333,0.0,0.0,0.0
2018-06-21 21:01:18.909222,0.716,420.667,0.0,0.0,0.0
2018-06-21 21:01:30.213552,0.71,449.333,0.0,0.0,0.0
2018-06-21 21:01:41.486234,0.718,446.0,0.0,0.0,0.0
2018-06-21 21:01:52.835329,0.741,457.75,0.0,0.0,0.0
2018-06-21 21:02:04.170905,0.708,434.167,0.0,0.0,0.0
2018-06-21 21:02:15.446851,0.717,440.5,0.0,0.0,0.0
2018-06-21 21:02:26.753968,0.698,443.333,0.0,0.0,0.0
2018-06-21 21:02:38.015953,0.775,446.167,0.0,0.0,0.0
2018-06-21 21:02:49.336556,0.799,441.0,0.0,0.0,0.0
2018-06-21 21:03:00.563030,0.776,427.0,0.0,0.0,0.0
2018-06-21 21:03:11.853555,0.822,434.833,0.0,0.0,0.0
2018-06-21 21:03:23.102677,0.961,480.75,0.0,0.0,0.0
2018-06-21 21:03:34.420316,0.83,423.167,0.0,0.0,0.0
2018-06-21 21:03:45.712430,0.831,447.167,0.0,0.0,0.0
2018-06-21 21:03:56.993518,0.824,445.333,0.0,0.0,0.0
2018-06-21 21:04:08.315533,0.849,432.667,0.0,0.0,0.0
2018-06-21 21:04:19.617372,0.85,434.0,0.0,0.0,0.0
2018-06-21 21:04:30.923022,0.867,432.0,0.0,0.0,0.0
2018-06-21 21:04:42.190469,0.845,435.667,0.0,0.0,0.0
2018-06-21 21:04:53.527323,0.97,494.75,0.0,0.0,0.0
2018-06-21 21:05:04.835213,0.821,450.833,0.0,0.0,0.0
2018-06-21 21:05:16.139679,0.784,443.5,0.0,0.0,0.0
2018-06-21 21:05:27.413812,0.79,447.333,0.0,0.0,0.0
2018-06-21 21:05:38.713019,0.802,447.0,0.0,0.0,0.0
2018-06-21 21:05:49.991916,0.725,456.167,0.0,0.0,0.0
2018-06-21 21:06:01.371165,0.714,434.5,0.0,0.0,0.0
2018-06-21 21:06:12.647173,0.709,398.0,0.0,0.0,0.0
2018-06-21 21:06:23.948991,0.622,447.833,0.0,0.0,0.0
2018-06-21 21:06:35.180497,0.659,461.667,0.0,0.0,0.0
2018-06-21 21:06:46.454925,0.659,451.0,0.0,0.0,0.0
2018-06-21 21:06:57.781583,0.655,464.333,0.0,0.0,0.0
2018-06-21 21:07:09.052050,0.652,452.333,0.0,0.0,0.0
2018-06-21 21:07:20.329723,0.696,451.333,0.0,0.0,0.0
2018-06-21 21:07:31.527889,0.695,448.833,0.0,0.0,0.0
2018-06-21 21:07:42.838275,0.801,491.5,0.0,0.0,0.0
2018-06-21 21:07:54.122365,0.838,430.4,0.0,0.0,0.0
2018-06-21 21:08:05.401650,0.274,265.333,0.0,0.0,0.0
2018-06-21 21:08:16.661207,0.072,232.667,0.0,0.0,0.0
2018-06-21 21:08:27.961733,0.07,229.167,0.0,0.0,0.0
2018-06-21 21:08:39.254205,0.07,229.167,0.0,0.0,0.0
2018-06-21 21:08:50.580594,0.07,228.333,0.0,0.0,0.0
2018-06-21 21:09:01.859609,0.074,228.5,0.0,0.0,0.0
2018-06-21 21:09:13.274839,0.107,221.25,0.0,0.0,0.0
2018-06-21 21:09:24.702614,0.07,232.333,0.0,0.0,0.0
2018-06-21 21:09:36.070129,0.07,228.0,0.0,0.0,0.0
2018-06-21 21:09:47.447047,0.07,224.667,0.0,0.0,0.0
2018-06-21 21:09:58.789481,0.075,221.167,0.0,0.0,0.0
2018-06-21 21:10:10.179006,0.075,224.667,0.0,0.0,0.0
2018-06-21 21:10:21.494272,0.197,249.833,0.0,0.0,0.0
2018-06-21 21:10:32.823246,0.976,580.75,0.0,0.0,0.0
2018-06-21 21:10:44.249073,1.3,694.833,0.0,0.0,0.0
2018-06-21 21:10:55.607693,1.293,691.167,0.0,0.0,0.0
2018-06-21 21:11:06.846038,1.259,660.5,0.0,0.0,0.0
2018-06-21 21:11:18.090231,1.299,682.5,0.0,0.0,0.0
2018-06-21 21:11:29.344771,1.215,645.167,0.0,0.0,0.0
2018-06-21 21:11:40.589782,1.22,689.0,0.0,0.0,0.0
2018-06-21 21:11:51.842934,1.221,683.5,0.0,0.0,0.0
2018-06-21 21:12:03.147642,1.349,688.25,0.0,0.0,0.0
2018-06-21 21:12:14.482426,1.207,685.833,0.0,0.0,0.0
2018-06-21 21:12:25.781369,1.178,671.5,0.0,0.0,0.0
2018-06-21 21:12:37.012211,1.122,676.0,0.0,0.0,0.0
2018-06-21 21:12:48.225444,1.1,685.167,0.0,0.0,0.0
2018-06-21 21:12:59.514929,1.124,682.333,0.0,0.0,0.0
2018-06-21 21:13:10.860577,1.087,655.5,0.0,0.0,0.0
2018-06-21 21:13:22.151960,1.058,664.0,0.0,0.0,0.0
2018-06-21 21:13:33.482202,0.696,501.5,0.0,0.0,0.0
2018-06-21 21:13:44.824192,0.134,222.5,0.0,0.0,0.0
2018-06-21 21:13:56.132909,0.108,221.333,0.0,0.0,0.0
2018-06-21 21:14:07.439201,0.109,224.833,0.0,0.0,0.0
2018-06-21 21:14:18.682365,0.11,224.167,0.0,0.0,0.0
2018-06-21 21:14:29.973799,0.082,226.5,0.0,0.0,0.0
2018-06-21 21:14:41.333832,0.082,224.667,0.0,0.0,0.0
2018-06-21 21:14:52.644520,0.107,222.5,0.0,0.0,0.0
2018-06-21 21:15:03.948983,0.074,227.5,0.0,0.0,0.0
2018-06-21 21:15:15.231744,0.076,224.0,0.0,0.0,0.0
2018-06-21 21:15:26.555366,0.076,224.833,0.0,0.0,0.0
2018-06-21 21:15:37.869378,0.076,228.333,0.0,0.0,0.0
2018-06-21 21:15:49.197844,0.41,338.333,0.0,0.0,0.0
2018-06-21 21:16:00.460008,0.422,350.667,0.0,0.0,0.0
2018-06-21 21:16:11.713825,0.662,446.333,0.0,0.0,0.0
2018-06-21 21:16:22.960856,0.967,551.25,0.0,0.0,0.0
2018-06-21 21:16:34.282442,0.663,450.833,0.0,0.0,0.0
2018-06-21 21:16:45.614649,0.692,438.667,0.0,0.0,0.0
2018-06-21 21:16:56.835010,0.693,449.667,0.0,0.0,0.0
2018-06-21 21:17:08.114207,0.73,448.167,0.0,0.0,0.0
2018-06-21 21:17:19.531406,0.67,458.667,0.0,0.0,0.0
2018-06-21 21:17:30.743988,0.67,456.833,0.0,0.0,0.0
2018-06-21 21:17:42.001095,0.694,458.333,0.0,0.0,0.0
2018-06-21 21:17:53.395229,1.057,571.0,0.0,0.0,0.0
2018-06-21 21:18:04.678285,0.727,461.333,0.0,0.0,0.0
2018-06-21 21:18:15.957987,0.661,436.667,0.0,0.0,0.0
2018-06-21 21:18:27.271155,0.661,460.667,0.0,0.0,0.0
2018-06-21 21:18:38.574487,0.682,461.5,0.0,0.0,0.0
2018-06-21 21:18:49.868905,0.669,443.0,0.0,0.0,0.0
2018-06-21 21:19:01.149360,0.669,460.5,0.0,0.0,0.0
2018-06-21 21:19:12.411669,0.55,467.0,0.0,0.0,0.0
2018-06-21 21:19:23.756544,0.638,447.0,0.0,0.0,0.0
2018-06-21 21:19:35.112494,0.683,445.0,0.0,0.0,0.0
2018-06-21 21:19:46.423107,0.662,430.0,0.0,0.0,0.0
2018-06-21 21:19:57.783080,0.683,445.167,0.0,0.0,0.0
2018-06-21 21:20:09.128987,0.726,445.0,0.0,0.0,0.0
2018-06-21 21:20:20.435072,0.684,437.5,0.0,0.0,0.0
2018-06-21 21:20:31.714689,0.712,447.667,0.0,0.0,0.0
2018-06-21 21:20:43.001899,0.757,490.75,0.0,0.0,0.0
2018-06-21 21:20:54.464468,0.716,441.5,0.0,0.0,0.0
2018-06-21 21:21:05.896979,0.687,444.333,0.0,0.0,0.0
2018-06-21 21:21:17.196177,0.66,441.667,0.0,0.0,0.0
2018-06-21 21:21:28.475171,0.7,446.167,0.0,0.0,0.0
2018-06-21 21:21:39.820693,0.703,445.667,0.0,0.0,0.0
2018-06-21 21:21:51.139075,0.653,444.833,0.0,0.0,0.0
2018-06-21 21:22:02.376579,0.411,393.0,0.0,0.0,0.0
2018-06-21 21:22:13.637491,0.909,523.5,0.0,0.0,0.0
2018-06-21 21:22:25.048826,0.686,446.833,0.0,0.0,0.0
2018-06-21 21:22:36.396293,0.651,449.0,0.0,0.0,0.0
2018-06-21 21:22:47.656761,0.621,434.667,0.0,0.0,0.0
2018-06-21 21:22:59.023173,0.631,443.833,0.0,0.0,0.0
2018-06-21 21:23:10.334516,0.665,448.833,0.0,0.0,0.0
2018-06-21 21:23:21.681455,0.665,452.833,0.0,0.0,0.0
2018-06-21 21:23:32.938095,0.421,387.5,0.0,0.0,0.0
2018-06-21 21:23:44.256212,0.577,403.833,0.0,0.0,0.0
2018-06-21 21:23:55.554615,0.312,297.167,0.0,0.0,0.0
2018-06-21 21:24:06.853113,0.084,235.167,0.0,0.0,0.0
2018-06-21 21:24:18.106653,0.083,231.0,0.0,0.0,0.0
2018-06-21 21:24:29.420165,0.11,231.667,0.0,0.0,0.0
2018-06-21 21:24:40.700298,0.112,228.167,0.0,0.0,0.0
2018-06-21 21:24:52.009578,0.112,228.167,0.0,0.0,0.0
2018-06-21 21:25:03.350438,0.104,221.5,0.0,0.0,0.0
2018-06-21 21:25:14.764744,0.139,235.167,0.0,0.0,0.0
2018-06-21 21:25:26.090964,0.139,235.167,0.0,0.0,0.0
2018-06-21 21:25:37.402702,0.138,228.333,0.0,0.0,0.0
2018-06-21 21:25:48.723831,0.138,231.833,0.0,0.0,0.0
2018-06-21 21:26:00.086699,0.14,228.5,0.0,0.0,0.0
2018-06-21 21:26:11.458765,0.14,231.167,0.0,0.0,0.0
2018-06-21 21:26:22.750848,0.107,226.25,0.0,0.0,0.0
2018-06-21 21:26:34.046755,0.131,228.167,0.0,0.0,0.0
2018-06-21 21:26:45.319740,0.132,228.0,0.0,0.0,0.0
2018-06-21 21:26:56.580754,0.129,231.5,0.0,0.0,0.0
2018-06-21 21:27:07.880606,0.071,214.0,0.0,0.0,0.0
2018-06-21 21:27:19.137148,0.07,226.0,0.0,0.0,0.0
2018-06-21 21:27:30.401091,0.073,229.0,0.0,0.0,0.0
2018-06-21 21:27:41.621695,0.073,235.667,0.0,0.0,0.0
2018-06-21 21:27:52.895292,0.006,227.5,0.0,0.0,0.0
2018-06-21 21:28:04.234485,0.071,192.6,0.0,0.0,0.0
2018-06-21 21:28:15.544350,0.072,231.833,0.0,0.0,0.0
2018-06-21 21:28:26.863839,0.074,228.167,0.0,0.0,0.0
2018-06-21 21:28:38.225342,0.074,228.167,0.0,0.0,0.0
2018-06-21 21:28:49.562047,0.074,224.667,0.0,0.0,0.0
2018-06-21 21:29:00.858736,0.068,224.667,0.0,0.0,0.0
2018-06-21 21:29:12.138214,0.068,224.833,0.0,0.0,0.0
2018-06-21 21:29:23.480437,0.007,226.25,0.0,0.0,0.0
2018-06-21 21:29:34.729912,0.072,231.667,0.0,0.0,0.0
2018-06-21 21:29:45.998307,0.072,231.667,0.0,0.0,0.0
2018-06-21 21:29:57.381206,0.074,228.167,0.0,0.0,0.0
2018-06-21 21:30:08.791619,0.074,228.167,0.0,0.0,0.0
2018-06-21 21:30:20.200615,0.1,224.833,0.0,0.0,0.0
2018-06-21 21:30:31.653406,0.096,224.833,0.0,0.0,0.0
2018-06-21 21:30:43.014578,0.101,225.0,0.0,0.0,0.0
2018-06-21 21:30:54.465074,0.117,228.167,0.0,0.0,0.0
2018-06-21 21:31:05.942721,0.299,264.0,0.0,0.0,0.0
2018-06-21 21:31:17.268208,0.318,338.333,0.0,0.0,0.0
2018-06-21 21:31:28.602804,0.61,449.667,0.0,0.0,0.0
2018-06-21 21:31:39.935084,0.609,449.667,0.0,0.0,0.0
2018-06-21 21:31:51.232931,0.608,448.5,0.0,0.0,0.0
2018-06-21 21:32:02.537089,0.682,505.0,0.0,0.0,0.0
2018-06-21 21:32:13.883193,0.864,531.4,0.0,0.0,0.0
2018-06-21 21:32:25.127914,0.604,447.667,0.0,0.0,0.0
2018-06-21 21:32:36.410536,0.615,450.333,0.0,0.0,0.0
2018-06-21 21:32:47.724303,0.673,452.167,0.0,0.0,0.0
2018-06-21 21:32:59.039297,0.685,447.0,0.0,0.0,0.0
2018-06-21 21:33:10.295626,0.667,443.667,0.0,0.0,0.0
2018-06-21 21:33:21.634527,0.741,447.0,0.0,0.0,0.0
2018-06-21 21:33:32.903087,0.87,526.75,0.0,0.0,0.0
2018-06-21 21:33:44.243429,0.838,451.667,0.0,0.0,0.0
2018-06-21 21:33:55.600170,0.807,431.0,0.0,0.0,0.0
2018-06-21 21:34:06.867108,0.792,441.333,0.0,0.0,0.0
2018-06-21 21:34:18.156233,0.821,439.833,0.0,0.0,0.0
2018-06-21 21:34:29.508662,0.862,437.333,0.0,0.0,0.0
2018-06-21 21:34:40.811438,0.852,430.5,0.0,0.0,0.0
2018-06-21 21:34:52.141157,0.891,442.667,0.0,0.0,0.0
2018-06-21 21:35:03.423396,1.168,509.25,0.0,0.0,0.0
2018-06-21 21:35:14.766435,0.862,448.5,0.0,0.0,0.0
2018-06-21 21:35:26.087615,0.839,450.167,0.0,0.0,0.0
2018-06-21 21:35:37.343431,0.846,446.0,0.0,0.0,0.0
2018-06-21 21:35:48.670991,0.886,447.667,0.0,0.0,0.0
2018-06-21 21:36:00.056864,0.848,455.5,0.0,0.0,0.0
2018-06-21 21:36:11.324933,0.833,459.5,0.0,0.0,0.0
2018-06-21 21:36:22.631182,0.677,419.75,0.0,0.0,0.0
2018-06-21 21:36:33.964665,0.707,468.0,0.0,0.0,0.0
2018-06-21 21:36:45.284123,0.761,463.167,0.0,0.0,0.0
2018-06-21 21:36:56.533845,0.693,429.833,0.0,0.0,0.0
2018-06-21 21:37:07.883721,0.657,432.333,0.0,0.0,0.0
2018-06-21 21:37:19.214667,0.605,444.833,0.0,0.0,0.0
2018-06-21 21:37:30.560211,0.578,432.667,0.0,0.0,0.0
2018-06-21 21:37:41.887113,0.579,445.667,0.0,0.0,0.0
2018-06-21 21:37:53.251348,0.653,500.5,0.0,0.0,0.0
2018-06-21 21:38:04.549247,0.624,425.833,0.0,0.0,0.0
2018-06-21 21:38:15.861954,0.638,433.667,0.0,0.0,0.0
2018-06-21 21:38:27.212704,0.611,433.0,0.0,0.0,0.0
2018-06-21 21:38:38.470662,0.611,433.833,0.0,0.0,0.0
2018-06-21 21:38:49.754216,0.594,433.333,0.0,0.0,0.0
2018-06-21 21:39:01.022761,0.614,433.5,0.0,0.0,0.0
2018-06-21 21:39:12.334981,0.612,371.167,0.0,0.0,0.0
2018-06-21 21:39:23.650578,0.134,235.333,0.0,0.0,0.0
2018-06-21 21:39:34.928887,0.134,228.5,0.0,0.0,0.0
2018-06-21 21:39:46.230512,0.122,228.333,0.0,0.0,0.0
2018-06-21 21:39:57.551454,0.122,224.167,0.0,0.0,0.0
2018-06-21 21:40:08.786269,0.126,228.167,0.0,0.0,0.0
2018-06-21 21:40:20.114085,0.1,228.333,0.0,0.0,0.0
2018-06-21 21:40:31.342407,0.1,228.333,0.0,0.0,0.0
2018-06-21 21:40:42.563416,0.104,225.25,0.0,0.0,0.0
2018-06-21 21:40:53.944784,0.104,226.5,0.0,0.0,0.0
2018-06-21 21:41:05.342298,0.073,228.333,0.0,0.0,0.0
2018-06-21 21:41:16.728451,0.073,227.5,0.0,0.0,0.0
2018-06-21 21:41:28.126972,0.074,227.5,0.0,0.0,0.0
2018-06-21 21:41:39.422119,0.072,228.167,0.0,0.0,0.0
2018-06-21 21:41:50.740206,0.072,228.333,0.0,0.0,0.0
2018-06-21 21:42:02.061939,0.072,231.833,0.0,0.0,0.0
2018-06-21 21:42:13.495020,0.101,246.25,0.0,0.0,0.0
2018-06-21 21:42:24.848938,0.071,233.5,0.0,0.0,0.0
2018-06-21 21:42:36.129893,0.071,230.333,0.0,0.0,0.0
2018-06-21 21:42:47.441983,0.071,232.833,0.0,0.0,0.0
2018-06-21 21:42:58.754673,0.071,227.5,0.0,0.0,0.0
2018-06-21 21:43:10.059053,0.072,231.5,0.0,0.0,0.0
2018-06-21 21:43:21.382935,0.071,228.167,0.0,0.0,0.0
2018-06-21 21:43:32.712263,0.007,221.5,0.0,0.0,0.0
2018-06-21 21:43:44.006056,0.073,227.5,0.0,0.0,0.0
2018-06-21 21:43:55.340169,0.099,228.0,0.0,0.0,0.0
2018-06-21 21:44:06.611683,0.1,224.667,0.0,0.0,0.0
2018-06-21 21:44:17.948578,0.1,232.5,0.0,0.0,0.0
2018-06-21 21:44:29.188308,0.125,228.5,0.0,0.0,0.0
2018-06-21 21:44:40.504648,0.124,228.333,0.0,0.0,0.0
2018-06-21 21:44:51.864409,0.124,228.333,0.0,0.0,0.0
2018-06-21 21:45:03.250423,0.105,224.0,0.0,0.0,0.0
2018-06-21 21:45:14.631772,0.135,228.5,0.0,0.0,0.0
2018-06-21 21:45:25.911183,0.133,231.167,0.0,0.0,0.0
2018-06-21 21:45:37.174155,0.135,228.167,0.0,0.0,0.0
2018-06-21 21:45:48.510573,0.136,228.167,0.0,0.0,0.0
2018-06-21 21:45:59.870100,0.134,228.167,0.0,0.0,0.0
2018-06-21 21:46:11.133349,0.138,227.5,0.0,0.0,0.0
2018-06-21 21:46:22.426098,0.112,219.75,0.0,0.0,0.0
2018-06-21 21:46:33.780471,0.107,227.25,0.0,0.0,0.0
2018-06-21 21:46:45.185792,0.118,235.0,0.0,0.0,0.0
2018-06-21 21:46:56.544696,0.119,231.167,0.0,0.0,0.0
2018-06-21 21:47:07.832706,0.096,234.167,0.0,0.0,0.0
2018-06-21 21:47:19.150968,0.096,231.667,0.0,0.0,0.0
2018-06-21 21:47:30.432229,0.094,230.0,0.0,0.0,0.0
2018-06-21 21:47:41.741718,0.073,215.167,0.0,0.0,0.0
2018-06-21 21:47:53.068498,0.007,225.25,0.0,0.0,0.0
2018-06-21 21:48:04.380151,0.074,228.167,0.0,0.0,0.0
2018-06-21 21:48:15.684884,0.074,228.167,0.0,0.0,0.0
2018-06-21 21:48:26.952912,0.071,231.0,0.0,0.0,0.0
2018-06-21 21:48:38.307541,0.071,231.167,0.0,0.0,0.0
2018-06-21 21:48:49.617865,0.07,231.833,0.0,0.0,0.0
2018-06-21 21:49:00.912413,0.07,231.833,0.0,0.0,0.0
2018-06-21 21:49:12.256678,0.07,231.833,0.0,0.0,0.0
2018-06-21 21:49:23.599385,0.074,220.0,0.0,0.0,0.0
2018-06-21 21:49:34.806710,0.074,224.667,0.0,0.0,0.0
2018-06-21 21:49:46.117154,0.074,228.0,0.0,0.0,0.0
2018-06-21 21:49:57.431945,0.075,230.833,0.0,0.0,0.0
2018-06-21 21:50:08.701037,0.075,227.5,0.0,0.0,0.0
2018-06-21 21:50:20.024472,0.075,225.0,0.0,0.0,0.0
2018-06-21 21:50:31.333395,0.073,225.0,0.0,0.0,0.0
2018-06-21 21:50:42.605276,0.105,219.75,0.0,0.0,0.0
2018-06-21 21:50:53.914892,0.038,220.0,0.0,0.0,0.0
2018-06-21 21:51:05.206779,0.094,228.5,0.0,0.0,0.0
2018-06-21 21:51:16.450355,0.113,228.167,0.0,0.0,0.0
2018-06-21 21:51:27.805743,0.107,228.333,0.0,0.0,0.0
2018-06-21 21:51:39.116814,0.107,220.5,0.0,0.0,0.0
2018-06-21 21:51:50.333871,0.135,224.833,0.0,0.0,0.0
2018-06-21 21:52:01.710401,0.135,224.667,0.0,0.0,0.0
2018-06-21 21:52:13.054310,0.098,219.75,0.0,0.0,0.0
2018-06-21 21:52:24.543678,0.141,231.0,0.0,0.0,0.0
2018-06-21 21:52:35.921490,0.14,231.667,0.0,0.0,0.0
2018-06-21 21:52:47.261155,0.141,231.0,0.0,0.0,0.0
2018-06-21 21:52:58.545933,0.142,224.667,0.0,0.0,0.0
2018-06-21 21:53:09.896251,0.143,228.333,0.0,0.0,0.0
2018-06-21 21:53:21.216212,0.141,231.833,0.0,0.0,0.0
2018-06-21 21:53:32.560865,0.181,243.0,0.0,0.0,0.0
2018-06-21 21:53:43.855322,0.081,277.6,0.0,0.0,0.0
2018-06-21 21:53:55.215928,0.097,228.5,0.0,0.0,0.0
2018-06-21 21:54:06.503739,0.098,224.833,0.0,0.0,0.0
2018-06-21 21:54:17.822594,0.098,228.333,0.0,0.0,0.0
2018-06-21 21:54:29.158125,0.074,214.0,0.0,0.0,0.0
2018-06-21 21:54:40.461840,0.073,224.5,0.0,0.0,0.0
2018-06-21 21:54:51.804062,0.073,228.833,0.0,0.0,0.0
2018-06-21 21:55:03.074641,0.108,222.75,0.0,0.0,0.0
2018-06-21 21:55:14.383639,0.07,228.167,0.0,0.0,0.0
2018-06-21 21:55:25.674417,0.07,228.167,0.0,0.0,0.0
2018-06-21 21:55:36.937886,0.07,224.833,0.0,0.0,0.0
2018-06-21 21:55:48.207537,0.074,228.167,0.0,0.0,0.0
2018-06-21 21:55:59.493365,0.073,228.167,0.0,0.0,0.0
2018-06-21 21:56:10.869017,0.073,232.0,0.0,0.0,0.0
2018-06-21 21:56:22.178743,0.073,228.167,0.0,0.0,0.0
2018-06-21 21:56:33.429396,0.106,216.5,0.0,0.0,0.0
2018-06-21 21:56:44.786360,0.072,231.833,0.0,0.0,0.0
2018-06-21 21:56:56.042031,0.072,231.833,0.0,0.0,0.0
2018-06-21 21:57:07.309718,0.081,224.0,0.0,0.0,0.0
2018-06-21 21:57:18.597991,0.082,228.0,0.0,0.0,0.0
2018-06-21 21:57:29.904348,0.083,226.333,0.0,0.0,0.0
2018-06-21 21:57:41.209138,0.104,230.0,0.0,0.0,0.0
2018-06-21 21:57:52.539099,0.152,241.25,0.0,0.0,0.0
