2018-06-21 19:27:18.889528,0.018,981.277,0.0,0.0,0.0
2018-06-21 19:27:30.222259,0.015,987.78,0.0,0.0,0.0
2018-06-21 19:27:41.505679,0.116,33.416,0.0,0.0,0.0
2018-06-21 19:27:52.742318,0.14,59.636,0.0,0.0,0.0
2018-06-21 19:28:04.004214,0.148,88.047,0.0,0.0,0.0
2018-06-21 19:28:15.324002,0.045,83.237,0.0,0.0,0.0
2018-06-21 19:28:26.864253,0.035,79.01,0.0,0.0,0.0
2018-06-21 19:28:38.178185,0.036,104.868,0.0,0.0,0.0
2018-06-21 19:28:49.471470,0.027,92.016,0.0,0.0,0.0
2018-06-21 19:29:00.770378,0.026,91.939,0.0,0.0,0.0
2018-06-21 19:29:12.052809,0.053,90.85,0.0,0.0,0.0
2018-06-21 19:29:23.413292,0.053,90.892,0.0,0.0,0.0
2018-06-21 19:29:34.718352,0.055,90.898,0.0,0.0,0.0
2018-06-21 19:29:45.996764,0.028,90.915,0.0,0.0,0.0
2018-06-21 19:29:57.215008,0.012,70.847,0.0,0.0,0.0
2018-06-21 19:30:08.479818,0.013,90.87,0.0,0.0,0.0
2018-06-21 19:30:19.724870,0.013,92.361,0.0,0.0,0.0
2018-06-21 19:30:30.983328,0.012,93.054,0.0,0.0,0.0
2018-06-21 19:30:42.255055,0.012,93.06,0.0,0.0,0.0
2018-06-21 19:30:53.563108,0.011,90.906,0.0,0.0,0.0
2018-06-21 19:31:04.846198,0.049,90.191,0.0,0.0,0.0
2018-06-21 19:31:16.222102,0.052,90.892,0.0,0.0,0.0
2018-06-21 19:31:27.444421,0.016,70.825,0.0,0.0,0.0
2018-06-21 19:31:38.725740,0.075,90.201,0.0,0.0,0.0
2018-06-21 19:31:50.042426,0.075,90.876,0.0,0.0,0.0
2018-06-21 19:32:01.304717,0.056,82.164,0.0,0.0,0.0
2018-06-21 19:32:12.528722,0.056,90.88,0.0,0.0,0.0
2018-06-21 19:32:23.916516,0.056,90.215,0.0,0.0,0.0
2018-06-21 19:32:35.165188,0.03,82.147,0.0,0.0,0.0
2018-06-21 19:32:46.331776,0.027,90.886,0.0,0.0,0.0
2018-06-21 19:32:57.659889,0.036,95.924,0.0,0.0,0.0
2018-06-21 19:33:08.928735,0.012,82.151,0.0,0.0,0.0
2018-06-21 19:33:20.228060,0.011,90.895,0.0,0.0,0.0
2018-06-21 19:33:31.388251,0.035,90.182,0.0,0.0,0.0
2018-06-21 19:33:42.738883,0.036,90.899,0.0,0.0,0.0
2018-06-21 19:33:54.077343,0.036,90.898,0.0,0.0,0.0
2018-06-21 19:34:05.439904,0.031,90.85,0.0,0.0,0.0
2018-06-21 19:34:16.702969,0.054,82.856,0.0,0.0,0.0
2018-06-21 19:34:27.947359,0.026,97.04,0.0,0.0,0.0
2018-06-21 19:34:39.202899,0.041,90.883,0.0,0.0,0.0
2018-06-21 19:34:50.414454,0.042,90.211,0.0,0.0,0.0
2018-06-21 19:35:01.664209,0.024,82.174,0.0,0.0,0.0
2018-06-21 19:35:12.854600,0.031,90.901,0.0,0.0,0.0
2018-06-21 19:35:24.207700,0.032,90.845,0.0,0.0,0.0
2018-06-21 19:35:35.451830,0.032,90.866,0.0,0.0,0.0
2018-06-21 19:35:46.721856,0.013,31.556,0.0,0.0,0.0
2018-06-21 19:35:58.024203,0.013,10.825,0.0,0.0,0.0
2018-06-21 19:36:09.268092,0.012,11.583,0.0,0.0,0.0
2018-06-21 19:36:20.529292,0.011,12.283,0.0,0.0,0.0
2018-06-21 19:36:31.822226,0.011,12.283,0.0,0.0,0.0
2018-06-21 19:36:43.101564,0.011,12.281,0.0,0.0,0.0
2018-06-21 19:36:54.375566,0.012,11.582,0.0,0.0,0.0
2018-06-21 19:37:05.692597,0.012,11.579,0.0,0.0,0.0
2018-06-21 19:37:16.969060,0.011,11.877,0.0,0.0,0.0
2018-06-21 19:37:28.295080,0.011,12.288,0.0,0.0,0.0
2018-06-21 19:37:39.552114,0.011,11.583,0.0,0.0,0.0
2018-06-21 19:37:50.834109,0.011,12.283,0.0,0.0,0.0
2018-06-21 19:38:02.074562,0.011,12.283,0.0,0.0,0.0
2018-06-21 19:38:13.514899,0.011,12.283,0.0,0.0,0.0
2018-06-21 19:38:24.771845,0.01,11.58,0.0,0.0,0.0
2018-06-21 19:38:36.016838,0.016,11.583,0.0,0.0,0.0
2018-06-21 19:38:47.291646,0.02,11.881,0.0,0.0,0.0
2018-06-21 19:38:58.566451,0.022,12.283,0.0,0.0,0.0
2018-06-21 19:39:09.910582,0.022,11.583,0.0,0.0,0.0
2018-06-21 19:39:21.206894,0.021,12.282,0.0,0.0,0.0
2018-06-21 19:39:32.518429,0.023,12.278,0.0,0.0,0.0
2018-06-21 19:39:43.810011,0.023,12.279,0.0,0.0,0.0
2018-06-21 19:39:55.092938,0.023,11.581,0.0,0.0,0.0
2018-06-21 19:40:06.405340,0.011,7.215,0.0,0.0,0.0
2018-06-21 19:40:17.711582,0.011,11.888,0.0,0.0,0.0
2018-06-21 19:40:28.980251,0.011,12.292,0.0,0.0,0.0
2018-06-21 19:40:40.288899,0.021,11.58,0.0,0.0,0.0
2018-06-21 19:40:51.549689,0.021,11.582,0.0,0.0,0.0
2018-06-21 19:41:02.834230,0.021,12.282,0.0,0.0,0.0
2018-06-21 19:41:14.176062,0.011,12.279,0.0,0.0,0.0
2018-06-21 19:41:25.555477,0.011,12.277,0.0,0.0,0.0
2018-06-21 19:41:36.786032,0.01,7.602,0.0,0.0,0.0
2018-06-21 19:41:48.123995,0.01,11.876,0.0,0.0,0.0
2018-06-21 19:41:59.419661,0.011,12.278,0.0,0.0,0.0
2018-06-21 19:42:10.671657,0.014,12.282,0.0,0.0,0.0
2018-06-21 19:42:21.945977,0.014,12.288,0.0,0.0,0.0
2018-06-21 19:42:33.180265,0.014,12.287,0.0,0.0,0.0
2018-06-21 19:42:44.433823,0.011,12.286,0.0,0.0,0.0
2018-06-21 19:42:55.724727,0.011,12.281,0.0,0.0,0.0
2018-06-21 19:43:07.006314,0.018,20.701,0.0,0.0,0.0
2018-06-21 19:43:18.232448,0.015,61.02,0.0,0.0,0.0
2018-06-21 19:43:29.542283,0.017,89.538,0.0,0.0,0.0
2018-06-21 19:43:40.781132,0.016,90.849,0.0,0.0,0.0
2018-06-21 19:43:52.016563,0.016,90.852,0.0,0.0,0.0
2018-06-21 19:44:03.264030,0.01,87.827,0.0,0.0,0.0
2018-06-21 19:44:14.547784,0.01,90.9,0.0,0.0,0.0
2018-06-21 19:44:25.883860,0.01,90.868,0.0,0.0,0.0
2018-06-21 19:44:37.111141,0.01,73.133,0.0,0.0,0.0
2018-06-21 19:44:48.449384,0.019,90.908,0.0,0.0,0.0
2018-06-21 19:44:59.709533,0.03,90.905,0.0,0.0,0.0
2018-06-21 19:45:11.000990,0.03,90.903,0.0,0.0,0.0
2018-06-21 19:45:22.218351,0.029,90.916,0.0,0.0,0.0
2018-06-21 19:45:33.590359,0.031,90.837,0.0,0.0,0.0
2018-06-21 19:45:44.939305,0.031,90.864,0.0,0.0,0.0
2018-06-21 19:45:56.163967,0.032,90.174,0.0,0.0,0.0
2018-06-21 19:46:07.601783,0.024,65.515,0.0,0.0,0.0
2018-06-21 19:46:18.965176,0.009,86.518,0.0,0.0,0.0
2018-06-21 19:46:30.258892,0.01,90.843,0.0,0.0,0.0
2018-06-21 19:46:41.548822,0.01,90.169,0.0,0.0,0.0
2018-06-21 19:46:52.796194,0.009,90.174,0.0,0.0,0.0
2018-06-21 19:47:04.137790,0.009,90.916,0.0,0.0,0.0
2018-06-21 19:47:15.365997,0.01,90.89,0.0,0.0,0.0
2018-06-21 19:47:26.591323,0.01,82.861,0.0,0.0,0.0
2018-06-21 19:47:37.889512,0.01,52.433,0.0,0.0,0.0
2018-06-21 19:47:49.126911,0.065,90.907,0.0,0.0,0.0
2018-06-21 19:48:00.469930,0.065,90.813,0.0,0.0,0.0
2018-06-21 19:48:11.707961,0.046,90.165,0.0,0.0,0.0
2018-06-21 19:48:22.966282,0.046,90.161,0.0,0.0,0.0
2018-06-21 19:48:34.357328,0.046,90.95,0.0,0.0,0.0
2018-06-21 19:48:45.634475,0.046,73.438,0.0,0.0,0.0
2018-06-21 19:48:56.820157,0.065,82.851,0.0,0.0,0.0
2018-06-21 19:49:08.120815,0.01,91.684,0.0,0.0,0.0
2018-06-21 19:49:19.429232,0.041,90.902,0.0,0.0,0.0
2018-06-21 19:49:30.757757,0.041,90.908,0.0,0.0,0.0
2018-06-21 19:49:41.998933,0.023,81.482,0.0,0.0,0.0
2018-06-21 19:49:53.215322,0.021,90.132,0.0,0.0,0.0
2018-06-21 19:50:04.518016,0.021,90.878,0.0,0.0,0.0
2018-06-21 19:50:15.902962,0.022,90.862,0.0,0.0,0.0
2018-06-21 19:50:27.156268,0.011,76.331,0.0,0.0,0.0
2018-06-21 19:50:38.520429,0.011,90.922,0.0,0.0,0.0
2018-06-21 19:50:49.884820,0.011,90.903,0.0,0.0,0.0
2018-06-21 19:51:01.210091,0.011,60.312,0.0,0.0,0.0
2018-06-21 19:51:12.517424,0.011,50.877,0.0,0.0,0.0
2018-06-21 19:51:23.967911,0.011,15.942,0.0,0.0,0.0
2018-06-21 19:51:35.246735,0.011,12.279,0.0,0.0,0.0
2018-06-21 19:51:46.498917,0.022,12.275,0.0,0.0,0.0
2018-06-21 19:51:57.837001,0.028,10.817,0.0,0.0,0.0
2018-06-21 19:52:09.129175,0.02,12.285,0.0,0.0,0.0
2018-06-21 19:52:20.401497,0.021,12.285,0.0,0.0,0.0
2018-06-21 19:52:31.743573,0.021,12.293,0.0,0.0,0.0
2018-06-21 19:52:43.013452,0.014,7.22,0.0,0.0,0.0
2018-06-21 19:52:54.277920,0.014,12.289,0.0,0.0,0.0
2018-06-21 19:53:05.641748,0.013,12.279,0.0,0.0,0.0
2018-06-21 19:53:16.882495,0.011,10.825,0.0,0.0,0.0
2018-06-21 19:53:28.180482,0.011,8.665,0.0,0.0,0.0
2018-06-21 19:53:39.467783,0.011,12.28,0.0,0.0,0.0
2018-06-21 19:53:50.818913,0.011,14.484,0.0,0.0,0.0
2018-06-21 19:54:02.038642,0.012,14.49,0.0,0.0,0.0
2018-06-21 19:54:13.323528,0.012,14.487,0.0,0.0,0.0
2018-06-21 19:54:24.635402,0.012,12.283,0.0,0.0,0.0
2018-06-21 19:54:35.949839,0.012,12.283,0.0,0.0,0.0
2018-06-21 19:54:47.233489,0.012,10.825,0.0,0.0,0.0
2018-06-21 19:54:58.511452,0.01,12.28,0.0,0.0,0.0
2018-06-21 19:55:09.897919,0.01,12.282,0.0,0.0,0.0
2018-06-21 19:55:21.188326,0.01,11.584,0.0,0.0,0.0
2018-06-21 19:55:32.651113,0.01,11.583,0.0,0.0,0.0
2018-06-21 19:55:43.946363,0.01,12.28,0.0,0.0,0.0
2018-06-21 19:55:55.339783,0.01,12.286,0.0,0.0,0.0
2018-06-21 19:56:06.591982,0.01,13.095,0.0,0.0,0.0
2018-06-21 19:56:17.885793,0.01,9.499,0.0,0.0,0.0
2018-06-21 19:56:29.157583,0.01,12.285,0.0,0.0,0.0
2018-06-21 19:56:40.441321,0.009,11.582,0.0,0.0,0.0
2018-06-21 19:56:51.754179,0.009,12.281,0.0,0.0,0.0
2018-06-21 19:57:03.159238,0.009,12.285,0.0,0.0,0.0
2018-06-21 19:57:14.440121,0.01,12.281,0.0,0.0,0.0
2018-06-21 19:57:25.705017,0.01,11.582,0.0,0.0,0.0
2018-06-21 19:57:37.081433,0.013,13.099,0.0,0.0,0.0
2018-06-21 19:57:48.431605,0.012,12.288,0.0,0.0,0.0
2018-06-21 19:57:59.710497,0.022,12.287,0.0,0.0,0.0
2018-06-21 19:58:11.074458,0.023,12.288,0.0,0.0,0.0
2018-06-21 19:58:22.405743,0.022,12.282,0.0,0.0,0.0
2018-06-21 19:58:33.768101,0.023,51.562,0.0,0.0,0.0
2018-06-21 19:58:45.022703,0.023,63.955,0.0,0.0,0.0
2018-06-21 19:58:56.305695,0.024,90.86,0.0,0.0,0.0
2018-06-21 19:59:07.616041,0.022,112.414,0.0,0.0,0.0
2018-06-21 19:59:18.927629,0.043,90.903,0.0,0.0,0.0
2018-06-21 19:59:30.213332,0.037,86.553,0.0,0.0,0.0
2018-06-21 19:59:41.460669,0.022,90.919,0.0,0.0,0.0
2018-06-21 19:59:52.775843,0.022,90.906,0.0,0.0,0.0
2018-06-21 20:00:04.165892,0.021,90.831,0.0,0.0,0.0
2018-06-21 20:00:15.495988,0.023,90.682,0.0,0.0,0.0
2018-06-21 20:00:26.730580,0.029,76.0,0.0,0.0,0.0
2018-06-21 20:00:38.001176,0.01,86.167,0.0,0.0,0.0
2018-06-21 20:00:49.326112,0.01,90.5,0.0,0.0,0.0
2018-06-21 20:01:00.634896,0.01,89.833,0.0,0.0,0.0
2018-06-21 20:01:11.888227,0.01,90.5,0.0,0.0,0.0
2018-06-21 20:01:23.103911,0.01,90.5,0.0,0.0,0.0
2018-06-21 20:01:34.432787,0.01,90.5,0.0,0.0,0.0
2018-06-21 20:01:45.732331,0.021,89.833,0.0,0.0,0.0
2018-06-21 20:01:56.976199,0.027,77.0,0.0,0.0,0.0
2018-06-21 20:02:08.289744,0.029,90.5,0.0,0.0,0.0
2018-06-21 20:02:19.625463,0.03,89.833,0.0,0.0,0.0
2018-06-21 20:02:30.919181,0.067,90.5,0.0,0.0,0.0
2018-06-21 20:02:42.231268,0.072,90.5,0.0,0.0,0.0
2018-06-21 20:02:53.567325,0.072,90.5,0.0,0.0,0.0
2018-06-21 20:03:04.955236,0.088,89.833,0.0,0.0,0.0
2018-06-21 20:03:16.222904,0.075,85.5,0.0,0.0,0.0
2018-06-21 20:03:27.438061,0.027,77.0,0.0,0.0,0.0
2018-06-21 20:03:38.712417,0.055,86.167,0.0,0.0,0.0
2018-06-21 20:03:50.029450,0.055,89.833,0.0,0.0,0.0
2018-06-21 20:04:01.345404,0.022,76.667,0.0,0.0,0.0
2018-06-21 20:04:12.638512,0.022,90.5,0.0,0.0,0.0
2018-06-21 20:04:24.009322,0.022,90.667,0.0,0.0,0.0
2018-06-21 20:04:35.328743,0.029,90.667,0.0,0.0,0.0
2018-06-21 20:04:46.574861,0.039,69.5,0.0,0.0,0.0
2018-06-21 20:04:57.881095,0.03,110.0,0.0,0.0,0.0
2018-06-21 20:05:09.207215,0.024,90.667,0.0,0.0,0.0
2018-06-21 20:05:20.511655,0.021,90.0,0.0,0.0,0.0
2018-06-21 20:05:31.839650,0.021,90.0,0.0,0.0,0.0
2018-06-21 20:05:43.093018,0.021,90.667,0.0,0.0,0.0
2018-06-21 20:05:54.373155,0.01,86.167,0.0,0.0,0.0
2018-06-21 20:06:05.653318,0.023,90.5,0.0,0.0,0.0
2018-06-21 20:06:16.938690,0.029,76.0,0.0,0.0,0.0
2018-06-21 20:06:28.335417,0.01,51.333,0.0,0.0,0.0
2018-06-21 20:06:39.797563,0.009,25.167,0.0,0.0,0.0
2018-06-21 20:06:51.224201,0.01,11.5,0.0,0.0,0.0
2018-06-21 20:07:02.549360,0.01,12.167,0.0,0.0,0.0
2018-06-21 20:07:13.962797,0.009,12.167,0.0,0.0,0.0
2018-06-21 20:07:25.336615,0.01,12.167,0.0,0.0,0.0
2018-06-21 20:07:36.639784,0.009,7.5,0.0,0.0,0.0
2018-06-21 20:07:48.016071,0.009,18.25,0.0,0.0,0.0
2018-06-21 20:07:59.366748,0.009,12.167,0.0,0.0,0.0
2018-06-21 20:08:10.727116,0.009,12.167,0.0,0.0,0.0
2018-06-21 20:08:22.021025,0.009,12.167,0.0,0.0,0.0
2018-06-21 20:08:33.385859,0.01,12.167,0.0,0.0,0.0
2018-06-21 20:08:44.711554,0.01,12.167,0.0,0.0,0.0
2018-06-21 20:08:55.966732,0.01,12.167,0.0,0.0,0.0
2018-06-21 20:09:07.248260,0.009,7.5,0.0,0.0,0.0
2018-06-21 20:09:18.536039,0.009,12.167,0.0,0.0,0.0
2018-06-21 20:09:29.834354,0.01,12.167,0.0,0.0,0.0
2018-06-21 20:09:41.135050,0.01,12.167,0.0,0.0,0.0
2018-06-21 20:09:52.390748,0.017,12.167,0.0,0.0,0.0
2018-06-21 20:10:03.695410,0.02,12.167,0.0,0.0,0.0
2018-06-21 20:10:15.003284,0.02,12.167,0.0,0.0,0.0
2018-06-21 20:10:26.335933,0.014,12.167,0.0,0.0,0.0
2018-06-21 20:10:37.668295,0.011,10.75,0.0,0.0,0.0
2018-06-21 20:10:48.924070,0.011,14.333,0.0,0.0,0.0
2018-06-21 20:11:00.266562,0.011,12.167,0.0,0.0,0.0
2018-06-21 20:11:11.555828,0.011,12.167,0.0,0.0,0.0
2018-06-21 20:11:22.870121,0.011,12.167,0.0,0.0,0.0
2018-06-21 20:11:34.179655,0.013,12.167,0.0,0.0,0.0
2018-06-21 20:11:45.498952,0.025,12.167,0.0,0.0,0.0
2018-06-21 20:11:56.783873,0.029,10.75,0.0,0.0,0.0
2018-06-21 20:12:08.148243,0.011,7.5,0.0,0.0,0.0
2018-06-21 20:12:19.455983,0.024,12.167,0.0,0.0,0.0
2018-06-21 20:12:30.778382,0.024,12.167,0.0,0.0,0.0
2018-06-21 20:12:42.068220,0.011,7.833,0.0,0.0,0.0
2018-06-21 20:12:53.398622,0.011,12.167,0.0,0.0,0.0
2018-06-21 20:13:04.760603,0.011,11.5,0.0,0.0,0.0
2018-06-21 20:13:16.032381,0.011,12.167,0.0,0.0,0.0
2018-06-21 20:13:27.371782,0.013,11.75,0.0,0.0,0.0
2018-06-21 20:13:38.790185,0.013,12.167,0.0,0.0,0.0
2018-06-21 20:13:50.086458,0.012,51.333,0.0,0.0,0.0
2018-06-21 20:14:01.406482,0.026,77.5,0.0,0.0,0.0
2018-06-21 20:14:12.671177,0.028,90.5,0.0,0.0,0.0
2018-06-21 20:14:23.964668,0.027,92.833,0.0,0.0,0.0
2018-06-21 20:14:35.262083,0.04,92.833,0.0,0.0,0.0
2018-06-21 20:14:46.504029,0.038,92.833,0.0,0.0,0.0
2018-06-21 20:14:57.749689,0.048,90.25,0.0,0.0,0.0
2018-06-21 20:15:09.009988,0.049,90.667,0.0,0.0,0.0
2018-06-21 20:15:20.289359,0.049,92.833,0.0,0.0,0.0
2018-06-21 20:15:31.555226,0.05,84.0,0.0,0.0,0.0
2018-06-21 20:15:42.803809,0.05,92.833,0.0,0.0,0.0
2018-06-21 20:15:54.124046,0.05,90.5,0.0,0.0,0.0
2018-06-21 20:16:05.411840,0.027,86.167,0.0,0.0,0.0
2018-06-21 20:16:16.725228,0.035,70.5,0.0,0.0,0.0
2018-06-21 20:16:27.975561,0.064,92.833,0.0,0.0,0.0
2018-06-21 20:16:39.252384,0.063,92.833,0.0,0.0,0.0
2018-06-21 20:16:50.674814,0.085,92.833,0.0,0.0,0.0
2018-06-21 20:17:01.968553,0.058,86.333,0.0,0.0,0.0
2018-06-21 20:17:13.236747,0.059,90.667,0.0,0.0,0.0
2018-06-21 20:17:24.607287,0.074,90.667,0.0,0.0,0.0
2018-06-21 20:17:35.909689,0.081,90.667,0.0,0.0,0.0
2018-06-21 20:17:47.190656,0.06,70.5,0.0,0.0,0.0
2018-06-21 20:17:58.507811,0.049,82.0,0.0,0.0,0.0
2018-06-21 20:18:09.878660,0.049,90.833,0.0,0.0,0.0
2018-06-21 20:18:21.172143,0.018,77.667,0.0,0.0,0.0
2018-06-21 20:18:32.391937,0.035,92.833,0.0,0.0,0.0
2018-06-21 20:18:43.751553,0.035,92.833,0.0,0.0,0.0
2018-06-21 20:18:55.064187,0.035,92.833,0.0,0.0,0.0
2018-06-21 20:19:06.347310,0.021,90.667,0.0,0.0,0.0
2018-06-21 20:19:17.633561,0.026,90.0,0.0,0.0,0.0
2018-06-21 20:19:28.931046,0.01,86.167,0.0,0.0,0.0
2018-06-21 20:19:40.217714,0.01,90.5,0.0,0.0,0.0
2018-06-21 20:19:51.527928,0.01,90.5,0.0,0.0,0.0
2018-06-21 20:20:02.796149,0.01,90.5,0.0,0.0,0.0
2018-06-21 20:20:14.146104,0.01,90.667,0.0,0.0,0.0
2018-06-21 20:20:25.475821,0.01,92.833,0.0,0.0,0.0
2018-06-21 20:20:36.741177,0.01,68.5,0.0,0.0,0.0
2018-06-21 20:20:47.963159,0.023,90.667,0.0,0.0,0.0
2018-06-21 20:20:59.267229,0.023,90.667,0.0,0.0,0.0
2018-06-21 20:21:10.520549,0.023,90.667,0.0,0.0,0.0
2018-06-21 20:21:21.847139,0.039,90.667,0.0,0.0,0.0
2018-06-21 20:21:33.053622,0.039,90.667,0.0,0.0,0.0
2018-06-21 20:21:44.385961,0.039,76.833,0.0,0.0,0.0
2018-06-21 20:21:55.703412,0.01,50.667,0.0,0.0,0.0
2018-06-21 20:22:07.081932,0.011,7.5,0.0,0.0,0.0
2018-06-21 20:22:18.453849,0.01,12.167,0.0,0.0,0.0
2018-06-21 20:22:29.723085,0.01,11.5,0.0,0.0,0.0
2018-06-21 20:22:41.013352,0.01,12.167,0.0,0.0,0.0
2018-06-21 20:22:52.222295,0.01,12.167,0.0,0.0,0.0
2018-06-21 20:23:03.577726,0.01,12.167,0.0,0.0,0.0
2018-06-21 20:23:14.810545,0.01,11.5,0.0,0.0,0.0
2018-06-21 20:23:26.062518,0.011,11.5,0.0,0.0,0.0
2018-06-21 20:23:37.334586,0.012,7.5,0.0,0.0,0.0
2018-06-21 20:23:48.591476,0.01,12.167,0.0,0.0,0.0
2018-06-21 20:23:59.889528,0.01,11.5,0.0,0.0,0.0
2018-06-21 20:24:11.227137,0.009,12.167,0.0,0.0,0.0
2018-06-21 20:24:22.494758,0.009,12.167,0.0,0.0,0.0
2018-06-21 20:24:33.910510,0.01,12.167,0.0,0.0,0.0
2018-06-21 20:24:45.292406,0.01,11.5,0.0,0.0,0.0
2018-06-21 20:24:56.590932,0.01,17.25,0.0,0.0,0.0
2018-06-21 20:25:07.929499,0.01,7.5,0.0,0.0,0.0
2018-06-21 20:25:19.301478,0.026,12.167,0.0,0.0,0.0
2018-06-21 20:25:30.611951,0.026,11.5,0.0,0.0,0.0
2018-06-21 20:25:41.904132,0.026,12.167,0.0,0.0,0.0
2018-06-21 20:25:53.159588,0.042,14.333,0.0,0.0,0.0
2018-06-21 20:26:04.448594,0.042,14.333,0.0,0.0,0.0
2018-06-21 20:26:15.741951,0.042,13.667,0.0,0.0,0.0
2018-06-21 20:26:27.013922,0.01,10.75,0.0,0.0,0.0
2018-06-21 20:26:38.333082,0.01,6.5,0.0,0.0,0.0
2018-06-21 20:26:49.591328,0.01,12.167,0.0,0.0,0.0
2018-06-21 20:27:00.858897,0.01,12.167,0.0,0.0,0.0
2018-06-21 20:27:12.162640,0.011,11.5,0.0,0.0,0.0
2018-06-21 20:27:23.693925,0.011,11.5,0.0,0.0,0.0
2018-06-21 20:27:35.063971,0.011,12.167,0.0,0.0,0.0
2018-06-21 20:27:46.353497,0.01,12.167,0.0,0.0,0.0
2018-06-21 20:27:57.695356,0.008,10.75,0.0,0.0,0.0
2018-06-21 20:28:09.000052,0.009,11.5,0.0,0.0,0.0
2018-06-21 20:28:20.290714,0.01,11.5,0.0,0.0,0.0
2018-06-21 20:28:31.675956,0.009,12.167,0.0,0.0,0.0
2018-06-21 20:28:43.098290,0.009,12.167,0.0,0.0,0.0
2018-06-21 20:28:54.381783,0.009,12.167,0.0,0.0,0.0
2018-06-21 20:29:05.783614,0.009,11.5,0.0,0.0,0.0
2018-06-21 20:29:17.042918,0.074,76.25,0.0,0.0,0.0
2018-06-21 20:29:28.310851,0.053,93.0,0.0,0.0,0.0
2018-06-21 20:29:39.633786,0.12,92.833,0.0,0.0,0.0
2018-06-21 20:29:50.925187,0.119,92.167,0.0,0.0,0.0
2018-06-21 20:30:02.165416,0.119,89.833,0.0,0.0,0.0
2018-06-21 20:30:13.585400,0.103,92.833,0.0,0.0,0.0
2018-06-21 20:30:24.902112,0.105,92.833,0.0,0.0,0.0
2018-06-21 20:30:36.132456,0.105,92.833,0.0,0.0,0.0
2018-06-21 20:30:47.400909,0.078,102.25,0.0,0.0,0.0
2018-06-21 20:30:58.705395,0.055,93.0,0.0,0.0,0.0
2018-06-21 20:31:09.917375,0.039,88.667,0.0,0.0,0.0
2018-06-21 20:31:21.226940,0.052,93.0,0.0,0.0,0.0
2018-06-21 20:31:32.518243,0.052,90.667,0.0,0.0,0.0
2018-06-21 20:31:43.833814,0.032,81.833,0.0,0.0,0.0
2018-06-21 20:31:55.152805,0.032,90.5,0.0,0.0,0.0
2018-06-21 20:32:06.373246,0.032,89.833,0.0,0.0,0.0
2018-06-21 20:32:17.618698,0.024,83.75,0.0,0.0,0.0
2018-06-21 20:32:28.889998,0.019,90.667,0.0,0.0,0.0
2018-06-21 20:32:40.157451,0.021,89.833,0.0,0.0,0.0
2018-06-21 20:32:51.466509,0.021,90.5,0.0,0.0,0.0
2018-06-21 20:33:02.783028,0.021,90.5,0.0,0.0,0.0
2018-06-21 20:33:14.057366,0.01,86.167,0.0,0.0,0.0
2018-06-21 20:33:25.332274,0.01,92.833,0.0,0.0,0.0
2018-06-21 20:33:36.574706,0.01,122.25,0.0,0.0,0.0
2018-06-21 20:33:47.818374,0.011,82.75,0.0,0.0,0.0
2018-06-21 20:33:59.098678,0.01,90.667,0.0,0.0,0.0
2018-06-21 20:34:10.345948,0.021,90.667,0.0,0.0,0.0
2018-06-21 20:34:21.590874,0.022,90.667,0.0,0.0,0.0
2018-06-21 20:34:32.861287,0.022,90.667,0.0,0.0,0.0
2018-06-21 20:34:44.214647,0.024,90.667,0.0,0.0,0.0
2018-06-21 20:34:55.454097,0.024,90.667,0.0,0.0,0.0
2018-06-21 20:35:06.771281,0.01,117.75,0.0,0.0,0.0
2018-06-21 20:35:18.073151,0.01,77.25,0.0,0.0,0.0
2018-06-21 20:35:29.350175,0.01,90.5,0.0,0.0,0.0
2018-06-21 20:35:40.654371,0.01,90.5,0.0,0.0,0.0
2018-06-21 20:35:51.952672,0.01,90.667,0.0,0.0,0.0
2018-06-21 20:36:03.211690,0.034,90.667,0.0,0.0,0.0
2018-06-21 20:36:14.527806,0.034,90.0,0.0,0.0,0.0
2018-06-21 20:36:25.849192,0.034,89.833,0.0,0.0,0.0
2018-06-21 20:36:37.104802,0.101,125.0,0.0,0.0,0.0
2018-06-21 20:36:48.338347,0.07,90.5,0.0,0.0,0.0
2018-06-21 20:36:59.601361,0.009,59.333,0.0,0.0,0.0
2018-06-21 20:37:10.847284,0.009,55.0,0.0,0.0,0.0
2018-06-21 20:37:22.104528,0.01,20.833,0.0,0.0,0.0
2018-06-21 20:37:33.397093,0.01,12.167,0.0,0.0,0.0
2018-06-21 20:37:44.736862,0.01,12.167,0.0,0.0,0.0
2018-06-21 20:37:56.108873,0.009,11.5,0.0,0.0,0.0
2018-06-21 20:38:07.375984,0.009,13.0,0.0,0.0,0.0
2018-06-21 20:38:18.703735,0.01,12.167,0.0,0.0,0.0
2018-06-21 20:38:29.965842,0.022,12.167,0.0,0.0,0.0
2018-06-21 20:38:41.359219,0.022,11.5,0.0,0.0,0.0
2018-06-21 20:38:52.649598,0.022,11.5,0.0,0.0,0.0
2018-06-21 20:39:03.992926,0.025,11.5,0.0,0.0,0.0
2018-06-21 20:39:15.284645,0.025,12.167,0.0,0.0,0.0
2018-06-21 20:39:26.636712,0.01,11.75,0.0,0.0,0.0
2018-06-21 20:39:37.942455,0.009,6.5,0.0,0.0,0.0
2018-06-21 20:39:49.346252,0.009,11.5,0.0,0.0,0.0
2018-06-21 20:40:00.638475,0.009,12.167,0.0,0.0,0.0
2018-06-21 20:40:11.903044,0.009,12.167,0.0,0.0,0.0
2018-06-21 20:40:23.230068,0.011,12.167,0.0,0.0,0.0
2018-06-21 20:40:34.509270,0.011,11.5,0.0,0.0,0.0
2018-06-21 20:40:45.886831,0.011,12.167,0.0,0.0,0.0
2018-06-21 20:40:57.241115,0.01,18.25,0.0,0.0,0.0
2018-06-21 20:41:08.501255,0.01,11.5,0.0,0.0,0.0
2018-06-21 20:41:19.822066,0.009,11.5,0.0,0.0,0.0
2018-06-21 20:41:31.107942,0.01,11.5,0.0,0.0,0.0
2018-06-21 20:41:42.427471,0.01,12.167,0.0,0.0,0.0
2018-06-21 20:41:53.768229,0.01,12.167,0.0,0.0,0.0
2018-06-21 20:42:05.110211,0.01,12.167,0.0,0.0,0.0
2018-06-21 20:42:16.412797,0.01,11.5,0.0,0.0,0.0
2018-06-21 20:42:27.719473,0.01,17.25,0.0,0.0,0.0
2018-06-21 20:42:39.058820,0.01,12.167,0.0,0.0,0.0
2018-06-21 20:42:50.369777,0.01,12.167,0.0,0.0,0.0
2018-06-21 20:43:01.717800,0.01,11.5,0.0,0.0,0.0
2018-06-21 20:43:12.960894,0.01,12.167,0.0,0.0,0.0
2018-06-21 20:43:24.374994,0.01,12.167,0.0,0.0,0.0
2018-06-21 20:43:35.624336,0.01,12.167,0.0,0.0,0.0
2018-06-21 20:43:46.931935,0.01,10.75,0.0,0.0,0.0
2018-06-21 20:43:58.223349,0.01,17.25,0.0,0.0,0.0
2018-06-21 20:44:09.457488,0.01,12.167,0.0,0.0,0.0
2018-06-21 20:44:20.796174,0.01,12.167,0.0,0.0,0.0
2018-06-21 20:44:32.125971,0.01,28.833,0.0,0.0,0.0
2018-06-21 20:44:43.485232,0.024,55.667,0.0,0.0,0.0
2018-06-21 20:44:54.752808,0.023,92.667,0.0,0.0,0.0
2018-06-21 20:45:05.975172,0.023,92.667,0.0,0.0,0.0
2018-06-21 20:45:17.254207,0.01,69.5,0.0,0.0,0.0
2018-06-21 20:45:28.525388,0.023,92.833,0.0,0.0,0.0
2018-06-21 20:45:39.845570,0.022,92.833,0.0,0.0,0.0
2018-06-21 20:45:51.150775,0.043,92.167,0.0,0.0,0.0
2018-06-21 20:46:02.369691,0.043,90.0,0.0,0.0,0.0
2018-06-21 20:46:13.669243,0.043,90.667,0.0,0.0,0.0
2018-06-21 20:46:25.108011,0.01,86.333,0.0,0.0,0.0
2018-06-21 20:46:36.380969,0.025,90.833,0.0,0.0,0.0
2018-06-21 20:46:47.626052,0.032,76.25,0.0,0.0,0.0
2018-06-21 20:46:58.870294,0.028,90.667,0.0,0.0,0.0
2018-06-21 20:47:10.237098,0.028,90.667,0.0,0.0,0.0
2018-06-21 20:47:21.500664,0.046,90.0,0.0,0.0,0.0
2018-06-21 20:47:32.697718,0.038,89.833,0.0,0.0,0.0
2018-06-21 20:47:44.004952,0.038,90.5,0.0,0.0,0.0
2018-06-21 20:47:55.448626,0.068,90.667,0.0,0.0,0.0
2018-06-21 20:48:06.652578,0.082,85.0,0.0,0.0,0.0
2018-06-21 20:48:18.133300,0.056,90.5,0.0,0.0,0.0
2018-06-21 20:48:29.485353,0.056,90.5,0.0,0.0,0.0
2018-06-21 20:48:40.849659,0.056,92.667,0.0,0.0,0.0
2018-06-21 20:48:52.133224,0.025,79.0,0.0,0.0,0.0
2018-06-21 20:49:03.473163,0.025,92.167,0.0,0.0,0.0
2018-06-21 20:49:14.858347,0.025,90.667,0.0,0.0,0.0
2018-06-21 20:49:26.215535,0.027,86.167,0.0,0.0,0.0
2018-06-21 20:49:37.539410,0.035,84.75,0.0,0.0,0.0
2018-06-21 20:49:48.953627,0.024,90.667,0.0,0.0,0.0
2018-06-21 20:50:00.174411,0.023,90.667,0.0,0.0,0.0
2018-06-21 20:50:11.537323,0.023,90.667,0.0,0.0,0.0
2018-06-21 20:50:22.807342,0.019,85.5,0.0,0.0,0.0
2018-06-21 20:50:34.103083,0.048,89.833,0.0,0.0,0.0
2018-06-21 20:50:45.453782,0.048,90.5,0.0,0.0,0.0
2018-06-21 20:50:56.687145,0.01,77.0,0.0,0.0,0.0
2018-06-21 20:51:07.975854,0.07,84.75,0.0,0.0,0.0
2018-06-21 20:51:19.309601,0.05,90.667,0.0,0.0,0.0
2018-06-21 20:51:30.761695,0.023,82.0,0.0,0.0,0.0
2018-06-21 20:51:42.048647,0.026,90.833,0.0,0.0,0.0
2018-06-21 20:51:53.345286,0.026,92.167,0.0,0.0,0.0
2018-06-21 20:52:04.733113,0.019,87.833,0.0,0.0,0.0
2018-06-21 20:52:16.052155,0.029,92.833,0.0,0.0,0.0
2018-06-21 20:52:27.347801,0.03,96.75,0.0,0.0,0.0
2018-06-21 20:52:38.633769,0.029,28.833,0.0,0.0,0.0
2018-06-21 20:52:49.985332,0.029,11.5,0.0,0.0,0.0
2018-06-21 20:53:01.320461,0.026,12.167,0.0,0.0,0.0
2018-06-21 20:53:12.618414,0.01,7.833,0.0,0.0,0.0
2018-06-21 20:53:23.955105,0.01,12.167,0.0,0.0,0.0
2018-06-21 20:53:35.255410,0.01,11.5,0.0,0.0,0.0
2018-06-21 20:53:46.513971,0.01,11.5,0.0,0.0,0.0
2018-06-21 20:53:57.813534,0.01,11.75,0.0,0.0,0.0
2018-06-21 20:54:09.070404,0.01,12.167,0.0,0.0,0.0
2018-06-21 20:54:20.308703,0.01,11.5,0.0,0.0,0.0
2018-06-21 20:54:31.654314,0.015,11.5,0.0,0.0,0.0
2018-06-21 20:54:42.900049,0.015,12.167,0.0,0.0,0.0
2018-06-21 20:54:54.178072,0.015,12.167,0.0,0.0,0.0
2018-06-21 20:55:05.476534,0.01,12.167,0.0,0.0,0.0
2018-06-21 20:55:16.736303,0.01,10.75,0.0,0.0,0.0
2018-06-21 20:55:28.109650,0.01,11.75,0.0,0.0,0.0
2018-06-21 20:55:39.341567,0.01,12.167,0.0,0.0,0.0
2018-06-21 20:55:50.595724,0.01,13.667,0.0,0.0,0.0
2018-06-21 20:56:01.992917,0.01,13.667,0.0,0.0,0.0
2018-06-21 20:56:13.300700,0.01,14.333,0.0,0.0,0.0
2018-06-21 20:56:24.612693,0.113,12.167,0.0,0.0,0.0
2018-06-21 20:56:35.845509,0.113,12.167,0.0,0.0,0.0
2018-06-21 20:56:47.144910,0.01,10.75,0.0,0.0,0.0
2018-06-21 20:56:58.475822,0.008,12.167,0.0,0.0,0.0
2018-06-21 20:57:09.797591,0.008,12.833,0.0,0.0,0.0
2018-06-21 20:57:21.094003,0.008,12.167,0.0,0.0,0.0
2018-06-21 20:57:32.362622,0.009,12.167,0.0,0.0,0.0
2018-06-21 20:57:43.727676,0.009,12.167,0.0,0.0,0.0
2018-06-21 20:57:55.057594,0.009,12.167,0.0,0.0,0.0
2018-06-21 20:58:06.323049,0.009,12.167,0.0,0.0,0.0
2018-06-21 20:58:17.675717,0.009,11.75,0.0,0.0,0.0
2018-06-21 20:58:28.968559,0.027,12.167,0.0,0.0,0.0
2018-06-21 20:58:40.286100,0.027,12.167,0.0,0.0,0.0
2018-06-21 20:58:51.679786,0.027,12.167,0.0,0.0,0.0
2018-06-21 20:59:03.131579,0.027,12.167,0.0,0.0,0.0
2018-06-21 20:59:14.411566,0.027,12.167,0.0,0.0,0.0
2018-06-21 20:59:25.781028,0.027,12.167,0.0,0.0,0.0
2018-06-21 20:59:37.089537,0.033,13.0,0.0,0.0,0.0
2018-06-21 20:59:48.470921,0.025,20.833,0.0,0.0,0.0
2018-06-21 20:59:59.805361,0.009,47.667,0.0,0.0,0.0
2018-06-21 21:00:11.146066,0.009,71.0,0.0,0.0,0.0
2018-06-21 21:00:22.415305,0.009,92.833,0.0,0.0,0.0
2018-06-21 21:00:33.758217,0.01,92.833,0.0,0.0,0.0
2018-06-21 21:00:45.066922,0.025,90.667,0.0,0.0,0.0
2018-06-21 21:00:56.359244,0.025,91.333,0.0,0.0,0.0
2018-06-21 21:01:07.644237,0.009,99.0,0.0,0.0,0.0
2018-06-21 21:01:18.997371,0.059,93.0,0.0,0.0,0.0
2018-06-21 21:01:30.314168,0.059,93.0,0.0,0.0,0.0
2018-06-21 21:01:41.584225,0.055,92.333,0.0,0.0,0.0
2018-06-21 21:01:52.924499,0.061,92.167,0.0,0.0,0.0
2018-06-21 21:02:04.272411,0.061,92.833,0.0,0.0,0.0
2018-06-21 21:02:15.564807,0.048,88.333,0.0,0.0,0.0
2018-06-21 21:02:26.822284,0.043,82.5,0.0,0.0,0.0
2018-06-21 21:02:38.084848,0.032,92.667,0.0,0.0,0.0
2018-06-21 21:02:49.410550,0.01,88.333,0.0,0.0,0.0
2018-06-21 21:03:00.658922,0.01,90.5,0.0,0.0,0.0
2018-06-21 21:03:11.926438,0.024,89.833,0.0,0.0,0.0
2018-06-21 21:03:23.171198,0.024,89.833,0.0,0.0,0.0
2018-06-21 21:03:34.530442,0.039,92.833,0.0,0.0,0.0
2018-06-21 21:03:45.784268,0.038,92.833,0.0,0.0,0.0
2018-06-21 21:03:57.062521,0.029,76.0,0.0,0.0,0.0
2018-06-21 21:04:08.400808,0.104,93.0,0.0,0.0,0.0
2018-06-21 21:04:19.733354,0.104,95.167,0.0,0.0,0.0
2018-06-21 21:04:30.995389,0.088,92.833,0.0,0.0,0.0
2018-06-21 21:04:42.274300,0.074,89.833,0.0,0.0,0.0
2018-06-21 21:04:53.630036,0.074,92.0,0.0,0.0,0.0
2018-06-21 21:05:04.922585,0.047,84.0,0.0,0.0,0.0
2018-06-21 21:05:16.227413,0.047,90.5,0.0,0.0,0.0
2018-06-21 21:05:27.507816,0.01,92.25,0.0,0.0,0.0
2018-06-21 21:05:38.805923,0.009,92.667,0.0,0.0,0.0
2018-06-21 21:05:50.087378,0.026,92.667,0.0,0.0,0.0
2018-06-21 21:06:01.442270,0.026,92.667,0.0,0.0,0.0
2018-06-21 21:06:12.732429,0.026,94.333,0.0,0.0,0.0
2018-06-21 21:06:24.044952,0.026,92.167,0.0,0.0,0.0
2018-06-21 21:06:35.254284,0.026,93.0,0.0,0.0,0.0
2018-06-21 21:06:46.551478,0.009,87.0,0.0,0.0,0.0
2018-06-21 21:06:57.883985,0.009,110.6,0.0,0.0,0.0
2018-06-21 21:07:09.133528,0.009,90.667,0.0,0.0,0.0
2018-06-21 21:07:20.397061,0.01,90.667,0.0,0.0,0.0
2018-06-21 21:07:31.645206,0.027,90.5,0.0,0.0,0.0
2018-06-21 21:07:42.927420,0.027,89.833,0.0,0.0,0.0
2018-06-21 21:07:54.226097,0.027,68.0,0.0,0.0,0.0
2018-06-21 21:08:05.471100,0.01,51.333,0.0,0.0,0.0
2018-06-21 21:08:16.734208,0.01,18.25,0.0,0.0,0.0
2018-06-21 21:08:28.029884,0.009,13.8,0.0,0.0,0.0
2018-06-21 21:08:39.345755,0.01,13.667,0.0,0.0,0.0
2018-06-21 21:08:50.662510,0.01,14.333,0.0,0.0,0.0
2018-06-21 21:09:01.941827,0.01,14.333,0.0,0.0,0.0
2018-06-21 21:09:13.370880,0.009,12.167,0.0,0.0,0.0
2018-06-21 21:09:24.833083,0.009,11.5,0.0,0.0,0.0
2018-06-21 21:09:36.250151,0.009,12.167,0.0,0.0,0.0
2018-06-21 21:09:47.540913,0.009,18.25,0.0,0.0,0.0
2018-06-21 21:09:58.858393,0.01,11.5,0.0,0.0,0.0
2018-06-21 21:10:10.282347,0.01,11.5,0.0,0.0,0.0
2018-06-21 21:10:21.555714,0.061,47.0,0.0,0.0,0.0
2018-06-21 21:10:32.929448,0.077,106.0,0.0,0.0,0.0
2018-06-21 21:10:44.379093,0.111,160.5,0.0,0.0,0.0
2018-06-21 21:10:55.685686,0.104,177.333,0.0,0.0,0.0
2018-06-21 21:11:06.924307,0.098,181.0,0.0,0.0,0.0
2018-06-21 21:11:18.162776,0.057,178.0,0.0,0.0,0.0
2018-06-21 21:11:29.413639,0.042,177.333,0.0,0.0,0.0
2018-06-21 21:11:40.673008,0.064,181.667,0.0,0.0,0.0
2018-06-21 21:11:51.912260,0.052,173.667,0.0,0.0,0.0
2018-06-21 21:12:03.233824,0.068,182.333,0.0,0.0,0.0
2018-06-21 21:12:14.575762,0.085,182.333,0.0,0.0,0.0
2018-06-21 21:12:25.867439,0.084,182.333,0.0,0.0,0.0
2018-06-21 21:12:37.082012,0.051,190.75,0.0,0.0,0.0
2018-06-21 21:12:48.317595,0.055,177.333,0.0,0.0,0.0
2018-06-21 21:12:59.623969,0.061,182.333,0.0,0.0,0.0
2018-06-21 21:13:10.961031,0.045,182.333,0.0,0.0,0.0
2018-06-21 21:13:22.223064,0.045,175.833,0.0,0.0,0.0
2018-06-21 21:13:33.581018,0.025,98.833,0.0,0.0,0.0
2018-06-21 21:13:44.932486,0.009,51.5,0.0,0.0,0.0
2018-06-21 21:13:56.247242,0.01,12.167,0.0,0.0,0.0
2018-06-21 21:14:07.511793,0.01,13.0,0.0,0.0,0.0
2018-06-21 21:14:18.787453,0.01,12.167,0.0,0.0,0.0
2018-06-21 21:14:30.047045,0.01,12.167,0.0,0.0,0.0
2018-06-21 21:14:41.412524,0.01,12.167,0.0,0.0,0.0
2018-06-21 21:14:52.776000,0.01,11.5,0.0,0.0,0.0
2018-06-21 21:15:04.052153,0.01,11.5,0.0,0.0,0.0
2018-06-21 21:15:15.303071,0.009,12.167,0.0,0.0,0.0
2018-06-21 21:15:26.643943,0.01,11.75,0.0,0.0,0.0
2018-06-21 21:15:37.958674,0.009,13.0,0.0,0.0,0.0
2018-06-21 21:15:49.271684,0.009,58.0,0.0,0.0,0.0
2018-06-21 21:16:00.527332,0.059,97.333,0.0,0.0,0.0
2018-06-21 21:16:11.826186,0.06,101.0,0.0,0.0,0.0
2018-06-21 21:16:23.060808,0.063,95.167,0.0,0.0,0.0
2018-06-21 21:16:34.381556,0.069,93.0,0.0,0.0,0.0
2018-06-21 21:16:45.685037,0.069,93.0,0.0,0.0,0.0
2018-06-21 21:16:56.904228,0.009,82.75,0.0,0.0,0.0
2018-06-21 21:17:08.211367,0.058,117.75,0.0,0.0,0.0
2018-06-21 21:17:19.616798,0.042,92.833,0.0,0.0,0.0
2018-06-21 21:17:30.809587,0.028,88.5,0.0,0.0,0.0
2018-06-21 21:17:42.083231,0.028,94.5,0.0,0.0,0.0
2018-06-21 21:17:53.499743,0.028,93.0,0.0,0.0,0.0
2018-06-21 21:18:04.829423,0.074,95.167,0.0,0.0,0.0
2018-06-21 21:18:16.040906,0.074,95.0,0.0,0.0,0.0
2018-06-21 21:18:27.372206,0.01,102.25,0.0,0.0,0.0
2018-06-21 21:18:38.668481,0.037,97.333,0.0,0.0,0.0
2018-06-21 21:18:49.968024,0.038,95.0,0.0,0.0,0.0
2018-06-21 21:19:01.219352,0.043,90.667,0.0,0.0,0.0
2018-06-21 21:19:12.520472,0.043,90.0,0.0,0.0,0.0
2018-06-21 21:19:23.870928,0.042,93.0,0.0,0.0,0.0
2018-06-21 21:19:35.237874,0.028,90.667,0.0,0.0,0.0
2018-06-21 21:19:46.510824,0.028,95.0,0.0,0.0,0.0
2018-06-21 21:19:57.885731,0.042,90.0,0.0,0.0,0.0
2018-06-21 21:20:09.228329,0.042,97.167,0.0,0.0,0.0
2018-06-21 21:20:20.539916,0.042,97.167,0.0,0.0,0.0
2018-06-21 21:20:31.807119,0.056,95.0,0.0,0.0,0.0
2018-06-21 21:20:43.090168,0.056,92.167,0.0,0.0,0.0
2018-06-21 21:20:54.614180,0.063,90.667,0.0,0.0,0.0
2018-06-21 21:21:05.970585,0.072,92.833,0.0,0.0,0.0
2018-06-21 21:21:17.279347,0.091,72.75,0.0,0.0,0.0
2018-06-21 21:21:28.549581,0.043,83.5,0.0,0.0,0.0
2018-06-21 21:21:39.915044,0.043,92.833,0.0,0.0,0.0
2018-06-21 21:21:51.214502,0.046,92.833,0.0,0.0,0.0
2018-06-21 21:22:02.482571,0.029,88.5,0.0,0.0,0.0
2018-06-21 21:22:13.757861,0.029,96.667,0.0,0.0,0.0
2018-06-21 21:22:25.163011,0.021,96.667,0.0,0.0,0.0
2018-06-21 21:22:36.475217,0.02,101.0,0.0,0.0,0.0
2018-06-21 21:22:47.733363,0.012,83.75,0.0,0.0,0.0
2018-06-21 21:22:59.098486,0.066,99.333,0.0,0.0,0.0
2018-06-21 21:23:10.440303,0.065,100.833,0.0,0.0,0.0
2018-06-21 21:23:21.746707,0.061,107.5,0.0,0.0,0.0
2018-06-21 21:23:33.029667,0.06,108.167,0.0,0.0,0.0
2018-06-21 21:23:44.361160,0.06,90.667,0.0,0.0,0.0
2018-06-21 21:23:55.646828,0.011,47.0,0.0,0.0,0.0
2018-06-21 21:24:06.934964,0.011,6.5,0.0,0.0,0.0
2018-06-21 21:24:18.191870,0.011,11.5,0.0,0.0,0.0
2018-06-21 21:24:29.532750,0.011,12.167,0.0,0.0,0.0
2018-06-21 21:24:40.787615,0.011,14.333,0.0,0.0,0.0
2018-06-21 21:24:52.084147,0.011,14.333,0.0,0.0,0.0
2018-06-21 21:25:03.481708,0.011,13.667,0.0,0.0,0.0
2018-06-21 21:25:14.875937,0.012,11.5,0.0,0.0,0.0
2018-06-21 21:25:26.176185,0.031,13.667,0.0,0.0,0.0
2018-06-21 21:25:37.500787,0.038,10.75,0.0,0.0,0.0
2018-06-21 21:25:48.839839,0.03,14.333,0.0,0.0,0.0
2018-06-21 21:26:00.192853,0.03,13.667,0.0,0.0,0.0
2018-06-21 21:26:11.555026,0.029,13.667,0.0,0.0,0.0
2018-06-21 21:26:22.841977,0.027,11.5,0.0,0.0,0.0
2018-06-21 21:26:34.122228,0.027,12.167,0.0,0.0,0.0
2018-06-21 21:26:45.422874,0.028,12.167,0.0,0.0,0.0
2018-06-21 21:26:56.663553,0.017,10.75,0.0,0.0,0.0
2018-06-21 21:27:07.988269,0.016,7.5,0.0,0.0,0.0
2018-06-21 21:27:19.224646,0.01,14.333,0.0,0.0,0.0
2018-06-21 21:27:30.470145,0.01,14.333,0.0,0.0,0.0
2018-06-21 21:27:41.709265,0.011,12.167,0.0,0.0,0.0
2018-06-21 21:27:52.994590,0.011,12.167,0.0,0.0,0.0
2018-06-21 21:28:04.344904,0.011,14.333,0.0,0.0,0.0
2018-06-21 21:28:15.616834,0.01,16.5,0.0,0.0,0.0
2018-06-21 21:28:26.954765,0.01,14.0,0.0,0.0,0.0
2018-06-21 21:28:38.322820,0.011,14.333,0.0,0.0,0.0
2018-06-21 21:28:49.632196,0.011,14.333,0.0,0.0,0.0
2018-06-21 21:29:00.955140,0.011,16.5,0.0,0.0,0.0
2018-06-21 21:29:12.213868,0.011,16.5,0.0,0.0,0.0
2018-06-21 21:29:23.555197,0.01,16.5,0.0,0.0,0.0
2018-06-21 21:29:34.802512,0.01,16.5,0.0,0.0,0.0
2018-06-21 21:29:46.115156,0.01,16.5,0.0,0.0,0.0
2018-06-21 21:29:57.499433,0.01,14.0,0.0,0.0,0.0
2018-06-21 21:30:08.863842,0.01,16.5,0.0,0.0,0.0
2018-06-21 21:30:20.298915,0.01,16.5,0.0,0.0,0.0
2018-06-21 21:30:31.761576,0.009,16.5,0.0,0.0,0.0
2018-06-21 21:30:43.140806,0.009,16.5,0.0,0.0,0.0
2018-06-21 21:30:54.557543,0.009,16.5,0.0,0.0,0.0
2018-06-21 21:31:06.035855,0.009,16.5,0.0,0.0,0.0
2018-06-21 21:31:17.346816,0.009,100.25,0.0,0.0,0.0
2018-06-21 21:31:28.697595,0.01,111.5,0.0,0.0,0.0
2018-06-21 21:31:40.001125,0.025,100.5,0.0,0.0,0.0
2018-06-21 21:31:51.304482,0.041,97.167,0.0,0.0,0.0
2018-06-21 21:32:02.624347,0.041,98.667,0.0,0.0,0.0
2018-06-21 21:32:13.959995,0.055,103.667,0.0,0.0,0.0
2018-06-21 21:32:25.207882,0.057,105.833,0.0,0.0,0.0
2018-06-21 21:32:36.478081,0.057,100.5,0.0,0.0,0.0
2018-06-21 21:32:47.806049,0.042,97.667,0.0,0.0,0.0
2018-06-21 21:32:59.130448,0.042,101.5,0.0,0.0,0.0
2018-06-21 21:33:10.376775,0.025,92.833,0.0,0.0,0.0
2018-06-21 21:33:21.716889,0.01,97.333,0.0,0.0,0.0
2018-06-21 21:33:32.998860,0.009,98.833,0.0,0.0,0.0
2018-06-21 21:33:44.316782,0.009,101.0,0.0,0.0,0.0
2018-06-21 21:33:55.699453,0.01,99.5,0.0,0.0,0.0
2018-06-21 21:34:06.962478,0.01,79.5,0.0,0.0,0.0
2018-06-21 21:34:18.299784,0.071,98.5,0.0,0.0,0.0
2018-06-21 21:34:29.613533,0.071,103.667,0.0,0.0,0.0
2018-06-21 21:34:40.958024,0.129,101.667,0.0,0.0,0.0
2018-06-21 21:34:52.210878,0.137,99.5,0.0,0.0,0.0
2018-06-21 21:35:03.538956,0.137,101.0,0.0,0.0,0.0
2018-06-21 21:35:14.843430,0.101,96.667,0.0,0.0,0.0
2018-06-21 21:35:26.171752,0.101,112.667,0.0,0.0,0.0
2018-06-21 21:35:37.463851,0.034,112.25,0.0,0.0,0.0
2018-06-21 21:35:48.772670,0.081,103.167,0.0,0.0,0.0
2018-06-21 21:36:00.161790,0.081,100.833,0.0,0.0,0.0
2018-06-21 21:36:11.416854,0.026,87.167,0.0,0.0,0.0
2018-06-21 21:36:22.730671,0.026,94.833,0.0,0.0,0.0
2018-06-21 21:36:34.066670,0.027,97.167,0.0,0.0,0.0
2018-06-21 21:36:45.368615,0.027,96.5,0.0,0.0,0.0
2018-06-21 21:36:56.616376,0.009,72.75,0.0,0.0,0.0
2018-06-21 21:37:08.024167,0.008,92.833,0.0,0.0,0.0
2018-06-21 21:37:19.288480,0.009,95.0,0.0,0.0,0.0
2018-06-21 21:37:30.673198,0.009,96.5,0.0,0.0,0.0
2018-06-21 21:37:41.989801,0.01,99.5,0.0,0.0,0.0
2018-06-21 21:37:53.364981,0.01,99.5,0.0,0.0,0.0
2018-06-21 21:38:04.646520,0.01,101.667,0.0,0.0,0.0
2018-06-21 21:38:16.049153,0.01,103.167,0.0,0.0,0.0
2018-06-21 21:38:27.282067,0.009,86.25,0.0,0.0,0.0
2018-06-21 21:38:38.565376,0.04,101.667,0.0,0.0,0.0
2018-06-21 21:38:49.837766,0.04,95.0,0.0,0.0,0.0
2018-06-21 21:39:01.114351,0.045,68.0,0.0,0.0,0.0
2018-06-21 21:39:12.411797,0.029,53.5,0.0,0.0,0.0
2018-06-21 21:39:23.743368,0.029,27.333,0.0,0.0,0.0
2018-06-21 21:39:35.014728,0.011,7.833,0.0,0.0,0.0
2018-06-21 21:39:46.296538,0.011,13.667,0.0,0.0,0.0
2018-06-21 21:39:57.630609,0.01,19.0,0.0,0.0,0.0
2018-06-21 21:40:08.857479,0.009,14.333,0.0,0.0,0.0
2018-06-21 21:40:20.187316,0.01,14.333,0.0,0.0,0.0
2018-06-21 21:40:31.425456,0.011,14.333,0.0,0.0,0.0
2018-06-21 21:40:42.634918,0.011,15.833,0.0,0.0,0.0
2018-06-21 21:40:54.018133,0.011,15.833,0.0,0.0,0.0
2018-06-21 21:41:05.454099,0.01,16.5,0.0,0.0,0.0
2018-06-21 21:41:16.826160,0.01,15.0,0.0,0.0,0.0
2018-06-21 21:41:28.206418,0.01,15.833,0.0,0.0,0.0
2018-06-21 21:41:39.521062,0.011,16.5,0.0,0.0,0.0
2018-06-21 21:41:50.831881,0.011,16.5,0.0,0.0,0.0
2018-06-21 21:42:02.175596,0.01,16.5,0.0,0.0,0.0
2018-06-21 21:42:13.604061,0.01,15.833,0.0,0.0,0.0
2018-06-21 21:42:24.929313,0.01,15.833,0.0,0.0,0.0
2018-06-21 21:42:36.215116,0.01,16.5,0.0,0.0,0.0
2018-06-21 21:42:47.522471,0.01,15.0,0.0,0.0,0.0
2018-06-21 21:42:58.840893,0.01,15.833,0.0,0.0,0.0
2018-06-21 21:43:10.129801,0.01,16.5,0.0,0.0,0.0
2018-06-21 21:43:21.457389,0.01,16.5,0.0,0.0,0.0
2018-06-21 21:43:32.818239,0.01,16.5,0.0,0.0,0.0
2018-06-21 21:43:44.101853,0.01,15.833,0.0,0.0,0.0
2018-06-21 21:43:55.443879,0.01,15.833,0.0,0.0,0.0
2018-06-21 21:44:06.705347,0.01,10.75,0.0,0.0,0.0
2018-06-21 21:44:18.021277,0.01,16.5,0.0,0.0,0.0
2018-06-21 21:44:29.270150,0.01,15.833,0.0,0.0,0.0
2018-06-21 21:44:40.606057,0.01,16.5,0.0,0.0,0.0
2018-06-21 21:44:51.956120,0.019,16.5,0.0,0.0,0.0
2018-06-21 21:45:03.359632,0.019,16.5,0.0,0.0,0.0
2018-06-21 21:45:14.715107,0.019,15.833,0.0,0.0,0.0
2018-06-21 21:45:25.980218,0.034,15.833,0.0,0.0,0.0
2018-06-21 21:45:37.259669,0.047,10.75,0.0,0.0,0.0
2018-06-21 21:45:48.615130,0.03,16.5,0.0,0.0,0.0
2018-06-21 21:45:59.966986,0.03,15.833,0.0,0.0,0.0
2018-06-21 21:46:11.222842,0.03,16.5,0.0,0.0,0.0
2018-06-21 21:46:22.510628,0.01,10.0,0.0,0.0,0.0
2018-06-21 21:46:33.914764,0.01,16.5,0.0,0.0,0.0
2018-06-21 21:46:45.319364,0.01,15.833,0.0,0.0,0.0
2018-06-21 21:46:56.622801,0.009,14.0,0.0,0.0,0.0
2018-06-21 21:47:07.956490,0.009,10.75,0.0,0.0,0.0
2018-06-21 21:47:19.223006,0.009,16.5,0.0,0.0,0.0
2018-06-21 21:47:30.529000,0.009,13.667,0.0,0.0,0.0
2018-06-21 21:47:41.829445,0.009,13.667,0.0,0.0,0.0
2018-06-21 21:47:53.147405,0.009,14.333,0.0,0.0,0.0
2018-06-21 21:48:04.484603,0.009,16.5,0.0,0.0,0.0
2018-06-21 21:48:15.772902,0.009,16.5,0.0,0.0,0.0
2018-06-21 21:48:27.034456,0.009,14.0,0.0,0.0,0.0
2018-06-21 21:48:38.407223,0.011,16.5,0.0,0.0,0.0
2018-06-21 21:48:49.690038,0.011,16.5,0.0,0.0,0.0
2018-06-21 21:49:01.022331,0.009,15.833,0.0,0.0,0.0
2018-06-21 21:49:12.365072,0.009,15.833,0.0,0.0,0.0
2018-06-21 21:49:23.676865,0.009,16.5,0.0,0.0,0.0
2018-06-21 21:49:34.883863,0.009,16.5,0.0,0.0,0.0
2018-06-21 21:49:46.188445,0.01,16.5,0.0,0.0,0.0
2018-06-21 21:49:57.528588,0.011,14.0,0.0,0.0,0.0
2018-06-21 21:50:08.787393,0.009,16.5,0.0,0.0,0.0
2018-06-21 21:50:20.099473,0.009,16.5,0.0,0.0,0.0
2018-06-21 21:50:31.413646,0.009,15.833,0.0,0.0,0.0
2018-06-21 21:50:42.709252,0.009,15.833,0.0,0.0,0.0
2018-06-21 21:50:54.028608,0.009,16.5,0.0,0.0,0.0
2018-06-21 21:51:05.311313,0.009,16.5,0.0,0.0,0.0
2018-06-21 21:51:16.526213,0.009,16.5,0.0,0.0,0.0
2018-06-21 21:51:27.875354,0.009,14.0,0.0,0.0,0.0
2018-06-21 21:51:39.200444,0.009,16.5,0.0,0.0,0.0
2018-06-21 21:51:50.412098,0.009,16.5,0.0,0.0,0.0
2018-06-21 21:52:01.775650,0.01,16.5,0.0,0.0,0.0
2018-06-21 21:52:13.224387,0.033,16.5,0.0,0.0,0.0
2018-06-21 21:52:24.689308,0.033,16.5,0.0,0.0,0.0
2018-06-21 21:52:35.993849,0.032,16.5,0.0,0.0,0.0
2018-06-21 21:52:47.326304,0.04,24.75,0.0,0.0,0.0
2018-06-21 21:52:58.677555,0.03,16.5,0.0,0.0,0.0
2018-06-21 21:53:09.959357,0.009,10.0,0.0,0.0,0.0
2018-06-21 21:53:21.300680,0.009,16.5,0.0,0.0,0.0
2018-06-21 21:53:32.639141,0.009,15.833,0.0,0.0,0.0
2018-06-21 21:53:43.928540,0.009,16.5,0.0,0.0,0.0
2018-06-21 21:53:55.302921,0.009,16.5,0.0,0.0,0.0
2018-06-21 21:54:06.591925,0.009,16.25,0.0,0.0,0.0
2018-06-21 21:54:17.894530,0.009,14.333,0.0,0.0,0.0
2018-06-21 21:54:29.232150,0.009,16.5,0.0,0.0,0.0
2018-06-21 21:54:40.551742,0.009,16.5,0.0,0.0,0.0
2018-06-21 21:54:51.886829,0.009,16.5,0.0,0.0,0.0
2018-06-21 21:55:03.161848,0.009,16.5,0.0,0.0,0.0
2018-06-21 21:55:14.473450,0.009,16.5,0.0,0.0,0.0
2018-06-21 21:55:25.757198,0.009,16.5,0.0,0.0,0.0
2018-06-21 21:55:37.013545,0.009,19.5,0.0,0.0,0.0
2018-06-21 21:55:48.308419,0.009,16.5,0.0,0.0,0.0
2018-06-21 21:55:59.622748,0.009,16.5,0.0,0.0,0.0
2018-06-21 21:56:10.977446,0.009,16.5,0.0,0.0,0.0
2018-06-21 21:56:22.246649,0.009,16.5,0.0,0.0,0.0
2018-06-21 21:56:33.541451,0.009,16.5,0.0,0.0,0.0
2018-06-21 21:56:44.854517,0.009,16.5,0.0,0.0,0.0
2018-06-21 21:56:56.121584,0.009,16.5,0.0,0.0,0.0
2018-06-21 21:57:07.396159,0.009,19.5,0.0,0.0,0.0
2018-06-21 21:57:18.700258,0.009,16.5,0.0,0.0,0.0
2018-06-21 21:57:30.011261,0.009,16.5,0.0,0.0,0.0
2018-06-21 21:57:41.297788,0.009,16.5,0.0,0.0,0.0
2018-06-21 21:57:52.610149,0.009,16.5,0.0,0.0,0.0
