2018-06-22 09:20:11.574143,0.11,265.667,0.0301029996659,0.0301029996659,0.0301029996658834
2018-06-22 09:20:23.326770,0.163,237.75,0.0301029996659,0.0301029996659,0.0301029996658834
2018-06-22 09:20:35.074340,0.316,342.167,1.0,1.0,1.0
2018-06-22 09:20:46.535905,0.647,461.167,1.0,1.0,1.0
2018-06-22 09:20:58.141237,0.649,460.333,0.0301029996659,0.0301029996659,0.0301029996658834
2018-06-22 09:21:09.800534,0.648,459.5,0.0301029996659,0.0301029996659,0.0301029996658834
2018-06-22 09:21:21.395674,0.65,455.833,0.0301029996659,0.0301029996659,0.0301029996658834
2018-06-22 09:21:32.939462,0.864,452.5,1.0,0.0301029996659,1.0
2018-06-22 09:21:44.525956,0.7,460.333,0.0301029996659,0.0301029996659,0.0301029996658834
2018-06-22 09:21:56.145966,0.646,456.333,0.0301029996659,0.0301029996659,0.0301029996658834
2018-06-22 09:22:07.771316,0.757,462.833,0.0301029996659,0.0301029996659,0.0301029996658834
2018-06-22 09:22:19.345897,0.734,463.833,0.0301029996659,0.0301029996659,0.0301029996658834
2018-06-22 09:22:31.153765,0.692,452.167,0.0301029996659,0.0301029996659,0.0301029996658834
2018-06-22 09:22:42.685378,0.641,396.75,0.0301029996659,0.0301029996659,0.0301029996658834
2018-06-22 09:22:54.305165,0.803,445.167,0.0301029996659,0.0301029996659,0.0301029996658834
2018-06-22 09:23:05.953098,0.794,445.0,0.0301029996659,0.0301029996659,0.0301029996658834
2018-06-22 09:23:17.537637,0.769,433.167,0.0301029996659,0.0301029996659,0.0301029996658834
2018-06-22 09:23:29.164323,0.766,442.167,0.0301029996659,0.0301029996659,0.0301029996658834
2018-06-22 09:23:40.738039,0.754,444.167,0.0301029996659,0.0301029996659,0.0301029996658834
2018-06-22 09:23:52.396690,1.004,519.25,1.0,1.0,1.0
2018-06-22 09:24:03.977977,0.614,403.0,0.0301029996659,0.0301029996659,0.0301029996658834
2018-06-22 09:24:15.517849,0.716,448.667,0.0301029996659,0.0301029996659,0.0301029996658834
2018-06-22 09:24:27.088952,0.714,447.167,0.0301029996659,0.0301029996659,0.0301029996658834
2018-06-22 09:24:38.613886,0.744,446.167,0.0301029996659,0.0301029996659,0.0301029996658834
2018-06-22 09:24:50.208102,0.659,398.167,0.0301029996659,0.0301029996659,0.0301029996658834
2018-06-22 09:25:01.777474,0.659,446.333,0.0301029996659,0.0301029996659,0.0301029996658834
2018-06-22 09:25:13.369502,0.628,478.25,0.0301029996659,0.0301029996659,0.0301029996658834
2018-06-22 09:25:24.992213,0.621,444.667,0.0301029996659,0.0301029996659,0.0301029996658834
2018-06-22 09:25:36.587875,0.619,447.5,0.0301029996659,0.0301029996659,0.0301029996658834
2018-06-22 09:25:48.265652,0.59,420.5,0.0301029996659,0.0301029996659,0.0301029996658834
2018-06-22 09:25:59.937622,0.587,448.5,0.0301029996659,0.0301029996659,0.0301029996658834
2018-06-22 09:26:11.560614,0.616,445.833,0.0301029996659,0.0301029996659,0.0301029996658834
2018-06-22 09:26:23.192919,0.85,422.0,0.0301029996659,0.0301029996659,0.0301029996658834
2018-06-22 09:26:34.737194,0.63,446.833,0.0301029996659,0.0301029996659,0.0301029996658834
2018-06-22 09:26:46.274196,0.625,449.5,0.0301029996659,0.0301029996659,0.0301029996658834
2018-06-22 09:26:57.845713,0.623,453.0,0.0301029996659,0.0301029996659,0.0301029996658834
2018-06-22 09:27:09.457926,0.648,445.0,0.0301029996659,0.0301029996659,0.0301029996658834
2018-06-22 09:27:20.947225,0.649,444.833,0.0301029996659,0.0301029996659,0.0301029996658834
2018-06-22 09:27:32.493455,0.457,389.25,0.0301029996659,0.0301029996659,0.0301029996658834
2018-06-22 09:27:44.130249,0.76,511.75,0.0301029996659,0.0301029996659,0.0301029996658834
2018-06-22 09:27:55.706043,0.777,445.833,0.0301029996659,0.0301029996659,0.0301029996658834
2018-06-22 09:28:07.357401,0.761,448.167,0.0301029996659,0.0301029996659,0.0301029996658834
2018-06-22 09:28:18.985589,0.722,449.5,0.0301029996659,0.0301029996659,0.0301029996658834
2018-06-22 09:28:30.675152,0.591,375.5,0.0301029996659,0.0301029996659,0.0301029996658834
2018-06-22 09:28:42.334038,0.291,261.833,0.0301029996659,0.0301029996659,0.0301029996658834
2018-06-22 09:28:53.991429,0.141,230.167,0.0301029996659,0.0301029996659,0.0301029996658834
2018-06-22 09:29:05.630343,0.115,230.167,0.0301029996659,0.0301029996659,0.0301029996658834
2018-06-22 09:29:17.199825,0.114,230.0,0.0301029996659,0.0301029996659,0.0301029996658834
2018-06-22 09:29:28.829171,0.113,228.333,0.0301029996659,0.0301029996659,0.0301029996658834
2018-06-22 09:29:40.473798,0.093,229.0,0.0301029996659,0.0301029996659,0.0301029996658834
2018-06-22 09:29:52.073376,0.093,228.333,0.0301029996659,0.0301029996659,0.0301029996658834
2018-06-22 09:30:03.646080,0.071,213.833,0.0301029996659,0.0301029996659,0.0301029996658834
2018-06-22 09:30:15.317527,0.071,228.167,0.0301029996659,0.0301029996659,0.0301029996658834
2018-06-22 09:30:26.962274,0.068,228.833,0.0301029996659,0.0301029996659,0.0301029996658834
2018-06-22 09:30:38.539034,0.067,228.167,0.0301029996659,0.0301029996659,0.0301029996658834
2018-06-22 09:30:50.124012,0.067,231.667,0.0301029996659,0.0301029996659,0.0301029996658834
2018-06-22 09:31:01.712926,0.073,231.667,0.0301029996659,0.0301029996659,0.0301029996658834
2018-06-22 09:31:13.338838,0.108,226.25,0.0301029996659,0.0301029996659,0.0301029996658834
2018-06-22 09:31:25.058714,0.072,228.333,0.0301029996659,0.0301029996659,0.0301029996658834
2018-06-22 09:31:36.766388,0.072,224.667,0.0301029996659,0.0301029996659,0.0301029996658834
2018-06-22 09:31:48.364284,0.071,228.167,0.0301029996659,0.0301029996659,0.0301029996658834
2018-06-22 09:31:59.954179,0.075,231.5,0.0301029996659,0.0301029996659,0.0301029996658834
2018-06-22 09:32:11.550583,0.074,232.333,0.0301029996659,0.0301029996659,0.0301029996658834
2018-06-22 09:32:23.198543,0.007,222.75,1.0,0.0301029996659,1.0
2018-06-22 09:32:34.806928,0.069,228.333,0.0301029996659,0.0301029996659,0.0301029996658834
2018-06-22 09:32:46.402349,0.08,224.833,0.0301029996659,0.0301029996659,0.0301029996658834
2018-06-22 09:32:58.052328,0.085,224.833,0.0301029996659,0.0301029996659,0.0301029996658834
2018-06-22 09:33:09.565093,0.085,224.833,0.0301029996659,0.0301029996659,0.0301029996658834
2018-06-22 09:33:21.110688,0.119,224.667,0.0301029996659,0.0301029996659,0.0301029996658834
2018-06-22 09:33:32.674204,0.167,242.0,0.0301029996659,0.0301029996659,0.0301029996658834
2018-06-22 09:33:44.306388,0.135,231.833,0.0301029996659,0.0301029996659,0.0301029996658834
2018-06-22 09:33:55.885375,0.141,234.667,0.0301029996659,0.0301029996659,0.0301029996658834
2018-06-22 09:34:07.616889,0.141,234.667,0.0301029996659,0.0301029996659,0.0301029996658834
2018-06-22 09:34:19.177508,0.141,231.667,0.0301029996659,0.0301029996659,0.0301029996658834
2018-06-22 09:34:30.768604,0.144,224.667,0.0301029996659,0.0301029996659,0.0301029996658834
2018-06-22 09:34:42.333917,0.144,224.833,0.0301029996659,0.0301029996659,0.0301029996658834
2018-06-22 09:34:54.083660,0.135,226.0,0.0301029996659,0.0301029996659,0.0301029996658834
2018-06-22 09:35:05.857939,0.135,225.833,0.0301029996659,0.0301029996659,0.0301029996658834
2018-06-22 09:35:17.546147,0.135,228.0,0.0301029996659,0.0301029996659,0.0301029996658834
2018-06-22 09:35:29.150356,0.123,231.5,0.0301029996659,0.0301029996659,0.0301029996658834
2018-06-22 09:35:40.946433,0.123,231.5,0.0301029996659,0.0301029996659,0.0301029996658834
2018-06-22 09:35:52.562956,0.277,264.0,0.0301029996659,0.0301029996659,0.0301029996658834
2018-06-22 09:36:04.259406,0.748,335.4,0.0301029996659,0.0301029996659,0.0301029996658834
2018-06-22 09:36:24.015395,0.611,286.167,0.0301029996659,0.0301029996659,0.0301029996658834
2018-06-22 09:36:41.149431,0.633,403.25,0.0301029996659,0.0301029996659,0.0301029996658834
2018-06-22 09:36:52.637052,0.693,492.167,0.0301029996659,0.0301029996659,0.0301029996658834
2018-06-22 09:37:04.333733,0.798,454.667,0.0301029996659,0.0301029996659,0.0301029996658834
2018-06-22 09:37:15.850906,0.764,445.833,0.0301029996659,0.0301029996659,0.0301029996658834
2018-06-22 09:37:27.362337,0.766,456.167,0.0301029996659,0.0301029996659,0.0301029996658834
2018-06-22 09:37:38.973892,0.697,421.167,0.0301029996659,0.0301029996659,0.0301029996658834
2018-06-22 09:37:50.506832,0.706,450.667,0.0301029996659,0.0301029996659,0.0301029996658834
2018-06-22 09:38:02.048726,0.702,453.5,0.0301029996659,0.0301029996659,0.0301029996658834
2018-06-22 09:38:21.959795,0.558,338.875,0.0301029996659,0.0301029996659,0.0301029996658834
2018-06-22 09:38:33.505737,0.511,350.375,0.0301029996659,0.0301029996659,0.0301029996658834
2018-06-22 09:38:45.207959,0.507,442.167,0.0301029996659,0.0301029996659,0.0301029996658834
2018-06-22 09:39:02.327085,0.51,452.417,0.0301029996659,0.0301029996659,0.0301029996658834
2018-06-22 09:39:13.925757,0.661,455.0,0.0301029996659,0.0301029996659,0.0301029996658834
2018-06-22 09:39:25.457538,0.624,458.833,0.0301029996659,0.0301029996659,0.0301029996658834
2018-06-22 09:39:36.950502,0.644,462.5,0.0301029996659,0.0301029996659,0.0301029996658834
2018-06-22 09:39:48.522035,0.629,461.0,0.0301029996659,0.0301029996659,0.0301029996658834
2018-06-22 09:40:00.157863,0.617,462.5,0.0301029996659,0.0301029996659,0.0301029996658834
2018-06-22 09:40:11.726344,0.639,462.333,0.0301029996659,0.0301029996659,0.0301029996658834
2018-06-22 09:40:23.240995,0.489,407.5,0.0301029996659,0.0301029996659,0.0301029996658834
2018-06-22 09:40:34.897505,0.662,450.667,0.0301029996659,0.0301029996659,0.0301029996658834
2018-06-22 09:40:46.431948,0.753,446.0,0.0301029996659,0.0301029996659,0.0301029996658834
2018-06-22 09:40:57.964520,0.753,441.333,0.0301029996659,0.0301029996659,0.0301029996658834
2018-06-22 09:41:09.491973,0.749,444.833,0.0301029996659,0.0301029996659,0.0301029996658834
2018-06-22 09:41:20.994049,0.821,448.5,0.0301029996659,0.0301029996659,0.0301029996658834
2018-06-22 09:41:32.505852,0.954,485.75,0.138058545864,0.138058545864,0.13805854586409688
2018-06-22 09:41:44.121069,0.904,442.5,0.138058545864,0.138058545864,0.13805854586409688
2018-06-22 09:41:55.674705,0.925,452.333,0.138058545864,0.138058545864,0.13805854586409688
2018-06-22 09:42:07.206246,0.904,448.333,0.138058545864,0.138058545864,0.13805854586409688
2018-06-22 09:42:27.142553,0.678,382.9,0.138058545864,0.138058545864,0.13805854586409688
2018-06-22 09:42:44.366022,0.698,445.6,0.138058545864,0.138058545864,0.13805854586409688
2018-06-22 09:42:55.881611,0.708,421.875,0.138058545864,0.138058545864,0.13805854586409688
2018-06-22 09:43:07.441487,0.805,456.833,0.138058545864,0.138058545864,0.13805854586409688
2018-06-22 09:43:18.951054,0.828,447.5,0.138058545864,0.138058545864,0.13805854586409688
2018-06-22 09:43:30.581940,0.802,457.667,0.138058545864,0.138058545864,0.13805854586409688
2018-06-22 09:43:42.161809,0.774,458.833,0.138058545864,0.138058545864,0.13805854586409688
2018-06-22 09:43:53.738224,0.152,323.8,0.138058545864,0.138058545864,0.13805854586409688
2018-06-22 09:44:05.400026,0.072,244.333,0.138058545864,0.138058545864,0.13805854586409688
2018-06-22 09:44:17.355833,0.072,230.0,0.138058545864,0.138058545864,0.13805854586409688
2018-06-22 09:44:29.318412,0.072,229.167,0.138058545864,0.138058545864,0.13805854586409688
2018-06-22 09:44:41.247025,0.073,225.0,0.138058545864,0.138058545864,0.13805854586409688
2018-06-22 09:44:53.169581,0.106,216.25,0.138058545864,0.138058545864,0.13805854586409688
2018-06-22 09:45:04.901989,0.072,228.167,0.138058545864,0.138058545864,0.13805854586409688
2018-06-22 09:45:16.909993,0.072,228.167,0.138058545864,0.138058545864,0.13805854586409688
2018-06-22 09:45:28.818213,0.072,224.0,0.138058545864,0.138058545864,0.13805854586409688
2018-06-22 09:45:40.771786,0.073,227.5,0.138058545864,0.138058545864,0.13805854586409688
2018-06-22 09:45:52.640441,0.106,217.5,0.138058545864,0.138058545864,0.13805854586409688
2018-06-22 09:46:04.245557,0.075,224.833,0.138058545864,0.138058545864,0.13805854586409688
2018-06-22 09:46:16.131428,0.075,227.5,0.138058545864,0.138058545864,0.13805854586409688
2018-06-22 09:46:28.013352,0.1,228.333,0.138058545864,0.138058545864,0.13805854586409688
2018-06-22 09:46:39.605818,0.1,228.167,0.138058545864,0.138058545864,0.13805854586409688
2018-06-22 09:46:51.227350,0.099,228.333,0.138058545864,0.138058545864,0.13805854586409688
2018-06-22 09:47:03.144202,0.083,225.25,0.138058545864,0.138058545864,0.13805854586409688
2018-06-22 09:47:14.995301,0.123,228.167,0.138058545864,0.138058545864,0.13805854586409688
2018-06-22 09:47:26.604603,0.139,228.333,0.138058545864,0.138058545864,0.13805854586409688
2018-06-22 09:47:38.236096,0.142,227.667,0.138058545864,0.138058545864,0.13805854586409688
2018-06-22 09:47:49.878687,0.142,227.667,0.138058545864,0.138058545864,0.13805854586409688
2018-06-22 09:48:01.479749,0.139,228.333,0.138058545864,0.138058545864,0.13805854586409688
2018-06-22 09:48:13.124682,0.206,242.5,0.138058545864,0.138058545864,0.13805854586409688
2018-06-22 09:48:24.884360,0.14,224.0,0.138058545864,0.138058545864,0.13805854586409688
2018-06-22 09:48:36.518358,0.142,224.667,0.138058545864,0.138058545864,0.13805854586409688
2018-06-22 09:48:48.171837,0.142,228.333,0.138058545864,0.138058545864,0.13805854586409688
2018-06-22 09:48:59.882674,0.144,231.167,0.138058545864,0.138058545864,0.13805854586409688
2018-06-22 09:49:11.545462,0.122,234.0,0.138058545864,0.138058545864,0.13805854586409688
2018-06-22 09:49:23.221886,0.079,221.5,0.138058545864,0.138058545864,0.13805854586409688
2018-06-22 09:49:35.040748,0.097,224.667,0.138058545864,0.138058545864,0.13805854586409688
2018-06-22 09:49:46.951069,0.097,221.333,0.138058545864,0.138058545864,0.13805854586409688
2018-06-22 09:49:58.913557,0.095,224.0,0.138058545864,0.138058545864,0.13805854586409688
2018-06-22 09:50:10.850984,0.071,214.0,0.138058545864,0.138058545864,0.13805854586409688
2018-06-22 09:50:22.717781,0.005,222.75,0.138058545864,0.138058545864,0.13805854586409688
2018-06-22 09:50:34.582890,0.072,232.833,0.138058545864,0.138058545864,0.13805854586409688
2018-06-22 09:50:46.421824,0.072,232.833,0.138058545864,0.138058545864,0.13805854586409688
2018-06-22 09:50:58.323179,0.074,231.833,0.138058545864,0.138058545864,0.13805854586409688
2018-06-22 09:51:10.230281,0.074,228.333,0.138058545864,0.138058545864,0.13805854586409688
2018-06-22 09:51:21.795868,0.432,336.0,0.138058545864,0.138058545864,0.13805854586409688
2018-06-22 09:51:33.378986,0.833,467.0,0.138058545864,0.138058545864,0.13805854586409688
2018-06-22 09:51:44.907603,0.575,442.667,0.138058545864,0.138058545864,0.13805854586409688
2018-06-22 09:51:56.456328,0.565,428.5,0.138058545864,0.138058545864,0.13805854586409688
2018-06-22 09:52:08.034402,0.566,451.667,0.138058545864,0.138058545864,0.13805854586409688
2018-06-22 09:52:19.644216,0.591,450.833,0.138058545864,0.138058545864,0.13805854586409688
2018-06-22 09:52:31.279008,0.575,450.5,0.138058545864,0.138058545864,0.13805854586409688
2018-06-22 09:52:42.911777,0.257,383.75,0.138058545864,0.138058545864,0.13805854586409688
2018-06-22 09:52:54.529387,0.579,444.667,0.138058545864,0.138058545864,0.13805854586409688
2018-06-22 09:53:06.118976,0.579,455.333,0.138058545864,0.138058545864,0.13805854586409688
2018-06-22 09:53:17.716417,0.556,464.333,0.138058545864,0.138058545864,0.13805854586409688
2018-06-22 09:53:29.318021,0.543,450.333,0.138058545864,0.138058545864,0.13805854586409688
2018-06-22 09:53:40.970155,0.578,462.0,0.138058545864,0.138058545864,0.13805854586409688
2018-06-22 09:53:52.579830,0.711,553.25,0.138058545864,1.0,1.0
2018-06-22 09:54:04.144204,0.71,447.5,0.138058545864,0.138058545864,0.13805854586409688
2018-06-22 09:54:15.637127,0.697,457.333,0.138058545864,0.138058545864,0.13805854586409688
2018-06-22 09:54:27.071700,0.684,455.167,0.138058545864,0.138058545864,0.13805854586409688
2018-06-22 09:54:38.609122,0.792,454.167,0.138058545864,0.138058545864,0.13805854586409688
2018-06-22 09:54:50.218117,0.794,457.5,0.138058545864,0.138058545864,0.13805854586409688
2018-06-22 09:55:01.734490,0.773,457.667,0.138058545864,0.138058545864,0.13805854586409688
2018-06-22 09:55:13.243649,0.649,397.25,0.138058545864,0.138058545864,0.13805854586409688
2018-06-22 09:55:33.192312,0.557,290.5,0.138058545864,0.138058545864,0.13805854586409688
2018-06-22 09:55:44.907963,0.611,418.083,0.138058545864,0.138058545864,0.13805854586409688
2018-06-22 09:56:04.804877,0.466,431.25,0.138058545864,0.138058545864,0.13805854586409688
2018-06-22 09:56:22.017736,0.434,456.444,0.138058545864,0.138058545864,0.13805854586409688
2018-06-22 09:56:33.580628,0.483,520.0,0.138058545864,0.138058545864,0.13805854586409688
2018-06-22 09:56:45.087860,0.73,464.667,0.138058545864,0.138058545864,0.13805854586409688
2018-06-22 09:56:56.638982,0.73,466.667,0.138058545864,0.138058545864,0.13805854586409688
2018-06-22 09:57:08.201760,0.751,458.833,0.138058545864,0.138058545864,0.13805854586409688
2018-06-22 09:57:19.719049,0.646,432.0,0.138058545864,0.138058545864,0.13805854586409688
2018-06-22 09:57:31.239360,0.645,451.667,0.138058545864,0.138058545864,0.13805854586409688
2018-06-22 09:57:42.787567,0.558,421.25,0.138058545864,0.138058545864,0.13805854586409688
2018-06-22 09:57:54.395560,0.6,450.833,0.138058545864,0.138058545864,0.13805854586409688
2018-06-22 09:58:06.019880,0.605,454.5,0.138058545864,0.138058545864,0.13805854586409688
2018-06-22 09:58:26.008373,0.389,355.6,0.138058545864,0.138058545864,0.13805854586409688
2018-06-22 09:58:37.649575,0.414,390.083,0.138058545864,0.138058545864,0.13805854586409688
2018-06-22 09:58:49.199909,0.434,434.333,0.138058545864,0.138058545864,0.13805854586409688
2018-06-22 09:59:00.841263,0.435,447.25,0.138058545864,0.138058545864,0.13805854586409688
2018-06-22 09:59:12.539240,0.064,372.25,0.138058545864,0.138058545864,0.13805854586409688
2018-06-22 09:59:30.009454,0.105,238.25,0.138058545864,0.138058545864,0.13805854586409688
2018-06-22 09:59:41.727306,0.099,225.5,0.138058545864,0.138058545864,0.13805854586409688
2018-06-22 09:59:53.672106,0.152,250.75,0.138058545864,0.138058545864,0.13805854586409688
2018-06-22 10:00:05.333419,0.133,231.0,0.138058545864,0.138058545864,0.13805854586409688
2018-06-22 10:00:16.985966,0.131,227.667,0.138058545864,0.138058545864,0.13805854586409688
2018-06-22 10:00:28.752375,0.13,231.667,0.138058545864,0.138058545864,0.13805854586409688
2018-06-22 10:00:40.349300,0.135,228.167,0.138058545864,0.138058545864,0.13805854586409688
2018-06-22 10:00:51.954052,0.134,231.5,0.138058545864,0.138058545864,0.13805854586409688
2018-06-22 10:01:03.613494,0.101,225.25,0.138058545864,0.138058545864,0.13805854586409688
2018-06-22 10:01:15.238145,0.137,228.333,0.138058545864,0.138058545864,0.13805854586409688
2018-06-22 10:01:26.909282,0.137,228.333,0.138058545864,0.138058545864,0.13805854586409688
2018-06-22 10:01:38.563771,0.138,227.667,0.138058545864,0.138058545864,0.13805854586409688
2018-06-22 10:01:50.186929,0.13,228.333,0.138058545864,0.138058545864,0.13805854586409688
2018-06-22 10:02:01.799616,0.13,228.0,0.138058545864,0.138058545864,0.13805854586409688
2018-06-22 10:02:13.743028,0.103,220.0,0.138058545864,0.138058545864,0.13805854586409688
2018-06-22 10:02:25.472057,0.106,224.333,0.138058545864,0.138058545864,0.13805854586409688
2018-06-22 10:02:37.031119,0.11,228.333,0.138058545864,0.138058545864,0.13805854586409688
2018-06-22 10:02:48.726702,0.086,227.333,0.138058545864,0.138058545864,0.13805854586409688
2018-06-22 10:03:00.744803,0.086,228.5,0.138058545864,0.138058545864,0.13805854586409688
2018-06-22 10:03:12.746885,0.103,221.25,0.138058545864,0.138058545864,0.13805854586409688
2018-06-22 10:03:24.420110,0.07,224.833,0.138058545864,0.138058545864,0.13805854586409688
2018-06-22 10:03:36.280161,0.072,225.0,0.138058545864,0.138058545864,0.13805854586409688
2018-06-22 10:03:48.105102,0.073,227.667,0.138058545864,0.138058545864,0.13805854586409688
2018-06-22 10:04:00.036380,0.073,228.167,0.138058545864,0.138058545864,0.13805854586409688
2018-06-22 10:04:11.978919,0.073,233.5,0.138058545864,0.138058545864,0.13805854586409688
2018-06-22 10:04:23.566197,0.105,224.25,0.138058545864,0.138058545864,0.13805854586409688
2018-06-22 10:04:35.475985,0.072,224.0,0.138058545864,0.138058545864,0.13805854586409688
2018-06-22 10:04:47.361464,0.072,224.833,0.138058545864,0.138058545864,0.13805854586409688
2018-06-22 10:04:59.261939,0.072,228.333,0.138058545864,0.138058545864,0.13805854586409688
2018-06-22 10:05:11.170592,0.072,228.333,0.138058545864,0.138058545864,0.13805854586409688
2018-06-22 10:05:23.111976,0.105,221.25,0.138058545864,0.138058545864,0.13805854586409688
2018-06-22 10:05:34.823923,0.073,228.0,0.138058545864,0.138058545864,0.13805854586409688
2018-06-22 10:05:46.721474,0.073,224.667,0.138058545864,0.138058545864,0.13805854586409688
2018-06-22 10:05:58.590055,0.082,224.833,0.138058545864,0.138058545864,0.13805854586409688
2018-06-22 10:06:10.499888,0.077,228.333,0.138058545864,0.138058545864,0.13805854586409688
2018-06-22 10:06:22.508513,0.099,221.5,0.138058545864,0.138058545864,0.13805854586409688
2018-06-22 10:06:34.540647,0.32,337.167,0.138058545864,0.138058545864,0.13805854586409688
2018-06-22 10:06:46.225836,0.383,348.0,0.138058545864,0.138058545864,0.13805854586409688
2018-06-22 10:06:57.885730,0.698,439.333,0.138058545864,0.138058545864,0.13805854586409688
2018-06-22 10:07:17.832582,0.502,333.0,0.138058545864,0.138058545864,0.13805854586409688
2018-06-22 10:07:29.520211,0.53,371.1,0.138058545864,0.138058545864,0.13805854586409688
2018-06-22 10:07:41.183837,0.509,351.167,0.138058545864,0.138058545864,0.13805854586409688
2018-06-22 10:07:52.709793,0.335,395.125,0.138058545864,0.138058545864,0.13805854586409688
2018-06-22 10:08:04.250147,0.505,444.25,0.138058545864,0.138058545864,0.13805854586409688
2018-06-22 10:08:15.839088,0.507,458.917,0.138058545864,0.138058545864,0.13805854586409688
2018-06-22 10:08:27.448632,0.51,474.083,0.138058545864,0.138058545864,0.13805854586409688
2018-06-22 10:08:39.026083,0.502,472.667,0.138058545864,0.138058545864,0.13805854586409688
2018-06-22 10:08:50.623096,0.504,460.167,0.138058545864,0.138058545864,0.13805854586409688
2018-06-22 10:09:02.183729,0.499,447.583,0.138058545864,0.138058545864,0.13805854586409688
2018-06-22 10:09:13.873597,0.642,444.5,0.138058545864,0.138058545864,0.13805854586409688
2018-06-22 10:09:25.467351,0.483,445.417,0.138058545864,0.138058545864,0.13805854586409688
2018-06-22 10:09:37.068060,0.465,432.5,0.138058545864,0.138058545864,0.13805854586409688
2018-06-22 10:09:48.738933,0.516,440.0,0.138058545864,0.138058545864,0.13805854586409688
2018-06-22 10:10:00.353122,0.533,436.25,0.138058545864,0.138058545864,0.13805854586409688
2018-06-22 10:10:11.876480,0.523,427.417,0.138058545864,0.138058545864,0.13805854586409688
2018-06-22 10:10:32.555847,0.6,422.4,0.138058545864,0.138058545864,0.13805854586409688
2018-06-22 10:10:44.202238,0.478,387.444,0.138058545864,0.138058545864,0.13805854586409688
2018-06-22 10:10:55.755293,0.488,445.056,0.138058545864,0.138058545864,0.13805854586409688
2018-06-22 10:11:07.400713,0.467,444.889,0.138058545864,0.138058545864,0.13805854586409688
2018-06-22 10:11:18.954021,0.474,445.556,0.138058545864,0.138058545864,0.13805854586409688
2018-06-22 10:11:30.539224,0.482,437.5,0.138058545864,0.138058545864,0.13805854586409688
2018-06-22 10:11:42.028418,0.465,426.944,0.138058545864,0.138058545864,0.13805854586409688
2018-06-22 10:11:53.558253,0.378,405.167,0.138058545864,0.138058545864,0.13805854586409688
2018-06-22 10:12:05.158530,0.45,439.278,0.138058545864,0.138058545864,0.13805854586409688
2018-06-22 10:12:16.766021,0.44,425.056,0.138058545864,0.138058545864,0.13805854586409688
2018-06-22 10:12:28.349464,0.429,425.056,0.138058545864,0.138058545864,0.13805854586409688
2018-06-22 10:12:39.816522,0.43,437.5,0.138058545864,0.138058545864,0.13805854586409688
2018-06-22 10:12:51.355532,0.441,444.944,0.138058545864,0.138058545864,0.13805854586409688
2018-06-22 10:13:02.944968,0.561,483.583,0.138058545864,0.138058545864,0.13805854586409688
2018-06-22 10:13:14.565523,0.434,454.833,0.138058545864,0.138058545864,0.13805854586409688
2018-06-22 10:13:26.156475,0.429,459.167,0.138058545864,0.138058545864,0.13805854586409688
2018-06-22 10:13:37.642886,0.432,452.778,0.138058545864,0.138058545864,0.13805854586409688
2018-06-22 10:13:49.144975,0.43,468.5,0.138058545864,0.138058545864,0.13805854586409688
2018-06-22 10:14:00.690319,0.406,462.333,0.138058545864,0.138058545864,0.13805854586409688
2018-06-22 10:14:12.215429,0.405,466.944,0.138058545864,0.138058545864,0.13805854586409688
2018-06-22 10:14:23.768249,0.391,475.917,0.138058545864,0.138058545864,0.13805854586409688
2018-06-22 10:14:35.482717,0.307,356.167,0.138058545864,0.138058545864,0.13805854586409688
2018-06-22 10:14:47.105823,0.17,258.611,0.138058545864,0.138058545864,0.13805854586409688
2018-06-22 10:14:58.729846,0.13,231.389,0.138058545864,0.138058545864,0.13805854586409688
2018-06-22 10:15:10.377723,0.129,229.778,0.138058545864,0.138058545864,0.13805854586409688
2018-06-22 10:15:22.000444,0.131,229.167,0.138058545864,0.138058545864,0.13805854586409688
2018-06-22 10:15:39.592312,0.108,230.333,0.138058545864,0.138058545864,0.13805854586409688
2018-06-22 10:15:51.165757,0.098,229.562,0.138058545864,0.138058545864,0.13805854586409688
2018-06-22 10:16:08.713559,0.084,234.917,0.138058545864,0.138058545864,0.13805854586409688
2018-06-22 10:16:20.609103,0.061,230.4,0.138058545864,0.138058545864,0.13805854586409688
2018-06-22 10:16:32.560141,0.096,221.75,0.138058545864,0.138058545864,0.13805854586409688
2018-06-22 10:16:44.514164,0.072,225.0,0.138058545864,0.138058545864,0.13805854586409688
2018-06-22 10:16:56.426003,0.072,228.333,0.138058545864,0.138058545864,0.13805854586409688
2018-06-22 10:17:08.320491,0.073,228.333,0.138058545864,0.138058545864,0.13805854586409688
2018-06-22 10:17:20.184638,0.073,231.667,0.138058545864,0.138058545864,0.13805854586409688
2018-06-22 10:17:32.082916,0.074,232.5,0.138058545864,0.138058545864,0.13805854586409688
2018-06-22 10:17:43.743795,0.008,221.0,0.138058545864,0.138058545864,0.13805854586409688
2018-06-22 10:17:55.628505,0.074,229.5,0.138058545864,0.138058545864,0.13805854586409688
2018-06-22 10:18:07.528136,0.074,233.0,0.138058545864,0.138058545864,0.13805854586409688
2018-06-22 10:18:19.418847,0.072,232.0,0.138058545864,0.138058545864,0.13805854586409688
2018-06-22 10:18:31.333298,0.072,228.333,0.138058545864,0.138058545864,0.13805854586409688
2018-06-22 10:18:43.216756,0.006,215.75,0.138058545864,0.138058545864,0.13805854586409688
2018-06-22 10:18:55.165759,0.073,228.5,0.138058545864,0.138058545864,0.13805854586409688
2018-06-22 10:19:07.067332,0.092,230.167,0.138058545864,0.138058545864,0.13805854586409688
2018-06-22 10:19:18.937856,0.094,227.667,0.138058545864,0.138058545864,0.13805854586409688
2018-06-22 10:19:30.837320,0.094,231.0,0.138058545864,0.138058545864,0.13805854586409688
2018-06-22 10:19:42.664515,0.084,230.25,0.138058545864,0.138058545864,0.13805854586409688
2018-06-22 10:19:54.585331,0.123,228.333,0.138058545864,0.138058545864,0.13805854586409688
2018-06-22 10:20:06.198572,0.135,229.0,0.138058545864,0.138058545864,0.13805854586409688
2018-06-22 10:20:17.814216,0.138,231.833,0.138058545864,0.138058545864,0.13805854586409688
2018-06-22 10:20:29.450808,0.138,231.667,0.138058545864,0.138058545864,0.13805854586409688
2018-06-22 10:20:41.139460,0.137,231.667,0.138058545864,0.138058545864,0.13805854586409688
2018-06-22 10:20:52.828326,0.197,238.75,0.138058545864,0.138058545864,0.13805854586409688
2018-06-22 10:21:04.557495,0.136,175.8,0.138058545864,1.0,1.0
2018-06-22 10:21:16.007724,0.139,228.333,0.138058545864,0.138058545864,0.13805854586409688
2018-06-22 10:21:27.492457,0.139,228.5,0.138058545864,0.138058545864,0.13805854586409688
2018-06-22 10:21:39.012801,0.139,228.333,0.138058545864,0.138058545864,0.13805854586409688
2018-06-22 10:21:50.604857,0.124,228.333,0.138058545864,0.138058545864,0.13805854586409688
2018-06-22 10:22:02.093546,0.317,278.167,0.138058545864,0.138058545864,0.13805854586409688
2018-06-22 10:22:13.588838,0.542,391.25,0.138058545864,0.138058545864,0.13805854586409688
2018-06-22 10:22:25.181157,0.661,446.833,0.138058545864,0.138058545864,0.13805854586409688
2018-06-22 10:22:45.032542,0.533,389.6,0.138058545864,0.138058545864,0.13805854586409688
2018-06-22 10:22:56.656320,0.508,386.333,0.138058545864,0.138058545864,0.13805854586409688
2018-06-22 10:23:08.240534,0.605,465.583,0.138058545864,0.138058545864,0.13805854586409688
2018-06-22 10:23:27.700818,0.538,393.5,0.138058545864,0.138058545864,0.13805854586409688
2018-06-22 10:23:39.282096,0.514,412.188,0.138058545864,0.138058545864,0.13805854586409688
2018-06-22 10:23:50.940878,0.515,432.167,0.138058545864,0.138058545864,0.13805854586409688
2018-06-22 10:24:02.488255,0.52,458.583,0.138058545864,0.138058545864,0.13805854586409688
2018-06-22 10:24:14.138458,0.541,448.062,0.138058545864,0.138058545864,0.13805854586409688
2018-06-22 10:24:31.270037,0.533,457.278,0.138058545864,0.138058545864,0.13805854586409688
2018-06-22 10:24:42.718086,0.544,374.25,0.138058545864,0.138058545864,0.13805854586409688
2018-06-22 10:24:54.248994,0.843,446.333,0.138058545864,0.138058545864,0.13805854586409688
2018-06-22 10:25:05.764943,0.844,449.833,0.138058545864,0.138058545864,0.13805854586409688
2018-06-22 10:25:17.304582,0.799,452.333,0.138058545864,0.138058545864,0.13805854586409688
2018-06-22 10:25:28.900327,0.791,452.0,0.138058545864,0.138058545864,0.13805854586409688
2018-06-22 10:25:40.470623,0.788,447.333,0.138058545864,0.138058545864,0.13805854586409688
2018-06-22 10:26:00.281151,0.597,334.75,0.138058545864,0.138058545864,0.13805854586409688
2018-06-22 10:26:11.823335,0.586,361.5,0.138058545864,0.138058545864,0.13805854586409688
2018-06-22 10:26:23.397664,0.694,426.75,0.138058545864,0.138058545864,0.13805854586409688
2018-06-22 10:26:35.010093,0.577,456.417,0.138058545864,0.138058545864,0.13805854586409688
2018-06-22 10:26:46.575371,0.569,460.583,0.138058545864,0.138058545864,0.13805854586409688
2018-06-22 10:26:58.145187,0.565,453.333,0.138058545864,0.138058545864,0.13805854586409688
2018-06-22 10:27:09.783236,0.564,454.667,0.138058545864,0.138058545864,0.13805854586409688
2018-06-22 10:27:21.353089,0.545,448.667,0.138058545864,0.138058545864,0.13805854586409688
2018-06-22 10:27:32.961103,0.382,389.875,0.138058545864,0.138058545864,0.13805854586409688
2018-06-22 10:27:44.549082,0.5,439.75,0.138058545864,0.138058545864,0.13805854586409688
2018-06-22 10:27:56.183216,0.506,450.5,0.138058545864,0.138058545864,0.13805854586409688
2018-06-22 10:28:07.788979,0.523,462.25,0.138058545864,0.138058545864,0.13805854586409688
2018-06-22 10:28:19.398575,0.523,464.0,0.138058545864,0.138058545864,0.13805854586409688
2018-06-22 10:28:30.952372,0.533,463.917,0.138058545864,0.138058545864,0.13805854586409688
2018-06-22 10:28:42.606785,0.472,497.875,0.138058545864,0.138058545864,0.13805854586409688
2018-06-22 10:28:54.247933,0.623,502.636,0.138058545864,0.138058545864,0.13805854586409688
2018-06-22 10:29:05.877001,0.539,464.917,0.138058545864,0.138058545864,0.13805854586409688
2018-06-22 10:29:17.385835,0.526,461.75,0.138058545864,0.138058545864,0.13805854586409688
2018-06-22 10:29:28.911131,0.583,455.333,0.138058545864,0.138058545864,0.13805854586409688
2018-06-22 10:29:40.572645,0.593,432.917,0.138058545864,0.138058545864,0.13805854586409688
2018-06-22 10:29:52.314555,0.585,435.333,0.138058545864,0.138058545864,0.13805854586409688
2018-06-22 10:30:12.152677,0.19,246.214,0.138058545864,0.138058545864,0.13805854586409688
2018-06-22 10:30:29.694623,0.066,213.778,0.138058545864,0.138058545864,0.13805854586409688
2018-06-22 10:30:47.089379,0.083,238.214,0.138058545864,0.138058545864,0.13805854586409688
2018-06-22 10:30:59.069436,0.047,229.2,0.138058545864,0.138058545864,0.13805854586409688
2018-06-22 10:31:10.986697,0.056,235.375,0.138058545864,0.138058545864,0.13805854586409688
2018-06-22 10:31:22.871937,0.006,222.75,0.138058545864,0.138058545864,0.13805854586409688
2018-06-22 10:31:34.783092,0.071,231.833,0.138058545864,0.138058545864,0.13805854586409688
2018-06-22 10:31:46.636197,0.071,227.667,0.138058545864,0.138058545864,0.13805854586409688
2018-06-22 10:31:58.505025,0.073,227.333,0.138058545864,0.138058545864,0.13805854586409688
2018-06-22 10:32:10.442209,0.073,228.0,0.138058545864,0.138058545864,0.13805854586409688
2018-06-22 10:32:22.325273,0.084,228.0,0.138058545864,0.138058545864,0.13805854586409688
2018-06-22 10:32:34.262062,0.084,220.5,0.138058545864,0.138058545864,0.13805854586409688
2018-06-22 10:32:46.132554,0.104,221.333,0.138058545864,0.138058545864,0.13805854586409688
2018-06-22 10:32:57.782595,0.103,224.833,0.138058545864,0.138058545864,0.13805854586409688
2018-06-22 10:33:09.364183,0.103,228.167,0.138058545864,0.138058545864,0.13805854586409688
2018-06-22 10:33:20.975258,0.129,231.833,0.138058545864,0.138058545864,0.13805854586409688
2018-06-22 10:33:32.661284,0.186,242.75,0.138058545864,0.138058545864,0.13805854586409688
2018-06-22 10:33:44.365612,0.136,231.833,0.138058545864,0.138058545864,0.13805854586409688
2018-06-22 10:33:56.057106,0.139,231.833,0.138058545864,0.138058545864,0.13805854586409688
2018-06-22 10:34:07.721552,0.139,229.5,0.138058545864,0.138058545864,0.13805854586409688
2018-06-22 10:34:19.385422,0.139,229.5,0.138058545864,0.138058545864,0.13805854586409688
2018-06-22 10:34:31.057484,0.141,233.667,0.138058545864,0.138058545864,0.13805854586409688
2018-06-22 10:34:42.725976,0.108,226.0,0.138058545864,0.138058545864,0.13805854586409688
2018-06-22 10:34:54.471086,0.133,224.0,0.138058545864,0.138058545864,0.13805854586409688
2018-06-22 10:35:06.076497,0.132,224.667,0.138058545864,0.138058545864,0.13805854586409688
2018-06-22 10:35:17.712609,0.137,228.167,0.138058545864,0.138058545864,0.13805854586409688
2018-06-22 10:35:29.309538,0.105,231.833,0.138058545864,0.138058545864,0.13805854586409688
2018-06-22 10:35:40.970821,0.105,231.167,0.138058545864,0.138058545864,0.13805854586409688
2018-06-22 10:35:52.630475,0.108,216.25,0.138058545864,0.138058545864,0.13805854586409688
2018-06-22 10:36:04.344367,0.086,228.167,0.138058545864,0.138058545864,0.13805854586409688
2018-06-22 10:36:16.170715,0.086,231.667,0.138058545864,0.138058545864,0.13805854586409688
2018-06-22 10:36:28.005795,0.075,218.5,0.138058545864,0.138058545864,0.13805854586409688
2018-06-22 10:36:39.846068,0.075,231.833,0.138058545864,0.138058545864,0.13805854586409688
2018-06-22 10:36:51.741316,0.074,228.167,0.138058545864,0.138058545864,0.13805854586409688
2018-06-22 10:37:03.684839,0.074,228.167,0.138058545864,0.138058545864,0.13805854586409688
2018-06-22 10:37:15.558319,0.184,266.667,0.138058545864,0.138058545864,0.13805854586409688
2018-06-22 10:37:27.076635,0.251,337.167,0.138058545864,0.138058545864,0.13805854586409688
2018-06-22 10:37:38.700799,0.657,449.333,0.138058545864,0.138058545864,0.13805854586409688
2018-06-22 10:37:58.213729,0.589,345.625,0.138058545864,0.138058545864,0.13805854586409688
2018-06-22 10:38:09.796224,0.574,396.3,0.138058545864,0.138058545864,0.13805854586409688
2018-06-22 10:38:21.355189,0.527,369.167,0.138058545864,0.138058545864,0.13805854586409688
2018-06-22 10:38:32.902116,0.479,388.625,0.138058545864,0.138058545864,0.13805854586409688
2018-06-22 10:38:44.536748,0.575,458.75,0.138058545864,0.138058545864,0.13805854586409688
2018-06-22 10:38:56.276548,0.584,461.833,0.138058545864,0.138058545864,0.13805854586409688
2018-06-22 10:39:07.909813,0.579,460.833,0.138058545864,0.138058545864,0.13805854586409688
2018-06-22 10:39:19.511373,0.553,443.333,0.138058545864,0.138058545864,0.13805854586409688
2018-06-22 10:39:31.061087,0.556,450.333,0.138058545864,0.138058545864,0.13805854586409688
2018-06-22 10:39:42.653750,0.758,554.0,0.138058545864,0.138058545864,0.13805854586409688
2018-06-22 10:40:02.646228,0.357,307.6,0.138058545864,0.138058545864,0.13805854586409688
2018-06-22 10:40:14.333329,0.419,394.722,0.138058545864,0.138058545864,0.13805854586409688
2018-06-22 10:40:25.959719,0.448,461.778,0.138058545864,0.138058545864,0.13805854586409688
2018-06-22 10:40:37.542601,0.437,431.056,0.138058545864,0.138058545864,0.13805854586409688
2018-06-22 10:40:49.116921,0.435,458.333,0.138058545864,0.138058545864,0.13805854586409688
2018-06-22 10:41:00.740014,0.45,457.0,0.138058545864,0.138058545864,0.13805854586409688
2018-06-22 10:41:12.371049,0.44,434.722,0.138058545864,0.138058545864,0.13805854586409688
2018-06-22 10:41:23.943871,0.439,456.333,0.138058545864,0.138058545864,0.13805854586409688
2018-06-22 10:41:35.532952,0.432,461.833,0.138058545864,0.138058545864,0.13805854586409688
2018-06-22 10:41:52.621732,0.339,412.5,0.138058545864,0.138058545864,0.13805854586409688
2018-06-22 10:42:04.238286,0.45,408.7,0.138058545864,0.138058545864,0.13805854586409688
2018-06-22 10:42:15.733929,0.623,454.333,0.138058545864,0.138058545864,0.13805854586409688
2018-06-22 10:42:27.233920,0.631,465.5,0.138058545864,0.138058545864,0.13805854586409688
2018-06-22 10:42:38.765628,0.629,456.667,0.138058545864,0.138058545864,0.13805854586409688
2018-06-22 10:42:50.214797,0.607,461.0,0.138058545864,0.138058545864,0.13805854586409688
2018-06-22 10:43:01.792644,0.612,455.333,0.138058545864,0.138058545864,0.13805854586409688
2018-06-22 10:43:13.497945,0.896,450.25,0.138058545864,0.138058545864,0.13805854586409688
2018-06-22 10:43:25.244598,0.603,452.0,0.138058545864,0.138058545864,0.13805854586409688
2018-06-22 10:43:44.848758,0.469,358.6,0.138058545864,0.138058545864,0.13805854586409688
2018-06-22 10:43:56.561217,0.473,392.667,0.138058545864,0.138058545864,0.13805854586409688
2018-06-22 10:44:08.120091,0.478,450.833,0.138058545864,0.138058545864,0.13805854586409688
2018-06-22 10:44:19.697199,0.538,447.833,0.138058545864,0.138058545864,0.13805854586409688
2018-06-22 10:44:31.270813,0.565,455.25,0.138058545864,0.138058545864,0.13805854586409688
2018-06-22 10:44:42.813335,0.663,452.5,0.138058545864,0.138058545864,0.13805854586409688
2018-06-22 10:45:02.618473,0.582,418.4,0.138058545864,0.138058545864,0.13805854586409688
2018-06-22 10:45:14.237110,0.492,352.0,0.138058545864,0.138058545864,0.13805854586409688
2018-06-22 10:45:25.891397,0.123,273.778,0.138058545864,0.138058545864,0.13805854586409688
2018-06-22 10:45:37.474700,0.067,247.389,0.138058545864,0.138058545864,0.13805854586409688
2018-06-22 10:45:55.036781,0.084,229.438,0.138058545864,0.138058545864,0.13805854586409688
2018-06-22 10:46:12.597243,0.118,250.25,0.138058545864,0.138058545864,0.13805854586409688
2018-06-22 10:46:24.165609,0.125,235.75,0.138058545864,0.138058545864,0.13805854586409688
2018-06-22 10:46:35.730020,0.106,231.667,0.138058545864,0.138058545864,0.13805854586409688
2018-06-22 10:46:47.301210,0.106,232.5,0.138058545864,0.138058545864,0.13805854586409688
2018-06-22 10:46:58.863628,0.136,228.333,0.138058545864,0.138058545864,0.13805854586409688
2018-06-22 10:47:10.413864,0.138,228.833,0.138058545864,0.138058545864,0.13805854586409688
2018-06-22 10:47:21.980170,0.138,228.333,0.138058545864,0.138058545864,0.13805854586409688
2018-06-22 10:47:33.599094,0.104,269.8,0.138058545864,0.138058545864,0.13805854586409688
2018-06-22 10:47:45.130113,0.14,229.0,0.138058545864,0.138058545864,0.13805854586409688
2018-06-22 10:47:56.904895,0.138,231.833,0.138058545864,0.138058545864,0.13805854586409688
2018-06-22 10:48:08.725005,0.133,236.167,0.138058545864,0.138058545864,0.13805854586409688
2018-06-22 10:48:20.369501,0.133,231.667,0.138058545864,0.138058545864,0.13805854586409688
2018-06-22 10:48:31.998271,0.137,228.833,0.138058545864,0.138058545864,0.13805854586409688
2018-06-22 10:48:43.733062,0.191,242.5,0.138058545864,0.138058545864,0.13805854586409688
2018-06-22 10:48:55.410680,0.132,228.333,0.138058545864,0.138058545864,0.13805854586409688
2018-06-22 10:49:06.999933,0.106,230.833,0.138058545864,0.138058545864,0.13805854586409688
2018-06-22 10:49:18.607928,0.106,230.167,0.138058545864,0.138058545864,0.13805854586409688
2018-06-22 10:49:30.201724,0.104,230.167,0.138058545864,0.138058545864,0.13805854586409688
2018-06-22 10:49:41.811367,0.073,217.5,0.138058545864,0.138058545864,0.13805854586409688
2018-06-22 10:49:53.458275,0.006,224.5,0.138058545864,0.138058545864,0.13805854586409688
2018-06-22 10:50:05.449000,0.072,227.0,0.138058545864,0.138058545864,0.13805854586409688
2018-06-22 10:50:17.297315,0.073,230.0,0.138058545864,0.138058545864,0.13805854586409688
2018-06-22 10:50:29.221559,0.07,228.333,0.138058545864,0.138058545864,0.13805854586409688
2018-06-22 10:50:41.125263,0.071,232.667,0.138058545864,0.138058545864,0.13805854586409688
2018-06-22 10:50:53.022313,0.007,222.75,0.138058545864,0.138058545864,0.13805854586409688
2018-06-22 10:51:04.964799,0.073,224.667,0.138058545864,0.138058545864,0.13805854586409688
2018-06-22 10:51:16.868552,0.073,225.333,0.138058545864,0.138058545864,0.13805854586409688
2018-06-22 10:51:28.741223,0.073,224.667,0.138058545864,0.138058545864,0.13805854586409688
2018-06-22 10:51:40.566879,0.073,228.167,0.138058545864,0.138058545864,0.13805854586409688
2018-06-22 10:51:52.481215,0.007,217.5,0.138058545864,0.138058545864,0.13805854586409688
2018-06-22 10:52:04.447842,0.072,229.333,0.138058545864,0.138058545864,0.13805854586409688
2018-06-22 10:52:16.437491,0.074,231.833,0.138058545864,0.138058545864,0.13805854586409688
2018-06-22 10:52:28.384666,0.074,228.833,0.138058545864,0.138058545864,0.13805854586409688
2018-06-22 10:52:40.363293,0.267,279.667,0.138058545864,0.138058545864,0.13805854586409688
2018-06-22 10:52:51.937643,0.399,342.667,0.138058545864,0.138058545864,0.13805854586409688
2018-06-22 10:53:03.542255,0.873,408.6,0.138058545864,0.138058545864,0.13805854586409688
2018-06-22 10:53:23.213509,0.368,264.167,0.138058545864,0.138058545864,0.13805854586409688
2018-06-22 10:53:34.802819,0.519,362.667,0.138058545864,0.138058545864,0.13805854586409688
2018-06-22 10:53:46.407572,0.627,457.417,0.138058545864,0.138058545864,0.13805854586409688
2018-06-22 10:54:06.112952,0.449,376.625,0.138058545864,0.138058545864,0.13805854586409688
2018-06-22 10:54:17.705070,0.422,396.389,0.138058545864,0.138058545864,0.13805854586409688
2018-06-22 10:54:29.330031,0.432,456.722,0.138058545864,0.138058545864,0.13805854586409688
2018-06-22 10:54:40.866360,0.399,444.778,0.138058545864,0.138058545864,0.13805854586409688
2018-06-22 10:54:52.385251,0.299,404.0,0.138058545864,0.138058545864,0.13805854586409688
2018-06-22 10:55:03.954397,0.575,545.5,0.138058545864,0.138058545864,0.13805854586409688
2018-06-22 10:55:15.646149,0.4,455.611,0.138058545864,0.138058545864,0.13805854586409688
2018-06-22 10:55:27.144831,0.39,464.333,0.138058545864,0.138058545864,0.13805854586409688
2018-06-22 10:55:38.687994,0.39,465.556,0.138058545864,0.138058545864,0.13805854586409688
2018-06-22 10:55:50.170895,0.384,470.222,0.138058545864,0.138058545864,0.13805854586409688
2018-06-22 10:56:01.715232,0.374,445.111,0.138058545864,0.138058545864,0.13805854586409688
2018-06-22 10:56:13.276724,0.286,398.333,0.138058545864,0.138058545864,0.13805854586409688
2018-06-22 10:56:24.880385,0.36,440.5,0.138058545864,0.138058545864,0.13805854586409688
2018-06-22 10:56:36.517643,0.36,468.944,0.138058545864,0.138058545864,0.13805854586409688
2018-06-22 10:56:48.171951,0.375,471.167,0.138058545864,0.138058545864,0.13805854586409688
2018-06-22 10:56:59.786151,0.379,465.222,0.138058545864,0.138058545864,0.13805854586409688
2018-06-22 10:57:11.220071,0.379,467.167,0.138058545864,0.138058545864,0.13805854586409688
2018-06-22 10:57:22.733942,0.299,498.75,0.138058545864,0.138058545864,0.13805854586409688
2018-06-22 10:57:34.336215,0.381,469.889,0.138058545864,0.138058545864,0.13805854586409688
2018-06-22 10:57:51.452970,0.39,467.833,0.138058545864,0.138058545864,0.13805854586409688
2018-06-22 10:58:03.018476,0.671,536.5,0.138058545864,0.138058545864,0.13805854586409688
2018-06-22 10:58:14.492579,0.697,455.167,0.138058545864,0.138058545864,0.13805854586409688
2018-06-22 10:58:25.930524,0.693,452.0,0.138058545864,0.138058545864,0.13805854586409688
2018-06-22 10:58:37.411756,0.71,449.333,0.138058545864,0.138058545864,0.13805854586409688
2018-06-22 10:58:48.978809,0.757,450.5,0.138058545864,0.138058545864,0.13805854586409688
2018-06-22 10:59:00.461194,0.728,449.5,0.138058545864,0.138058545864,0.13805854586409688
2018-06-22 10:59:20.229136,0.695,355.5,0.138058545864,0.138058545864,0.13805854586409688
2018-06-22 10:59:40.073975,0.547,316.286,0.138058545864,0.138058545864,0.13805854586409688
2018-06-22 10:59:51.659249,0.489,425.25,0.138058545864,0.138058545864,0.13805854586409688
2018-06-22 11:00:03.252529,0.499,480.917,0.138058545864,0.138058545864,0.13805854586409688
2018-06-22 11:00:14.966930,0.492,462.667,0.138058545864,0.138058545864,0.13805854586409688
2018-06-22 11:00:26.514510,0.461,441.944,0.138058545864,0.138058545864,0.13805854586409688
2018-06-22 11:00:38.051087,0.362,411.722,0.138058545864,0.138058545864,0.13805854586409688
2018-06-22 11:00:49.625677,0.216,297.611,0.138058545864,0.138058545864,0.13805854586409688
2018-06-22 11:01:01.254635,0.122,267.667,0.138058545864,0.138058545864,0.13805854586409688
2018-06-22 11:01:12.891947,0.096,226.25,0.138058545864,0.138058545864,0.13805854586409688
2018-06-22 11:01:30.259128,0.127,234.389,0.138058545864,0.138058545864,0.13805854586409688
2018-06-22 11:01:41.954162,0.124,229.625,0.138058545864,0.138058545864,0.13805854586409688
2018-06-22 11:01:59.743185,0.133,228.583,0.138058545864,0.138058545864,0.13805854586409688
2018-06-22 11:02:11.354351,0.12,225.7,0.138058545864,0.138058545864,0.13805854586409688
2018-06-22 11:02:22.985594,0.167,228.25,0.138058545864,0.138058545864,0.13805854586409688
2018-06-22 11:02:34.649281,0.113,221.167,0.138058545864,0.138058545864,0.13805854586409688
2018-06-22 11:02:46.303945,0.082,220.833,0.138058545864,0.138058545864,0.13805854586409688
2018-06-22 11:02:58.322611,0.082,225.5,0.138058545864,0.138058545864,0.13805854586409688
2018-06-22 11:03:10.242016,0.414,378.333,0.138058545864,0.138058545864,0.13805854586409688
2018-06-22 11:03:21.809924,0.698,552.333,0.138058545864,0.138058545864,0.13805854586409688
2018-06-22 11:03:42.117303,0.981,546.625,0.138058545864,0.138058545864,0.13805854586409688
2018-06-22 11:04:02.105254,0.701,505.929,0.138058545864,0.138058545864,0.13805854586409688
2018-06-22 11:04:22.270821,0.547,560.15,0.138058545864,0.138058545864,0.13805854586409688
2018-06-22 11:04:39.078221,0.464,642.292,0.138058545864,1.0,1.0
2018-06-22 11:04:50.517297,0.555,684.0,0.138058545864,1.0,1.0
2018-06-22 11:05:01.961971,0.751,647.0,0.138058545864,0.138058545864,0.13805854586409688
2018-06-22 11:05:13.466693,1.357,683.75,1.0,0.138058545864,1.0
2018-06-22 11:05:24.955919,1.28,682.5,0.138058545864,0.138058545864,0.13805854586409688
2018-06-22 11:05:36.424161,1.206,672.833,0.138058545864,0.138058545864,0.13805854586409688
2018-06-22 11:05:47.864708,1.251,666.167,0.138058545864,0.138058545864,0.13805854586409688
2018-06-22 11:05:59.359229,1.274,684.0,0.138058545864,0.138058545864,0.13805854586409688
2018-06-22 11:06:10.942457,0.995,581.167,0.138058545864,0.138058545864,0.13805854586409688
2018-06-22 11:06:22.556605,0.107,221.5,0.138058545864,0.138058545864,0.13805854586409688
2018-06-22 11:06:34.186383,0.129,224.833,0.138058545864,0.138058545864,0.13805854586409688
2018-06-22 11:06:45.872032,0.128,228.333,0.138058545864,0.138058545864,0.13805854586409688
2018-06-22 11:06:57.465320,0.14,228.167,0.138058545864,0.138058545864,0.13805854586409688
2018-06-22 11:07:08.965587,0.142,228.333,0.138058545864,0.138058545864,0.13805854586409688
2018-06-22 11:07:20.458892,0.142,224.667,0.138058545864,0.138058545864,0.13805854586409688
2018-06-22 11:07:31.923306,0.143,228.333,0.138058545864,0.138058545864,0.13805854586409688
2018-06-22 11:07:43.461454,0.208,242.5,0.138058545864,0.138058545864,0.13805854586409688
2018-06-22 11:07:55.123456,0.139,227.333,0.138058545864,0.138058545864,0.13805854586409688
2018-06-22 11:08:06.733893,0.136,231.5,0.138058545864,0.138058545864,0.13805854586409688
2018-06-22 11:08:18.451218,0.137,235.333,0.138058545864,0.138058545864,0.13805854586409688
2018-06-22 11:08:30.075823,0.2,242.667,0.138058545864,0.138058545864,0.13805854586409688
2018-06-22 11:08:41.752703,0.313,335.0,0.138058545864,0.138058545864,0.13805854586409688
2018-06-22 11:08:53.386861,0.91,529.25,0.138058545864,0.138058545864,0.13805854586409688
2018-06-22 11:09:13.418226,0.34,259.833,0.138058545864,0.138058545864,0.13805854586409688
2018-06-22 11:09:25.213936,0.473,363.0,0.138058545864,0.138058545864,0.13805854586409688
2018-06-22 11:09:36.763257,0.557,437.667,0.138058545864,0.138058545864,0.13805854586409688
2018-06-22 11:09:48.384797,0.569,439.25,0.138058545864,0.138058545864,0.13805854586409688
2018-06-22 11:09:59.921465,0.556,430.333,0.138058545864,0.138058545864,0.13805854586409688
2018-06-22 11:10:11.451403,0.565,445.083,0.138058545864,0.138058545864,0.13805854586409688
2018-06-22 11:10:23.029234,0.738,541.875,0.138058545864,0.138058545864,0.13805854586409688
2018-06-22 11:10:42.715247,0.341,306.6,0.138058545864,0.138058545864,0.13805854586409688
2018-06-22 11:10:54.368559,0.407,388.778,0.138058545864,0.138058545864,0.13805854586409688
2018-06-22 11:11:05.998466,0.454,454.389,0.138058545864,0.138058545864,0.13805854586409688
2018-06-22 11:11:17.545904,0.446,459.222,0.138058545864,0.138058545864,0.13805854586409688
2018-06-22 11:11:29.103255,0.447,457.167,0.138058545864,0.138058545864,0.13805854586409688
2018-06-22 11:11:40.760260,0.453,456.333,0.138058545864,0.138058545864,0.13805854586409688
2018-06-22 11:11:52.494386,0.575,518.75,0.138058545864,0.138058545864,0.13805854586409688
2018-06-22 11:12:04.157077,0.372,416.0,0.138058545864,0.138058545864,0.13805854586409688
2018-06-22 11:12:15.750218,0.453,448.778,0.138058545864,0.138058545864,0.13805854586409688
2018-06-22 11:12:27.202572,0.449,464.5,0.138058545864,0.138058545864,0.13805854586409688
2018-06-22 11:12:38.799612,0.462,452.556,0.138058545864,0.138058545864,0.13805854586409688
2018-06-22 11:12:50.389206,0.451,442.167,0.138058545864,0.138058545864,0.13805854586409688
2018-06-22 11:13:01.887977,0.456,453.833,0.138058545864,0.138058545864,0.13805854586409688
2018-06-22 11:13:13.381518,0.403,478.583,0.138058545864,0.138058545864,0.13805854586409688
2018-06-22 11:13:25.056510,0.442,458.0,0.138058545864,0.138058545864,0.13805854586409688
2018-06-22 11:13:36.786601,0.433,469.556,0.138058545864,0.138058545864,0.13805854586409688
2018-06-22 11:13:48.328939,0.431,459.556,0.138058545864,0.138058545864,0.13805854586409688
2018-06-22 11:13:59.892357,0.43,472.222,0.138058545864,0.138058545864,0.13805854586409688
2018-06-22 11:14:11.401321,0.429,471.556,0.138058545864,0.138058545864,0.13805854586409688
2018-06-22 11:14:22.907287,0.504,464.083,0.138058545864,0.138058545864,0.13805854586409688
2018-06-22 11:14:34.548277,0.402,462.833,0.138058545864,0.138058545864,0.13805854586409688
2018-06-22 11:14:46.180638,0.38,452.444,0.138058545864,0.138058545864,0.13805854586409688
2018-06-22 11:14:57.654665,0.406,449.0,0.138058545864,0.138058545864,0.13805854586409688
2018-06-22 11:15:09.303150,0.406,446.167,0.138058545864,0.138058545864,0.13805854586409688
2018-06-22 11:15:20.944290,0.397,431.556,0.138058545864,0.138058545864,0.13805854586409688
2018-06-22 11:15:32.561430,0.343,413.5,0.138058545864,0.138058545864,0.13805854586409688
2018-06-22 11:15:44.228070,0.49,547.417,0.138058545864,0.138058545864,0.13805854586409688
2018-06-22 11:15:55.833614,0.442,457.722,0.138058545864,0.138058545864,0.13805854586409688
2018-06-22 11:16:07.446647,0.435,459.222,0.138058545864,0.138058545864,0.13805854586409688
2018-06-22 11:16:19.113986,0.421,457.0,0.138058545864,0.138058545864,0.13805854586409688
2018-06-22 11:16:30.735044,0.276,374.667,0.138058545864,0.138058545864,0.13805854586409688
2018-06-22 11:16:42.401908,0.007,271.333,0.138058545864,0.138058545864,0.13805854586409688
2018-06-22 11:17:00.016865,0.065,229.889,0.138058545864,0.138058545864,0.13805854586409688
2018-06-22 11:17:17.257453,0.064,221.286,0.138058545864,0.138058545864,0.13805854586409688
2018-06-22 11:17:29.145558,0.086,228.8,0.138058545864,0.138058545864,0.13805854586409688
2018-06-22 11:17:41.104527,0.106,229.25,0.138058545864,0.138058545864,0.13805854586409688
2018-06-22 11:17:52.711804,0.097,239.0,0.138058545864,0.138058545864,0.13805854586409688
2018-06-22 11:18:04.666729,0.067,228.333,0.138058545864,0.138058545864,0.13805854586409688
2018-06-22 11:18:16.579812,0.071,231.833,0.138058545864,0.138058545864,0.13805854586409688
2018-06-22 11:18:28.442454,0.071,231.833,0.138058545864,0.138058545864,0.13805854586409688
2018-06-22 11:18:40.348825,0.071,221.333,0.138058545864,0.138058545864,0.13805854586409688
2018-06-22 11:18:52.193423,0.075,217.667,0.138058545864,0.138058545864,0.13805854586409688
2018-06-22 11:19:03.906779,0.093,180.0,0.138058545864,0.138058545864,0.13805854586409688
2018-06-22 11:19:15.901620,0.087,230.0,0.138058545864,0.138058545864,0.13805854586409688
2018-06-22 11:19:27.762959,0.087,226.5,0.138058545864,0.138058545864,0.13805854586409688
2018-06-22 11:19:39.721593,0.111,228.167,0.138058545864,0.138058545864,0.13805854586409688
2018-06-22 11:19:51.495195,0.116,231.667,0.138058545864,0.138058545864,0.13805854586409688
2018-06-22 11:20:03.175094,0.107,226.0,0.138058545864,0.138058545864,0.13805854586409688
2018-06-22 11:20:14.864418,0.137,224.667,0.138058545864,0.138058545864,0.13805854586409688
2018-06-22 11:20:26.514823,0.137,224.667,0.138058545864,0.138058545864,0.13805854586409688
2018-06-22 11:20:38.208700,0.136,228.167,0.138058545864,0.138058545864,0.13805854586409688
2018-06-22 11:20:49.809628,0.141,227.333,0.138058545864,0.138058545864,0.13805854586409688
2018-06-22 11:21:01.529980,0.141,227.5,0.138058545864,0.138058545864,0.13805854586409688
2018-06-22 11:21:13.205520,0.107,221.0,0.138058545864,0.138058545864,0.13805854586409688
2018-06-22 11:21:24.854233,0.146,228.333,0.138058545864,0.138058545864,0.13805854586409688
2018-06-22 11:21:36.496012,0.148,224.0,0.138058545864,0.138058545864,0.13805854586409688
2018-06-22 11:21:48.164284,0.13,231.833,0.138058545864,0.138058545864,0.13805854586409688
2018-06-22 11:21:59.846060,0.129,228.333,0.138058545864,0.138058545864,0.13805854586409688
2018-06-22 11:22:11.583984,0.128,232.0,0.138058545864,0.138058545864,0.13805854586409688
2018-06-22 11:22:23.260642,0.149,227.25,0.138058545864,0.138058545864,0.13805854586409688
2018-06-22 11:22:34.774366,0.101,221.167,0.138058545864,0.138058545864,0.13805854586409688
2018-06-22 11:22:46.441439,0.074,213.833,0.138058545864,0.138058545864,0.13805854586409688
2018-06-22 11:22:58.279815,0.073,224.833,0.138058545864,0.138058545864,0.13805854586409688
2018-06-22 11:23:10.092587,0.071,227.667,0.138058545864,0.138058545864,0.13805854586409688
2018-06-22 11:23:21.991269,0.071,225.0,0.138058545864,0.138058545864,0.13805854586409688
2018-06-22 11:23:33.742825,0.075,224.667,0.138058545864,0.138058545864,0.13805854586409688
2018-06-22 11:23:45.616117,0.075,225.0,0.138058545864,0.138058545864,0.13805854586409688
2018-06-22 11:23:57.477520,0.401,334.167,0.138058545864,0.138058545864,0.13805854586409688
2018-06-22 11:24:09.106007,0.758,439.333,0.138058545864,0.138058545864,0.13805854586409688
2018-06-22 11:24:28.770182,0.727,346.25,0.138058545864,0.138058545864,0.13805854586409688
2018-06-22 11:24:48.375165,0.411,306.714,0.138058545864,0.138058545864,0.13805854586409688
2018-06-22 11:24:59.936640,0.382,406.312,0.138058545864,0.138058545864,0.13805854586409688
2018-06-22 11:25:11.493862,0.409,429.333,0.138058545864,0.138058545864,0.13805854586409688
2018-06-22 11:25:23.067466,0.315,387.0,0.138058545864,0.138058545864,0.13805854586409688
2018-06-22 11:25:34.594924,0.4,440.611,0.138058545864,0.138058545864,0.13805854586409688
2018-06-22 11:25:46.176061,0.399,438.944,0.138058545864,0.138058545864,0.13805854586409688
2018-06-22 11:25:57.753825,0.405,433.056,0.138058545864,0.138058545864,0.13805854586409688
2018-06-22 11:26:09.328717,0.382,414.722,0.138058545864,0.138058545864,0.13805854586409688
2018-06-22 11:26:20.856544,0.383,439.167,0.138058545864,0.138058545864,0.13805854586409688
2018-06-22 11:26:32.442477,0.315,412.5,0.138058545864,0.138058545864,0.13805854586409688
2018-06-22 11:26:44.052051,0.524,474.0,0.138058545864,0.138058545864,0.13805854586409688
2018-06-22 11:26:55.638680,0.353,442.167,0.138058545864,0.138058545864,0.13805854586409688
2018-06-22 11:27:07.135847,0.35,415.889,0.138058545864,0.138058545864,0.13805854586409688
2018-06-22 11:27:18.665527,0.35,434.611,0.138058545864,0.138058545864,0.13805854586409688
2018-06-22 11:27:30.282206,0.344,431.5,0.138058545864,0.138058545864,0.13805854586409688
2018-06-22 11:27:41.854695,0.326,433.556,0.138058545864,0.138058545864,0.13805854586409688
2018-06-22 11:27:53.382285,0.183,380.083,0.138058545864,0.138058545864,0.13805854586409688
2018-06-22 11:28:04.822776,0.338,431.389,0.138058545864,0.138058545864,0.13805854586409688
2018-06-22 11:28:16.355934,0.338,433.333,0.138058545864,0.138058545864,0.13805854586409688
2018-06-22 11:28:27.988536,0.327,440.889,0.138058545864,0.138058545864,0.13805854586409688
2018-06-22 11:28:39.551550,0.292,430.389,0.138058545864,0.138058545864,0.13805854586409688
2018-06-22 11:28:50.993824,0.294,436.833,0.138058545864,0.138058545864,0.13805854586409688
2018-06-22 11:29:02.550634,0.325,532.333,0.138058545864,0.138058545864,0.13805854586409688
2018-06-22 11:29:14.162007,0.326,456.278,0.138058545864,0.138058545864,0.13805854586409688
2018-06-22 11:29:25.730540,0.324,454.722,0.138058545864,0.138058545864,0.13805854586409688
2018-06-22 11:29:37.213427,0.29,444.278,0.138058545864,0.138058545864,0.13805854586409688
2018-06-22 11:29:48.768067,0.344,462.222,0.138058545864,0.138058545864,0.13805854586409688
2018-06-22 11:30:00.345404,0.341,448.667,0.138058545864,0.138058545864,0.13805854586409688
2018-06-22 11:30:11.930703,0.317,445.833,0.138058545864,0.138058545864,0.13805854586409688
2018-06-22 11:30:23.433067,0.286,379.667,0.138058545864,0.138058545864,0.13805854586409688
2018-06-22 11:30:35.158006,0.379,437.389,0.138058545864,0.138058545864,0.13805854586409688
2018-06-22 11:30:46.893705,0.406,446.889,0.138058545864,0.138058545864,0.13805854586409688
2018-06-22 11:30:58.553215,0.404,440.889,0.138058545864,0.138058545864,0.13805854586409688
2018-06-22 11:31:10.205301,0.404,440.111,0.138058545864,0.138058545864,0.13805854586409688
2018-06-22 11:31:21.694063,0.403,445.222,0.138058545864,0.138058545864,0.13805854586409688
2018-06-22 11:31:33.369071,0.609,562.167,0.138058545864,0.138058545864,0.13805854586409688
2018-06-22 11:31:53.208618,0.006,202.5,0.138058545864,0.138058545864,0.13805854586409688
2018-06-22 11:32:10.884521,0.059,218.0,0.138058545864,0.138058545864,0.13805854586409688
2018-06-22 11:32:28.544404,0.076,225.2,0.138058545864,0.138058545864,0.13805854586409688
2018-06-22 11:32:45.870947,0.121,232.214,0.138058545864,0.138058545864,0.13805854586409688
2018-06-22 11:32:57.465698,0.098,230.3,0.138058545864,0.138058545864,0.13805854586409688
2018-06-22 11:33:09.405078,0.12,235.25,0.138058545864,0.138058545864,0.13805854586409688
2018-06-22 11:33:21.054296,0.139,228.333,0.138058545864,0.138058545864,0.13805854586409688
2018-06-22 11:33:32.631157,0.21,241.25,0.138058545864,0.138058545864,0.13805854586409688
2018-06-22 11:33:44.258093,0.137,228.333,0.138058545864,0.138058545864,0.13805854586409688
2018-06-22 11:33:55.877029,0.133,225.5,0.138058545864,0.138058545864,0.13805854586409688
2018-06-22 11:34:07.522998,0.133,226.667,0.138058545864,0.138058545864,0.13805854586409688
2018-06-22 11:34:19.193750,0.136,226.667,0.138058545864,0.138058545864,0.13805854586409688
2018-06-22 11:34:30.833931,0.142,226.667,0.138058545864,0.138058545864,0.13805854586409688
2018-06-22 11:34:42.545912,0.11,221.0,0.138058545864,0.138058545864,0.13805854586409688
2018-06-22 11:34:54.226892,0.12,221.333,0.138058545864,0.138058545864,0.13805854586409688
2018-06-22 11:35:05.769256,0.12,224.667,0.138058545864,0.138058545864,0.13805854586409688
2018-06-22 11:35:17.412359,0.12,231.667,0.138058545864,0.138058545864,0.13805854586409688
2018-06-22 11:35:29.012922,0.097,235.0,0.138058545864,0.138058545864,0.13805854586409688
2018-06-22 11:35:40.898055,0.096,231.667,0.138058545864,0.138058545864,0.13805854586409688
2018-06-22 11:35:52.770109,0.105,217.5,0.138058545864,0.138058545864,0.13805854586409688
2018-06-22 11:36:04.404853,0.072,228.333,0.138058545864,0.138058545864,0.13805854586409688
2018-06-22 11:36:16.280294,0.075,231.167,0.138058545864,0.138058545864,0.13805854586409688
2018-06-22 11:36:28.191736,0.076,228.167,0.138058545864,0.138058545864,0.13805854586409688
2018-06-22 11:36:40.106478,0.076,224.667,0.138058545864,0.138058545864,0.13805854586409688
2018-06-22 11:36:52.033834,0.072,224.667,0.138058545864,0.138058545864,0.13805854586409688
2018-06-22 11:37:03.666777,0.105,226.25,0.138058545864,0.138058545864,0.13805854586409688
2018-06-22 11:37:15.606492,0.071,221.333,0.138058545864,0.138058545864,0.13805854586409688
2018-06-22 11:37:27.508199,0.071,220.5,0.138058545864,0.138058545864,0.13805854586409688
2018-06-22 11:37:39.538095,0.071,224.667,0.138058545864,0.138058545864,0.13805854586409688
2018-06-22 11:37:51.458593,0.074,228.333,0.138058545864,0.138058545864,0.13805854586409688
2018-06-22 11:38:03.351438,0.107,227.0,0.138058545864,0.138058545864,0.13805854586409688
2018-06-22 11:38:15.247826,0.073,232.667,0.138058545864,0.138058545864,0.13805854586409688
2018-06-22 11:38:27.090664,0.073,229.167,0.138058545864,0.138058545864,0.13805854586409688
2018-06-22 11:38:39.030606,0.074,228.0,0.138058545864,0.138058545864,0.13805854586409688
2018-06-22 11:38:51.013272,0.074,228.0,0.138058545864,0.138058545864,0.13805854586409688
2018-06-22 11:39:02.991116,0.107,226.25,0.138058545864,0.138058545864,0.13805854586409688
2018-06-22 11:39:14.602762,0.099,225.833,0.138058545864,0.138058545864,0.13805854586409688
2018-06-22 11:39:26.502945,0.099,226.5,0.138058545864,0.138058545864,0.13805854586409688
2018-06-22 11:39:38.448859,0.124,224.833,0.138058545864,0.138058545864,0.13805854586409688
2018-06-22 11:39:50.087564,0.122,224.833,0.138058545864,0.138058545864,0.13805854586409688
2018-06-22 11:40:01.716093,0.123,224.833,0.138058545864,0.138058545864,0.13805854586409688
2018-06-22 11:40:13.371149,0.107,226.25,0.138058545864,0.138058545864,0.13805854586409688
2018-06-22 11:40:25.121299,0.138,227.5,0.138058545864,0.138058545864,0.13805854586409688
2018-06-22 11:40:36.809635,0.136,222.333,0.138058545864,0.138058545864,0.13805854586409688
2018-06-22 11:40:48.373236,0.137,229.167,0.138058545864,0.138058545864,0.13805854586409688
2018-06-22 11:40:59.935769,0.137,229.167,0.138058545864,0.138058545864,0.13805854586409688
2018-06-22 11:41:11.530718,0.137,231.333,0.138058545864,0.138058545864,0.13805854586409688
2018-06-22 11:41:23.200126,0.205,233.5,0.138058545864,0.138058545864,0.13805854586409688
2018-06-22 11:41:34.829837,0.142,225.0,0.138058545864,0.138058545864,0.13805854586409688
2018-06-22 11:41:46.494152,0.123,228.5,0.138058545864,0.138058545864,0.13805854586409688
2018-06-22 11:41:58.122974,0.122,221.333,0.138058545864,0.138058545864,0.13805854586409688
2018-06-22 11:42:09.810400,0.117,228.333,0.138058545864,0.138058545864,0.13805854586409688
2018-06-22 11:42:21.503639,0.091,231.5,0.138058545864,0.138058545864,0.13805854586409688
2018-06-22 11:42:33.497883,0.041,230.25,0.138058545864,0.138058545864,0.13805854586409688
2018-06-22 11:42:45.462828,0.072,214.0,0.138058545864,0.138058545864,0.13805854586409688
2018-06-22 11:42:57.354760,0.073,224.333,0.138058545864,0.138058545864,0.13805854586409688
2018-06-22 11:43:09.249723,0.072,230.833,0.138058545864,0.138058545864,0.13805854586409688
2018-06-22 11:43:21.222026,0.072,231.667,0.138058545864,0.138058545864,0.13805854586409688
2018-06-22 11:43:33.117092,0.008,226.25,0.138058545864,0.138058545864,0.13805854586409688
2018-06-22 11:43:45.002322,0.073,224.833,0.138058545864,0.138058545864,0.13805854586409688
2018-06-22 11:43:56.838017,0.073,224.833,0.138058545864,0.138058545864,0.13805854586409688
2018-06-22 11:44:08.745087,0.074,226.333,0.138058545864,0.138058545864,0.13805854586409688
2018-06-22 11:44:20.587008,0.074,230.0,0.138058545864,0.138058545864,0.13805854586409688
2018-06-22 11:44:32.455740,0.008,227.5,0.138058545864,0.138058545864,0.13805854586409688
2018-06-22 11:44:44.413055,0.072,279.2,0.138058545864,0.138058545864,0.13805854586409688
2018-06-22 11:44:56.369893,0.072,231.833,0.138058545864,0.138058545864,0.13805854586409688
2018-06-22 11:45:08.206117,0.073,231.833,0.138058545864,0.138058545864,0.13805854586409688
2018-06-22 11:45:20.106379,0.073,224.833,0.138058545864,0.138058545864,0.13805854586409688
2018-06-22 11:45:31.966265,0.073,221.5,0.138058545864,0.138058545864,0.13805854586409688
2018-06-22 11:45:43.857836,0.108,236.0,0.138058545864,0.138058545864,0.13805854586409688
2018-06-22 11:45:55.757755,0.105,231.333,0.138058545864,0.138058545864,0.13805854586409688
2018-06-22 11:46:07.401462,0.104,229.167,0.138058545864,0.138058545864,0.13805854586409688
2018-06-22 11:46:19.026425,0.105,221.667,0.138058545864,0.138058545864,0.13805854586409688
2018-06-22 11:46:30.702345,0.134,215.333,0.138058545864,0.138058545864,0.13805854586409688
2018-06-22 11:46:42.270976,0.133,221.333,0.138058545864,0.138058545864,0.13805854586409688
2018-06-22 11:46:53.902016,0.104,216.5,0.138058545864,0.138058545864,0.13805854586409688
2018-06-22 11:47:05.680808,0.139,221.167,0.138058545864,0.138058545864,0.13805854586409688
2018-06-22 11:47:17.300308,0.139,228.167,0.138058545864,0.138058545864,0.13805854586409688
2018-06-22 11:47:29.011256,0.14,231.0,0.138058545864,0.138058545864,0.13805854586409688
2018-06-22 11:47:40.602896,0.139,234.833,0.138058545864,0.138058545864,0.13805854586409688
2018-06-22 11:47:52.200959,0.139,231.5,0.138058545864,0.138058545864,0.13805854586409688
2018-06-22 11:48:03.855967,0.102,225.25,0.138058545864,0.138058545864,0.13805854586409688
2018-06-22 11:48:15.486230,0.136,228.167,0.138058545864,0.138058545864,0.13805854586409688
2018-06-22 11:48:27.151191,0.141,228.167,0.138058545864,0.138058545864,0.13805854586409688
2018-06-22 11:48:38.756765,0.113,227.5,0.138058545864,0.138058545864,0.13805854586409688
2018-06-22 11:48:50.407962,0.113,229.333,0.138058545864,0.138058545864,0.13805854586409688
2018-06-22 11:49:02.038063,0.11,225.833,0.138058545864,0.138058545864,0.13805854586409688
2018-06-22 11:49:13.769511,0.125,238.75,0.138058545864,0.138058545864,0.13805854586409688
2018-06-22 11:49:25.679807,0.086,226.5,0.138058545864,0.138058545864,0.13805854586409688
2018-06-22 11:49:37.623754,0.071,213.833,0.138058545864,0.138058545864,0.13805854586409688
2018-06-22 11:49:49.601260,0.071,224.667,0.138058545864,0.138058545864,0.13805854586409688
2018-06-22 11:50:01.514513,0.072,231.5,0.138058545864,0.138058545864,0.13805854586409688
2018-06-22 11:50:13.416024,0.106,231.0,0.138058545864,0.138058545864,0.13805854586409688
2018-06-22 11:50:25.360191,0.075,223.833,0.138058545864,0.138058545864,0.13805854586409688
2018-06-22 11:50:37.285230,0.074,224.833,0.138058545864,0.138058545864,0.13805854586409688
2018-06-22 11:50:49.190377,0.075,228.333,0.138058545864,0.138058545864,0.13805854586409688
2018-06-22 11:51:01.084084,0.073,232.167,0.138058545864,0.138058545864,0.13805854586409688
2018-06-22 11:51:12.969104,0.106,221.0,0.138058545864,0.138058545864,0.13805854586409688
2018-06-22 11:51:25.025713,0.072,224.667,0.138058545864,0.138058545864,0.13805854586409688
2018-06-22 11:51:36.921110,0.072,227.5,0.138058545864,0.138058545864,0.13805854586409688
2018-06-22 11:51:48.887250,0.072,224.667,0.138058545864,0.138058545864,0.13805854586409688
2018-06-22 11:52:00.761812,0.074,228.167,0.138058545864,0.138058545864,0.13805854586409688
2018-06-22 11:52:12.689548,0.108,225.25,0.138058545864,0.138058545864,0.13805854586409688
2018-06-22 11:52:24.318486,0.084,228.333,0.138058545864,0.138058545864,0.13805854586409688
2018-06-22 11:52:36.148705,0.084,224.667,0.138058545864,0.138058545864,0.13805854586409688
2018-06-22 11:52:48.042628,0.108,228.167,0.138058545864,0.138058545864,0.13805854586409688
2018-06-22 11:52:59.710900,0.107,228.167,0.138058545864,0.138058545864,0.13805854586409688
2018-06-22 11:53:11.333197,0.107,231.667,0.138058545864,0.138058545864,0.13805854586409688
2018-06-22 11:53:23.012672,0.098,216.25,0.138058545864,0.138058545864,0.13805854586409688
2018-06-22 11:53:34.964150,0.132,228.167,0.138058545864,0.138058545864,0.13805854586409688
2018-06-22 11:53:46.610914,0.139,228.0,0.138058545864,0.138058545864,0.13805854586409688
2018-06-22 11:53:58.274469,0.138,228.0,0.138058545864,0.138058545864,0.13805854586409688
2018-06-22 11:54:09.902362,0.138,226.667,0.138058545864,0.138058545864,0.13805854586409688
2018-06-22 11:54:21.477161,0.139,233.5,0.138058545864,0.138058545864,0.13805854586409688
2018-06-22 11:54:33.086137,0.212,247.75,0.138058545864,0.138058545864,0.13805854586409688
2018-06-22 11:54:44.793872,0.142,226.0,0.138058545864,0.138058545864,0.13805854586409688
2018-06-22 11:54:56.480522,0.135,228.0,0.138058545864,0.138058545864,0.13805854586409688
2018-06-22 11:55:07.994764,0.135,231.5,0.138058545864,0.138058545864,0.13805854586409688
2018-06-22 11:55:19.734210,0.132,228.0,0.138058545864,0.138058545864,0.13805854586409688
2018-06-22 11:55:31.393092,0.103,224.833,0.138058545864,0.138058545864,0.13805854586409688
2018-06-22 11:55:42.977202,0.054,225.0,0.138058545864,0.138058545864,0.13805854586409688
2018-06-22 11:55:54.903386,0.072,218.333,0.138058545864,0.138058545864,0.13805854586409688
2018-06-22 11:56:06.778289,0.072,227.833,0.138058545864,0.138058545864,0.13805854586409688
2018-06-22 11:56:18.653055,0.076,231.333,0.138058545864,0.138058545864,0.13805854586409688
2018-06-22 11:56:30.605666,0.074,230.167,0.138058545864,0.138058545864,0.13805854586409688
2018-06-22 11:56:42.520915,0.006,220.0,0.138058545864,0.138058545864,0.13805854586409688
2018-06-22 11:56:54.415899,0.076,232.0,0.138058545864,0.138058545864,0.13805854586409688
2018-06-22 11:57:06.278670,0.075,231.833,0.138058545864,0.138058545864,0.13805854586409688
2018-06-22 11:57:18.193539,0.073,228.333,0.138058545864,0.138058545864,0.13805854586409688
2018-06-22 11:57:30.082220,0.073,228.333,0.138058545864,0.138058545864,0.13805854586409688
2018-06-22 11:57:41.998148,0.073,231.833,0.138058545864,0.138058545864,0.13805854586409688
2018-06-22 11:57:53.988367,0.075,243.0,0.138058545864,0.138058545864,0.13805854586409688
2018-06-22 11:58:05.839657,0.075,224.833,0.138058545864,0.138058545864,0.13805854586409688
2018-06-22 11:58:17.769026,0.074,224.833,0.138058545864,0.138058545864,0.13805854586409688
2018-06-22 11:58:29.589907,0.074,224.0,0.138058545864,0.138058545864,0.13805854586409688
2018-06-22 11:58:41.443970,0.074,224.667,0.138058545864,0.138058545864,0.13805854586409688
2018-06-22 11:58:53.298286,0.108,233.5,0.138058545864,0.138058545864,0.13805854586409688
2018-06-22 11:59:05.278231,0.097,230.167,0.138058545864,0.138058545864,0.13805854586409688
2018-06-22 11:59:17.210340,0.095,230.167,0.138058545864,0.138058545864,0.13805854586409688
2018-06-22 11:59:29.105811,0.095,230.0,0.138058545864,0.138058545864,0.13805854586409688
2018-06-22 11:59:41.020456,0.119,227.5,0.138058545864,0.138058545864,0.13805854586409688
2018-06-22 11:59:52.649491,0.178,250.75,0.138058545864,0.138058545864,0.13805854586409688
2018-06-22 12:00:04.277719,0.137,232.833,0.138058545864,0.138058545864,0.13805854586409688
2018-06-22 12:00:15.920630,0.136,231.667,0.138058545864,0.138058545864,0.13805854586409688
2018-06-22 12:00:27.597498,0.136,231.667,0.138058545864,0.138058545864,0.13805854586409688
2018-06-22 12:00:39.283042,0.142,228.167,0.138058545864,0.138058545864,0.13805854586409688
2018-06-22 12:00:50.898088,0.141,224.0,0.138058545864,0.138058545864,0.13805854586409688
2018-06-22 12:01:02.441925,0.106,225.0,0.138058545864,0.138058545864,0.13805854586409688
2018-06-22 12:01:14.102007,0.144,231.833,0.138058545864,0.138058545864,0.13805854586409688
2018-06-22 12:01:25.705720,0.144,231.833,0.138058545864,0.138058545864,0.13805854586409688
2018-06-22 12:01:37.351611,0.144,224.167,0.138058545864,0.138058545864,0.13805854586409688
