2018-06-22 09:20:11.503202,0.0,54.5,0.0301029996659,0.0301029996659,0.0301029996658834
2018-06-22 09:20:23.257518,0.0,54.5,0.0301029996659,0.0301029996659,0.0301029996658834
2018-06-22 09:20:35.009188,0.0,14.909,0.0301029996659,0.0301029996659,0.0301029996658834
2018-06-22 09:20:46.472185,0.0,37.542,0.0301029996659,0.0301029996659,0.0301029996658834
2018-06-22 09:20:58.053224,0.005,42.617,0.0301029996659,0.0301029996659,0.0301029996658834
2018-06-22 09:21:09.701675,0.005,54.533,0.0301029996659,0.0301029996659,0.0301029996658834
2018-06-22 09:21:21.330545,0.005,54.483,0.0301029996659,0.0301029996659,0.0301029996658834
2018-06-22 09:21:32.879646,0.0,50.1,0.0301029996659,0.0301029996659,0.0301029996658834
2018-06-22 09:21:44.418925,0.003,45.1,0.0301029996659,0.0301029996659,0.0301029996658834
2018-06-22 09:21:56.044223,0.002,54.583,0.0301029996659,0.0301029996659,0.0301029996658834
2018-06-22 09:22:07.692562,0.002,54.567,0.0301029996659,0.0301029996659,0.0301029996658834
2018-06-22 09:22:19.285263,0.002,54.633,0.0301029996659,0.0301029996659,0.0301029996658834
2018-06-22 09:22:30.887215,0.002,54.617,0.0301029996659,0.0301029996659,0.0301029996658834
2018-06-22 09:22:42.600077,0.002,54.267,0.0301029996659,0.0301029996659,0.0301029996658834
2018-06-22 09:22:54.233746,0.003,69.425,0.0301029996659,1.0,1.0
2018-06-22 09:23:05.881953,0.0,52.183,0.0301029996659,0.0301029996659,0.0301029996658834
2018-06-22 09:23:17.460446,0.0,54.8,0.0301029996659,0.0301029996659,0.0301029996658834
2018-06-22 09:23:29.099568,0.004,54.833,0.0301029996659,0.0301029996659,0.0301029996658834
2018-06-22 09:23:40.670887,0.004,54.783,0.0301029996659,0.0301029996659,0.0301029996658834
2018-06-22 09:23:52.310884,0.004,54.75,0.0301029996659,0.0301029996659,0.0301029996658834
2018-06-22 09:24:03.897264,0.003,54.733,0.0301029996659,0.0301029996659,0.0301029996658834
2018-06-22 09:24:15.458830,0.008,51.741,1.0,0.0301029996659,1.0
2018-06-22 09:24:27.014805,0.007,54.767,0.0301029996659,0.0301029996659,0.0301029996658834
2018-06-22 09:24:38.551682,0.007,54.717,0.0301029996659,0.0301029996659,0.0301029996658834
2018-06-22 09:24:50.136480,0.007,54.75,0.0301029996659,0.0301029996659,0.0301029996658834
2018-06-22 09:25:01.693540,0.004,49.4,0.0301029996659,0.0301029996659,0.0301029996658834
2018-06-22 09:25:13.291399,0.004,54.867,0.0301029996659,0.0301029996659,0.0301029996658834
2018-06-22 09:25:24.923307,0.003,75.7,0.0301029996659,1.0,1.0
2018-06-22 09:25:36.502227,0.002,54.583,0.0301029996659,0.0301029996659,0.0301029996658834
2018-06-22 09:25:48.170268,0.007,53.367,0.0301029996659,0.0301029996659,0.0301029996658834
2018-06-22 09:25:59.839710,0.007,54.633,0.0301029996659,0.0301029996659,0.0301029996658834
2018-06-22 09:26:11.493439,0.007,54.75,0.0301029996659,0.0301029996659,0.0301029996658834
2018-06-22 09:26:23.105401,0.009,54.767,1.0,0.0301029996659,1.0
2018-06-22 09:26:34.675772,0.014,45.025,1.0,0.0301029996659,1.0
2018-06-22 09:26:46.214438,0.005,44.917,0.0301029996659,0.0301029996659,0.0301029996658834
2018-06-22 09:26:57.771706,0.005,54.783,0.0301029996659,0.0301029996659,0.0301029996658834
2018-06-22 09:27:09.385398,0.005,54.7,0.0301029996659,0.0301029996659,0.0301029996658834
2018-06-22 09:27:20.877263,0.0,48.117,0.0301029996659,0.0301029996659,0.0301029996658834
2018-06-22 09:27:32.406413,0.0,54.783,0.0301029996659,0.0301029996659,0.0301029996658834
2018-06-22 09:27:44.055114,0.0,69.65,0.0301029996659,0.0301029996659,0.0301029996658834
2018-06-22 09:27:55.627416,0.0,55.661,0.0301029996659,0.0301029996659,0.0301029996658834
2018-06-22 09:28:07.285676,0.0,54.717,0.0301029996659,0.0301029996659,0.0301029996658834
2018-06-22 09:28:18.889967,0.001,69.548,0.0301029996659,0.0301029996659,0.0301029996658834
2018-06-22 09:28:30.592922,0.0,66.958,0.0301029996659,0.0301029996659,0.0301029996658834
2018-06-22 09:28:42.255626,0.0,49.5,0.0301029996659,0.0301029996659,0.0301029996658834
2018-06-22 09:28:53.920025,0.0,27.333,0.0301029996659,0.0301029996659,0.0301029996658834
2018-06-22 09:29:05.550903,0.0,54.833,0.0301029996659,0.0301029996659,0.0301029996658834
2018-06-22 09:29:17.126296,0.0,54.833,0.0301029996659,0.0301029996659,0.0301029996658834
2018-06-22 09:29:28.740818,0.0,54.833,0.0301029996659,0.0301029996659,0.0301029996658834
2018-06-22 09:29:40.403650,0.0,54.667,0.0301029996659,0.0301029996659,0.0301029996658834
2018-06-22 09:29:52.009996,0.0,54.667,0.0301029996659,0.0301029996659,0.0301029996658834
2018-06-22 09:30:03.550314,0.0,54.667,0.0301029996659,0.0301029996659,0.0301029996658834
2018-06-22 09:30:15.207245,0.0,82.0,0.0301029996659,1.0,1.0
2018-06-22 09:30:26.902460,0.0,54.667,0.0301029996659,0.0301029996659,0.0301029996658834
2018-06-22 09:30:38.441619,0.0,54.667,0.0301029996659,0.0301029996659,0.0301029996658834
2018-06-22 09:30:50.070880,0.0,54.667,0.0301029996659,0.0301029996659,0.0301029996658834
2018-06-22 09:31:01.618748,0.0,54.667,0.0301029996659,0.0301029996659,0.0301029996658834
2018-06-22 09:31:13.257164,0.028,54.667,1.0,0.0301029996659,1.0
2018-06-22 09:31:24.982351,0.042,41.0,1.0,0.0301029996659,1.0
2018-06-22 09:31:36.686908,0.031,54.667,0.0301029996659,0.0301029996659,0.0301029996658834
2018-06-22 09:31:48.294016,0.031,54.667,0.0301029996659,0.0301029996659,0.0301029996658834
2018-06-22 09:31:59.896546,0.031,54.667,0.0301029996659,0.0301029996659,0.0301029996658834
2018-06-22 09:32:11.442823,0.01,27.333,0.0301029996659,0.0301029996659,0.0301029996658834
2018-06-22 09:32:23.128174,0.01,54.667,0.0301029996659,0.0301029996659,0.0301029996658834
2018-06-22 09:32:34.697165,0.0,82.0,0.0301029996659,0.0301029996659,0.0301029996658834
2018-06-22 09:32:46.331774,0.0,54.667,0.0301029996659,0.0301029996659,0.0301029996658834
2018-06-22 09:32:57.959659,0.0,54.667,0.0301029996659,0.0301029996659,0.0301029996658834
2018-06-22 09:33:09.478823,0.0,54.667,0.0301029996659,0.0301029996659,0.0301029996658834
2018-06-22 09:33:21.039883,0.0,54.667,0.0301029996659,0.0301029996659,0.0301029996658834
2018-06-22 09:33:32.617278,0.0,54.667,0.0301029996659,0.0301029996659,0.0301029996658834
2018-06-22 09:33:44.210699,0.0,41.0,0.0301029996659,0.0301029996659,0.0301029996658834
2018-06-22 09:33:55.797851,0.0,54.667,0.0301029996659,0.0301029996659,0.0301029996658834
2018-06-22 09:34:07.557151,0.0,54.667,0.0301029996659,0.0301029996659,0.0301029996658834
2018-06-22 09:34:19.124685,0.0,54.667,0.0301029996659,0.0301029996659,0.0301029996658834
2018-06-22 09:34:30.706740,0.0,54.667,0.0301029996659,0.0301029996659,0.0301029996658834
2018-06-22 09:34:42.276673,0.0,54.667,0.0301029996659,0.0301029996659,0.0301029996658834
2018-06-22 09:34:53.984099,0.0,54.667,0.0301029996659,0.0301029996659,0.0301029996658834
2018-06-22 09:35:05.768605,0.0,54.667,0.0301029996659,0.0301029996659,0.0301029996658834
2018-06-22 09:35:17.472155,0.0,54.667,0.0301029996659,0.0301029996659,0.0301029996658834
2018-06-22 09:35:29.094242,0.0,54.667,0.0301029996659,0.0301029996659,0.0301029996658834
2018-06-22 09:35:40.879116,0.0,54.667,0.0301029996659,0.0301029996659,0.0301029996658834
2018-06-22 09:35:52.473162,0.0,27.333,0.0301029996659,0.0301029996659,0.0301029996658834
2018-06-22 09:36:04.152757,0.0,11.714,0.0301029996659,0.0301029996659,0.0301029996658834
2018-06-22 09:36:23.924463,0.0,38.283,0.0301029996659,0.0301029996659,0.0301029996658834
2018-06-22 09:36:41.091221,0.0,54.6,0.0301029996659,0.0301029996659,0.0301029996658834
2018-06-22 09:36:52.578690,0.002,54.583,0.0301029996659,0.0301029996659,0.0301029996658834
2018-06-22 09:37:04.212777,0.003,45.075,0.0301029996659,0.0301029996659,0.0301029996658834
2018-06-22 09:37:15.789033,0.002,54.6,0.0301029996659,0.0301029996659,0.0301029996658834
2018-06-22 09:37:27.303679,0.005,54.6,0.0301029996659,0.0301029996659,0.0301029996658834
2018-06-22 09:37:38.889430,0.005,54.65,0.0301029996659,0.0301029996659,0.0301029996658834
2018-06-22 09:37:50.452517,0.005,54.617,0.0301029996659,0.0301029996659,0.0301029996658834
2018-06-22 09:38:01.967681,0.005,54.583,0.0301029996659,0.0301029996659,0.0301029996658834
2018-06-22 09:38:21.900752,0.004,51.95,0.0301029996659,0.0301029996659,0.0301029996658834
2018-06-22 09:38:33.440232,0.004,54.75,0.0301029996659,0.0301029996659,0.0301029996658834
2018-06-22 09:38:45.134680,0.01,56.788,0.0301029996659,0.0301029996659,0.0301029996658834
2018-06-22 09:39:02.266818,0.007,51.983,0.0301029996659,0.0301029996659,0.0301029996658834
2018-06-22 09:39:13.838863,0.014,54.733,0.0301029996659,0.0301029996659,0.0301029996658834
2018-06-22 09:39:25.390277,0.016,56.827,0.0301029996659,0.0301029996659,0.0301029996658834
2018-06-22 09:39:36.876008,0.008,46.567,0.0301029996659,0.0301029996659,0.0301029996658834
2018-06-22 09:39:48.429390,0.005,52.25,0.0301029996659,0.0301029996659,0.0301029996658834
2018-06-22 09:40:00.078913,0.005,54.767,0.0301029996659,0.0301029996659,0.0301029996658834
2018-06-22 09:40:11.652100,0.002,49.267,0.0301029996659,0.0301029996659,0.0301029996658834
2018-06-22 09:40:23.164536,0.002,54.75,0.0301029996659,0.0301029996659,0.0301029996658834
2018-06-22 09:40:34.833851,0.0,61.6,0.0301029996659,0.0301029996659,0.0301029996658834
2018-06-22 09:40:46.378922,0.003,54.783,0.0301029996659,0.0301029996659,0.0301029996658834
2018-06-22 09:40:57.889920,0.003,54.767,0.0301029996659,0.0301029996659,0.0301029996658834
2018-06-22 09:41:09.408481,0.002,54.75,0.0301029996659,0.0301029996659,0.0301029996658834
2018-06-22 09:41:20.918649,0.004,54.733,0.0301029996659,0.0301029996659,0.0301029996658834
2018-06-22 09:41:32.419822,0.004,54.75,0.138058545864,0.138058545864,0.13805854586409688
2018-06-22 09:41:44.020486,0.0,50.857,0.138058545864,0.138058545864,0.13805854586409688
2018-06-22 09:41:55.575242,0.004,54.7,0.138058545864,0.138058545864,0.13805854586409688
2018-06-22 09:42:07.148672,0.004,54.717,0.138058545864,0.138058545864,0.13805854586409688
2018-06-22 09:42:27.053254,0.001,54.7,0.138058545864,0.138058545864,0.13805854586409688
2018-06-22 09:42:44.257882,0.0,53.35,0.138058545864,0.138058545864,0.13805854586409688
2018-06-22 09:42:55.813950,0.0,51.722,0.138058545864,0.138058545864,0.13805854586409688
2018-06-22 09:43:07.355160,0.0,54.75,0.138058545864,0.138058545864,0.13805854586409688
2018-06-22 09:43:18.879196,0.0,54.767,0.138058545864,0.138058545864,0.13805854586409688
2018-06-22 09:43:30.485619,0.0,54.75,0.138058545864,0.138058545864,0.13805854586409688
2018-06-22 09:43:42.085039,0.003,54.75,0.138058545864,0.138058545864,0.13805854586409688
2018-06-22 09:43:53.666091,0.005,54.786,0.138058545864,0.138058545864,0.13805854586409688
2018-06-22 09:44:05.339252,0.0,33.0,0.138058545864,0.138058545864,0.13805854586409688
2018-06-22 09:44:17.256103,0.034,55.0,0.138058545864,0.138058545864,0.13805854586409688
2018-06-22 09:44:29.250766,0.034,55.0,0.138058545864,0.138058545864,0.13805854586409688
2018-06-22 09:44:41.171982,0.034,55.0,0.138058545864,0.138058545864,0.13805854586409688
2018-06-22 09:44:53.107753,0.024,55.0,0.138058545864,0.138058545864,0.13805854586409688
2018-06-22 09:45:04.803221,0.036,41.25,0.138058545864,0.138058545864,0.13805854586409688
2018-06-22 09:45:16.838841,0.019,41.833,0.138058545864,0.138058545864,0.13805854586409688
2018-06-22 09:45:28.762766,0.019,54.833,0.138058545864,0.138058545864,0.13805854586409688
2018-06-22 09:45:40.709123,0.019,54.833,0.138058545864,0.138058545864,0.13805854586409688
2018-06-22 09:45:52.582386,0.0,40.5,0.138058545864,0.138058545864,0.13805854586409688
2018-06-22 09:46:04.170089,0.0,41.25,0.138058545864,0.138058545864,0.13805854586409688
2018-06-22 09:46:16.072549,0.0,55.0,0.138058545864,0.138058545864,0.13805854586409688
2018-06-22 09:46:27.933650,0.0,55.0,0.138058545864,0.138058545864,0.13805854586409688
2018-06-22 09:46:39.541501,0.0,55.0,0.138058545864,0.138058545864,0.13805854586409688
2018-06-22 09:46:51.171695,0.0,55.0,0.138058545864,0.138058545864,0.13805854586409688
2018-06-22 09:47:03.085765,0.0,55.0,0.138058545864,0.138058545864,0.13805854586409688
2018-06-22 09:47:14.939398,0.0,82.5,0.138058545864,0.138058545864,0.13805854586409688
2018-06-22 09:47:26.546598,0.0,55.0,0.138058545864,0.138058545864,0.13805854586409688
2018-06-22 09:47:38.161856,0.0,55.0,0.138058545864,0.138058545864,0.13805854586409688
2018-06-22 09:47:49.810784,0.0,55.0,0.138058545864,0.138058545864,0.13805854586409688
2018-06-22 09:48:01.417239,0.0,55.0,0.138058545864,0.138058545864,0.13805854586409688
2018-06-22 09:48:13.071086,0.0,55.0,0.138058545864,0.138058545864,0.13805854586409688
2018-06-22 09:48:24.774107,0.0,41.25,0.138058545864,0.138058545864,0.13805854586409688
2018-06-22 09:48:36.430986,0.0,55.0,0.138058545864,0.138058545864,0.13805854586409688
2018-06-22 09:48:48.108043,0.0,55.0,0.138058545864,0.138058545864,0.13805854586409688
2018-06-22 09:48:59.821829,0.0,55.0,0.138058545864,0.138058545864,0.13805854586409688
2018-06-22 09:49:11.470796,0.0,55.0,0.138058545864,0.138058545864,0.13805854586409688
2018-06-22 09:49:23.142064,0.0,55.0,0.138058545864,0.138058545864,0.13805854586409688
2018-06-22 09:49:34.924260,0.0,41.25,0.138058545864,0.138058545864,0.13805854586409688
2018-06-22 09:49:46.877714,0.0,55.0,0.138058545864,0.138058545864,0.13805854586409688
2018-06-22 09:49:58.852186,0.0,55.0,0.138058545864,0.138058545864,0.13805854586409688
2018-06-22 09:50:10.767907,0.0,55.0,0.138058545864,0.138058545864,0.13805854586409688
2018-06-22 09:50:22.622956,0.0,55.0,0.138058545864,0.138058545864,0.13805854586409688
2018-06-22 09:50:34.496024,0.0,41.25,0.138058545864,0.138058545864,0.13805854586409688
2018-06-22 09:50:46.364248,0.0,55.0,0.138058545864,0.138058545864,0.13805854586409688
2018-06-22 09:50:58.229884,0.0,55.0,0.138058545864,0.138058545864,0.13805854586409688
2018-06-22 09:51:10.154418,0.045,55.0,1.0,0.138058545864,1.0
2018-06-22 09:51:21.721483,0.011,13.75,0.138058545864,0.138058545864,0.13805854586409688
2018-06-22 09:51:33.306032,0.007,42.976,0.138058545864,0.138058545864,0.13805854586409688
2018-06-22 09:51:44.850917,0.003,50.204,0.138058545864,0.138058545864,0.13805854586409688
2018-06-22 09:51:56.382874,0.011,54.617,0.138058545864,0.138058545864,0.13805854586409688
2018-06-22 09:52:07.969509,0.009,51.883,0.138058545864,0.138058545864,0.13805854586409688
2018-06-22 09:52:19.572718,0.009,54.667,0.138058545864,0.138058545864,0.13805854586409688
2018-06-22 09:52:31.223652,0.011,54.633,0.138058545864,0.138058545864,0.13805854586409688
2018-06-22 09:52:42.855089,0.01,54.633,0.138058545864,0.138058545864,0.13805854586409688
2018-06-22 09:52:54.475646,0.008,43.184,0.138058545864,0.138058545864,0.13805854586409688
2018-06-22 09:53:06.060718,0.012,54.717,0.138058545864,0.138058545864,0.13805854586409688
2018-06-22 09:53:17.656257,0.012,54.717,0.138058545864,0.138058545864,0.13805854586409688
2018-06-22 09:53:29.245977,0.002,44.15,0.138058545864,0.138058545864,0.13805854586409688
2018-06-22 09:53:40.902106,0.002,54.583,0.138058545864,0.138058545864,0.13805854586409688
2018-06-22 09:53:52.503903,0.002,54.633,0.138058545864,0.138058545864,0.13805854586409688
2018-06-22 09:54:04.083918,0.002,55.25,0.138058545864,0.138058545864,0.13805854586409688
2018-06-22 09:54:15.565552,0.002,52.755,0.138058545864,0.138058545864,0.13805854586409688
2018-06-22 09:54:27.013968,0.002,53.517,0.138058545864,0.138058545864,0.13805854586409688
2018-06-22 09:54:38.552993,0.002,54.733,0.138058545864,0.138058545864,0.13805854586409688
2018-06-22 09:54:50.112744,0.002,54.717,0.138058545864,0.138058545864,0.13805854586409688
2018-06-22 09:55:01.679959,0.002,54.717,0.138058545864,0.138058545864,0.13805854586409688
2018-06-22 09:55:13.172088,0.002,54.733,0.138058545864,0.138058545864,0.13805854586409688
2018-06-22 09:55:33.090404,0.002,54.75,0.138058545864,0.138058545864,0.13805854586409688
2018-06-22 09:55:44.805646,0.003,49.3,0.138058545864,0.138058545864,0.13805854586409688
2018-06-22 09:56:04.746770,0.0,49.804,0.138058545864,0.138058545864,0.13805854586409688
2018-06-22 09:56:21.939811,0.0,54.9,0.138058545864,0.138058545864,0.13805854586409688
2018-06-22 09:56:33.519472,0.0,54.9,0.138058545864,0.138058545864,0.13805854586409688
2018-06-22 09:56:45.031678,0.0,50.577,0.138058545864,0.138058545864,0.13805854586409688
2018-06-22 09:56:56.578977,0.004,54.8,0.138058545864,0.138058545864,0.13805854586409688
2018-06-22 09:57:08.117766,0.004,54.85,0.138058545864,0.138058545864,0.13805854586409688
2018-06-22 09:57:19.667161,0.004,54.817,0.138058545864,0.138058545864,0.13805854586409688
2018-06-22 09:57:31.179152,0.004,54.8,0.138058545864,0.138058545864,0.13805854586409688
2018-06-22 09:57:42.732250,0.004,54.767,0.138058545864,0.138058545864,0.13805854586409688
2018-06-22 09:57:54.337753,0.0,73.9,0.138058545864,0.138058545864,0.13805854586409688
2018-06-22 09:58:05.930704,0.002,54.733,0.138058545864,0.138058545864,0.13805854586409688
2018-06-22 09:58:25.949132,0.004,53.267,0.138058545864,0.138058545864,0.13805854586409688
2018-06-22 09:58:37.595473,0.004,54.783,0.138058545864,0.138058545864,0.13805854586409688
2018-06-22 09:58:49.133184,0.012,54.733,0.138058545864,0.138058545864,0.13805854586409688
2018-06-22 09:59:00.760959,0.009,53.483,0.138058545864,0.138058545864,0.13805854586409688
2018-06-22 09:59:12.480952,0.013,42.976,0.138058545864,0.138058545864,0.13805854586409688
2018-06-22 09:59:29.945493,0.0,55.0,0.138058545864,0.138058545864,0.13805854586409688
2018-06-22 09:59:41.649276,0.0,55.0,0.138058545864,0.138058545864,0.13805854586409688
2018-06-22 09:59:53.568070,0.0,55.0,0.138058545864,0.138058545864,0.13805854586409688
2018-06-22 10:00:05.268813,0.0,41.25,0.138058545864,0.138058545864,0.13805854586409688
2018-06-22 10:00:16.911353,0.0,55.0,0.138058545864,0.138058545864,0.13805854586409688
2018-06-22 10:00:28.657799,0.0,55.0,0.138058545864,0.138058545864,0.13805854586409688
2018-06-22 10:00:40.269691,0.0,55.0,0.138058545864,0.138058545864,0.13805854586409688
2018-06-22 10:00:51.897824,0.0,55.0,0.138058545864,0.138058545864,0.13805854586409688
2018-06-22 10:01:03.512413,0.0,55.0,0.138058545864,0.138058545864,0.13805854586409688
2018-06-22 10:01:15.179959,0.0,55.0,0.138058545864,0.138058545864,0.13805854586409688
2018-06-22 10:01:26.833266,0.0,55.0,0.138058545864,0.138058545864,0.13805854586409688
2018-06-22 10:01:38.504921,0.0,53.833,0.138058545864,0.138058545864,0.13805854586409688
2018-06-22 10:01:50.112073,0.0,53.833,0.138058545864,0.138058545864,0.13805854586409688
2018-06-22 10:02:01.743793,0.0,53.833,0.138058545864,0.138058545864,0.13805854586409688
2018-06-22 10:02:13.644957,0.0,55.0,0.138058545864,0.138058545864,0.13805854586409688
2018-06-22 10:02:25.387309,0.0,55.0,0.138058545864,0.138058545864,0.13805854586409688
2018-06-22 10:02:36.961965,0.0,55.0,0.138058545864,0.138058545864,0.13805854586409688
2018-06-22 10:02:48.654018,0.0,55.0,0.138058545864,0.138058545864,0.13805854586409688
2018-06-22 10:03:00.645356,0.0,55.0,0.138058545864,0.138058545864,0.13805854586409688
2018-06-22 10:03:12.691861,0.0,55.0,0.138058545864,0.138058545864,0.13805854586409688
2018-06-22 10:03:24.361071,0.0,82.5,0.138058545864,0.138058545864,0.13805854586409688
2018-06-22 10:03:36.200950,0.0,55.0,0.138058545864,0.138058545864,0.13805854586409688
2018-06-22 10:03:48.046196,0.004,55.0,0.138058545864,0.138058545864,0.13805854586409688
2018-06-22 10:03:59.977263,0.004,55.0,0.138058545864,0.138058545864,0.13805854586409688
2018-06-22 10:04:11.923689,0.004,55.0,0.138058545864,0.138058545864,0.13805854586409688
2018-06-22 10:04:23.501394,0.024,55.0,0.138058545864,0.138058545864,0.13805854586409688
2018-06-22 10:04:35.400121,0.024,55.0,0.138058545864,0.138058545864,0.13805854586409688
2018-06-22 10:04:47.271769,0.023,55.0,0.138058545864,0.138058545864,0.13805854586409688
2018-06-22 10:04:59.187845,0.023,55.0,0.138058545864,0.138058545864,0.13805854586409688
2018-06-22 10:05:11.112580,0.023,55.0,0.138058545864,0.138058545864,0.13805854586409688
2018-06-22 10:05:23.009760,0.002,27.5,0.138058545864,0.138058545864,0.13805854586409688
2018-06-22 10:05:34.762456,0.003,41.25,0.138058545864,0.138058545864,0.13805854586409688
2018-06-22 10:05:46.639680,0.0,55.0,0.138058545864,0.138058545864,0.13805854586409688
2018-06-22 10:05:58.528974,0.0,55.0,0.138058545864,0.138058545864,0.13805854586409688
2018-06-22 10:06:10.440848,0.0,55.0,0.138058545864,0.138058545864,0.13805854586409688
2018-06-22 10:06:22.414260,0.0,55.0,0.138058545864,0.138058545864,0.13805854586409688
2018-06-22 10:06:34.482291,0.0,23.571,0.138058545864,0.138058545864,0.13805854586409688
2018-06-22 10:06:46.134805,0.001,13.548,0.138058545864,0.138058545864,0.13805854586409688
2018-06-22 10:06:57.805244,0.004,32.833,0.138058545864,0.138058545864,0.13805854586409688
2018-06-22 10:07:17.773405,0.003,53.45,0.138058545864,0.138058545864,0.13805854586409688
2018-06-22 10:07:29.424774,0.004,54.683,0.138058545864,0.138058545864,0.13805854586409688
2018-06-22 10:07:41.108883,0.004,54.683,0.138058545864,0.138058545864,0.13805854586409688
2018-06-22 10:07:52.657312,0.004,54.683,0.138058545864,0.138058545864,0.13805854586409688
2018-06-22 10:08:04.171767,0.002,49.652,0.138058545864,0.138058545864,0.13805854586409688
2018-06-22 10:08:15.781149,0.006,54.45,0.138058545864,0.138058545864,0.13805854586409688
2018-06-22 10:08:27.366198,0.006,54.667,0.138058545864,0.138058545864,0.13805854586409688
2018-06-22 10:08:38.961460,0.013,54.517,0.138058545864,0.138058545864,0.13805854586409688
2018-06-22 10:08:50.558055,0.013,54.517,0.138058545864,0.138058545864,0.13805854586409688
2018-06-22 10:09:02.130233,0.013,54.617,0.138058545864,0.138058545864,0.13805854586409688
2018-06-22 10:09:13.816276,0.004,43.617,0.138058545864,0.138058545864,0.13805854586409688
2018-06-22 10:09:25.386007,0.005,52.34,0.138058545864,0.138058545864,0.13805854586409688
2018-06-22 10:09:37.004101,0.003,53.55,0.138058545864,0.138058545864,0.13805854586409688
2018-06-22 10:09:48.681156,0.003,54.767,0.138058545864,0.138058545864,0.13805854586409688
2018-06-22 10:10:00.273861,0.003,54.75,0.138058545864,0.138058545864,0.13805854586409688
2018-06-22 10:10:11.822037,0.0,50.367,0.138058545864,0.138058545864,0.13805854586409688
2018-06-22 10:10:32.481599,0.0,54.633,0.138058545864,0.138058545864,0.13805854586409688
2018-06-22 10:10:44.142833,0.0,53.45,0.138058545864,0.138058545864,0.13805854586409688
2018-06-22 10:10:55.696201,0.0,54.7,0.138058545864,0.138058545864,0.13805854586409688
2018-06-22 10:11:07.342009,0.005,54.7,0.138058545864,0.138058545864,0.13805854586409688
2018-06-22 10:11:18.892173,0.005,54.767,0.138058545864,0.138058545864,0.13805854586409688
2018-06-22 10:11:30.484293,0.005,54.85,0.138058545864,0.138058545864,0.13805854586409688
2018-06-22 10:11:41.954183,0.003,54.833,0.138058545864,0.138058545864,0.13805854586409688
2018-06-22 10:11:53.490422,0.003,54.767,0.138058545864,0.138058545864,0.13805854586409688
2018-06-22 10:12:05.100479,0.0,55.68,0.138058545864,0.138058545864,0.13805854586409688
2018-06-22 10:12:16.696895,0.001,54.7,0.138058545864,0.138058545864,0.13805854586409688
2018-06-22 10:12:28.281167,0.001,54.783,0.138058545864,0.138058545864,0.13805854586409688
2018-06-22 10:12:39.762874,0.004,54.783,0.138058545864,0.138058545864,0.13805854586409688
2018-06-22 10:12:51.266487,0.004,54.633,0.138058545864,0.138058545864,0.13805854586409688
2018-06-22 10:13:02.883879,0.004,54.633,0.138058545864,0.138058545864,0.13805854586409688
2018-06-22 10:13:14.454831,0.002,53.543,0.138058545864,0.138058545864,0.13805854586409688
2018-06-22 10:13:26.088796,0.006,54.767,0.138058545864,0.138058545864,0.13805854586409688
2018-06-22 10:13:37.590669,0.006,53.3,0.138058545864,0.138058545864,0.13805854586409688
2018-06-22 10:13:49.091335,0.007,54.767,0.138058545864,0.138058545864,0.13805854586409688
2018-06-22 10:14:00.613780,0.011,54.783,0.138058545864,0.138058545864,0.13805854586409688
2018-06-22 10:14:12.149351,0.009,53.517,0.138058545864,0.138058545864,0.13805854586409688
2018-06-22 10:14:23.685795,0.009,54.75,0.138058545864,0.138058545864,0.13805854586409688
2018-06-22 10:14:35.408233,0.005,82.045,0.138058545864,0.138058545864,0.13805854586409688
2018-06-22 10:14:47.038635,0.0,55.0,0.138058545864,0.138058545864,0.13805854586409688
2018-06-22 10:14:58.669471,0.0,54.833,0.138058545864,0.138058545864,0.13805854586409688
2018-06-22 10:15:10.322052,0.0,54.833,0.138058545864,0.138058545864,0.13805854586409688
2018-06-22 10:15:21.943565,0.0,54.833,0.138058545864,0.138058545864,0.13805854586409688
2018-06-22 10:15:39.531032,0.0,55.0,0.138058545864,0.138058545864,0.13805854586409688
2018-06-22 10:15:51.097885,0.0,55.0,0.138058545864,0.138058545864,0.13805854586409688
2018-06-22 10:16:08.656361,0.0,55.0,0.138058545864,0.138058545864,0.13805854586409688
2018-06-22 10:16:20.519416,0.0,55.0,0.138058545864,0.138058545864,0.13805854586409688
2018-06-22 10:16:32.485608,0.0,55.0,0.138058545864,0.138058545864,0.13805854586409688
2018-06-22 10:16:44.429662,0.0,41.25,0.138058545864,0.138058545864,0.13805854586409688
2018-06-22 10:16:56.356185,0.005,55.0,0.138058545864,0.138058545864,0.13805854586409688
2018-06-22 10:17:08.265259,0.005,55.0,0.138058545864,0.138058545864,0.13805854586409688
2018-06-22 10:17:20.127094,0.005,55.0,0.138058545864,0.138058545864,0.13805854586409688
2018-06-22 10:17:31.993253,0.033,55.0,0.138058545864,0.138058545864,0.13805854586409688
2018-06-22 10:17:43.673687,0.033,55.0,0.138058545864,0.138058545864,0.13805854586409688
2018-06-22 10:17:55.560434,0.023,55.0,0.138058545864,0.138058545864,0.13805854586409688
2018-06-22 10:18:07.474376,0.023,55.0,0.138058545864,0.138058545864,0.13805854586409688
2018-06-22 10:18:19.357893,0.023,55.0,0.138058545864,0.138058545864,0.13805854586409688
2018-06-22 10:18:31.277283,0.0,27.5,0.138058545864,0.138058545864,0.13805854586409688
2018-06-22 10:18:43.136065,0.0,55.0,0.138058545864,0.138058545864,0.13805854586409688
2018-06-22 10:18:55.094411,0.0,55.0,0.138058545864,0.138058545864,0.13805854586409688
2018-06-22 10:19:07.010949,0.0,55.0,0.138058545864,0.138058545864,0.13805854586409688
2018-06-22 10:19:18.876586,0.0,55.0,0.138058545864,0.138058545864,0.13805854586409688
2018-06-22 10:19:30.772064,0.0,55.0,0.138058545864,0.138058545864,0.13805854586409688
2018-06-22 10:19:42.590795,0.0,55.0,0.138058545864,0.138058545864,0.13805854586409688
2018-06-22 10:19:54.523459,0.0,82.5,0.138058545864,0.138058545864,0.13805854586409688
2018-06-22 10:20:06.125715,0.0,55.0,0.138058545864,0.138058545864,0.13805854586409688
2018-06-22 10:20:17.733802,0.0,54.833,0.138058545864,0.138058545864,0.13805854586409688
2018-06-22 10:20:29.365478,0.0,54.833,0.138058545864,0.138058545864,0.13805854586409688
2018-06-22 10:20:41.055015,0.0,54.833,0.138058545864,0.138058545864,0.13805854586409688
2018-06-22 10:20:52.772556,0.0,55.0,0.138058545864,0.138058545864,0.13805854586409688
2018-06-22 10:21:04.461626,0.0,41.25,0.138058545864,0.138058545864,0.13805854586409688
2018-06-22 10:21:15.925562,0.0,53.833,0.138058545864,0.138058545864,0.13805854586409688
2018-06-22 10:21:27.427784,0.0,53.833,0.138058545864,0.138058545864,0.13805854586409688
2018-06-22 10:21:38.930396,0.0,55.0,0.138058545864,0.138058545864,0.13805854586409688
2018-06-22 10:21:50.534590,0.0,55.0,0.138058545864,0.138058545864,0.13805854586409688
2018-06-22 10:22:02.034388,0.0,23.571,0.138058545864,0.138058545864,0.13805854586409688
2018-06-22 10:22:13.530593,0.004,15.375,0.138058545864,0.138058545864,0.13805854586409688
2018-06-22 10:22:25.129272,0.002,44.154,0.138058545864,0.138058545864,0.13805854586409688
2018-06-22 10:22:44.952950,0.007,51.737,0.138058545864,0.138058545864,0.13805854586409688
2018-06-22 10:22:56.572925,0.006,54.633,0.138058545864,0.138058545864,0.13805854586409688
2018-06-22 10:23:08.160846,0.002,51.9,0.138058545864,0.138058545864,0.13805854586409688
2018-06-22 10:23:27.640324,0.001,51.867,0.138058545864,0.138058545864,0.13805854586409688
2018-06-22 10:23:39.216004,0.001,54.533,0.138058545864,0.138058545864,0.13805854586409688
2018-06-22 10:23:50.846110,0.004,54.45,0.138058545864,0.138058545864,0.13805854586409688
2018-06-22 10:24:02.419212,0.007,54.45,0.138058545864,0.138058545864,0.13805854586409688
2018-06-22 10:24:14.063841,0.006,40.95,0.138058545864,0.138058545864,0.13805854586409688
2018-06-22 10:24:31.211748,0.004,54.717,0.138058545864,0.138058545864,0.13805854586409688
2018-06-22 10:24:42.655997,0.004,54.75,0.138058545864,0.138058545864,0.13805854586409688
2018-06-22 10:24:54.165942,0.004,65.625,0.138058545864,0.138058545864,0.13805854586409688
2018-06-22 10:25:05.705617,0.003,54.717,0.138058545864,0.138058545864,0.13805854586409688
2018-06-22 10:25:17.201337,0.0,52.033,0.138058545864,0.138058545864,0.13805854586409688
2018-06-22 10:25:28.844408,0.0,54.8,0.138058545864,0.138058545864,0.13805854586409688
2018-06-22 10:25:40.416589,0.0,54.717,0.138058545864,0.138058545864,0.13805854586409688
2018-06-22 10:26:00.186475,0.0,54.65,0.138058545864,0.138058545864,0.13805854586409688
2018-06-22 10:26:11.740731,0.0,54.733,0.138058545864,0.138058545864,0.13805854586409688
2018-06-22 10:26:23.326408,0.0,54.767,0.138058545864,0.138058545864,0.13805854586409688
2018-06-22 10:26:34.955669,0.0,53.4,0.138058545864,0.138058545864,0.13805854586409688
2018-06-22 10:26:46.518647,0.005,54.767,0.138058545864,0.138058545864,0.13805854586409688
2018-06-22 10:26:58.073565,0.005,54.75,0.138058545864,0.138058545864,0.13805854586409688
2018-06-22 10:27:09.723674,0.005,54.733,0.138058545864,0.138058545864,0.13805854586409688
2018-06-22 10:27:21.298499,0.008,54.733,0.138058545864,0.138058545864,0.13805854586409688
2018-06-22 10:27:32.885606,0.012,54.75,0.138058545864,0.138058545864,0.13805854586409688
2018-06-22 10:27:44.475398,0.008,47.52,0.138058545864,0.138058545864,0.13805854586409688
2018-06-22 10:27:56.121943,0.01,54.7,0.138058545864,0.138058545864,0.13805854586409688
2018-06-22 10:28:07.731635,0.01,54.717,0.138058545864,0.138058545864,0.13805854586409688
2018-06-22 10:28:19.343189,0.004,46.4,0.138058545864,0.138058545864,0.13805854586409688
2018-06-22 10:28:30.897454,0.005,54.35,0.138058545864,0.138058545864,0.13805854586409688
2018-06-22 10:28:42.539431,0.005,54.817,0.138058545864,0.138058545864,0.13805854586409688
2018-06-22 10:28:54.180755,0.002,49.95,0.138058545864,0.138058545864,0.13805854586409688
2018-06-22 10:29:05.817925,0.004,54.65,0.138058545864,0.138058545864,0.13805854586409688
2018-06-22 10:29:17.326109,0.004,54.717,0.138058545864,0.138058545864,0.13805854586409688
2018-06-22 10:29:28.853704,0.004,54.75,0.138058545864,0.138058545864,0.13805854586409688
2018-06-22 10:29:40.490005,0.004,54.817,0.138058545864,0.138058545864,0.13805854586409688
2018-06-22 10:29:52.254610,0.003,58.667,0.138058545864,0.138058545864,0.13805854586409688
2018-06-22 10:30:12.096250,0.004,67.667,0.138058545864,0.138058545864,0.13805854586409688
2018-06-22 10:30:29.630030,0.004,55.0,0.138058545864,0.138058545864,0.13805854586409688
2018-06-22 10:30:47.006611,0.023,55.0,0.138058545864,0.138058545864,0.13805854586409688
2018-06-22 10:30:59.008839,0.023,55.0,0.138058545864,0.138058545864,0.13805854586409688
2018-06-22 10:31:10.932466,0.023,55.0,0.138058545864,0.138058545864,0.13805854586409688
2018-06-22 10:31:22.802517,0.023,55.0,0.138058545864,0.138058545864,0.13805854586409688
2018-06-22 10:31:34.708219,0.0,41.25,0.138058545864,0.138058545864,0.13805854586409688
2018-06-22 10:31:46.553435,0.004,55.0,0.138058545864,0.138058545864,0.13805854586409688
2018-06-22 10:31:58.430256,0.004,55.0,0.138058545864,0.138058545864,0.13805854586409688
2018-06-22 10:32:10.348401,0.0,55.0,0.138058545864,0.138058545864,0.13805854586409688
2018-06-22 10:32:22.237545,0.0,55.0,0.138058545864,0.138058545864,0.13805854586409688
2018-06-22 10:32:34.202823,0.0,82.5,0.138058545864,0.138058545864,0.13805854586409688
2018-06-22 10:32:46.073944,0.0,55.0,0.138058545864,0.138058545864,0.13805854586409688
2018-06-22 10:32:57.724513,0.0,55.0,0.138058545864,0.138058545864,0.13805854586409688
2018-06-22 10:33:09.303123,0.0,55.0,0.138058545864,0.138058545864,0.13805854586409688
2018-06-22 10:33:20.917353,0.0,55.0,0.138058545864,0.138058545864,0.13805854586409688
2018-06-22 10:33:32.584873,0.0,55.0,0.138058545864,0.138058545864,0.13805854586409688
2018-06-22 10:33:44.298114,0.0,41.25,0.138058545864,0.138058545864,0.13805854586409688
2018-06-22 10:33:55.999230,0.0,55.0,0.138058545864,0.138058545864,0.13805854586409688
2018-06-22 10:34:07.663950,0.0,55.0,0.138058545864,0.138058545864,0.13805854586409688
2018-06-22 10:34:19.300216,0.0,55.0,0.138058545864,0.138058545864,0.13805854586409688
2018-06-22 10:34:30.998993,0.0,55.0,0.138058545864,0.138058545864,0.13805854586409688
2018-06-22 10:34:42.659907,0.0,55.0,0.138058545864,0.138058545864,0.13805854586409688
2018-06-22 10:34:54.411386,0.0,41.25,0.138058545864,0.138058545864,0.13805854586409688
2018-06-22 10:35:06.018289,0.0,55.0,0.138058545864,0.138058545864,0.13805854586409688
2018-06-22 10:35:17.628488,0.0,55.0,0.138058545864,0.138058545864,0.13805854586409688
2018-06-22 10:35:29.248322,0.0,54.833,0.138058545864,0.138058545864,0.13805854586409688
2018-06-22 10:35:40.911152,0.0,54.833,0.138058545864,0.138058545864,0.13805854586409688
2018-06-22 10:35:52.565557,0.0,54.833,0.138058545864,0.138058545864,0.13805854586409688
2018-06-22 10:36:04.251480,0.0,82.5,0.138058545864,0.138058545864,0.13805854586409688
2018-06-22 10:36:16.093939,0.0,55.0,0.138058545864,0.138058545864,0.13805854586409688
2018-06-22 10:36:27.933191,0.0,55.0,0.138058545864,0.138058545864,0.13805854586409688
2018-06-22 10:36:39.792474,0.0,55.0,0.138058545864,0.138058545864,0.13805854586409688
2018-06-22 10:36:51.672002,0.0,55.0,0.138058545864,0.138058545864,0.13805854586409688
2018-06-22 10:37:03.598306,0.004,55.0,0.138058545864,0.138058545864,0.13805854586409688
2018-06-22 10:37:15.473120,0.002,27.333,0.138058545864,0.138058545864,0.13805854586409688
2018-06-22 10:37:27.000434,0.006,10.967,0.138058545864,0.138058545864,0.13805854586409688
2018-06-22 10:37:38.610764,0.004,37.562,0.138058545864,0.138058545864,0.13805854586409688
2018-06-22 10:37:58.142676,0.004,54.6,0.138058545864,0.138058545864,0.13805854586409688
2018-06-22 10:38:09.709802,0.004,54.617,0.138058545864,0.138058545864,0.13805854586409688
2018-06-22 10:38:21.296682,0.004,53.367,0.138058545864,0.138058545864,0.13805854586409688
2018-06-22 10:38:32.848575,0.001,51.9,0.138058545864,0.138058545864,0.13805854586409688
2018-06-22 10:38:44.457096,0.0,65.55,0.138058545864,0.138058545864,0.13805854586409688
2018-06-22 10:38:56.202200,0.002,54.7,0.138058545864,0.138058545864,0.13805854586409688
2018-06-22 10:39:07.846023,0.002,54.667,0.138058545864,0.138058545864,0.13805854586409688
2018-06-22 10:39:19.456812,0.004,54.55,0.138058545864,0.138058545864,0.13805854586409688
2018-06-22 10:39:30.992120,0.004,54.433,0.138058545864,0.138058545864,0.13805854586409688
2018-06-22 10:39:42.591798,0.004,54.483,0.138058545864,0.138058545864,0.13805854586409688
2018-06-22 10:40:02.589543,0.002,54.717,0.138058545864,0.138058545864,0.13805854586409688
2018-06-22 10:40:14.277413,0.0,60.327,0.138058545864,0.138058545864,0.13805854586409688
2018-06-22 10:40:25.903087,0.003,54.767,0.138058545864,0.138058545864,0.13805854586409688
2018-06-22 10:40:37.477040,0.003,54.783,0.138058545864,0.138058545864,0.13805854586409688
2018-06-22 10:40:49.040113,0.002,52.033,0.138058545864,0.138058545864,0.13805854586409688
2018-06-22 10:41:00.653584,0.002,54.767,0.138058545864,0.138058545864,0.13805854586409688
2018-06-22 10:41:12.285388,0.002,54.8,0.138058545864,0.138058545864,0.13805854586409688
2018-06-22 10:41:23.887702,0.002,54.7,0.138058545864,0.138058545864,0.13805854586409688
2018-06-22 10:41:35.464600,0.003,50.741,0.138058545864,0.138058545864,0.13805854586409688
2018-06-22 10:41:52.553862,0.002,51.883,0.138058545864,0.138058545864,0.13805854586409688
2018-06-22 10:42:04.139340,0.002,41.025,0.138058545864,0.138058545864,0.13805854586409688
2018-06-22 10:42:15.672979,0.008,54.633,0.138058545864,0.138058545864,0.13805854586409688
2018-06-22 10:42:27.176324,0.008,54.567,0.138058545864,0.138058545864,0.13805854586409688
2018-06-22 10:42:38.706052,0.007,54.667,0.138058545864,0.138058545864,0.13805854586409688
2018-06-22 10:42:50.154639,0.007,54.667,0.138058545864,0.138058545864,0.13805854586409688
2018-06-22 10:43:01.734313,0.007,54.75,0.138058545864,0.138058545864,0.13805854586409688
2018-06-22 10:43:13.364364,0.007,47.683,0.138058545864,0.138058545864,0.13805854586409688
2018-06-22 10:43:25.142557,0.008,52.4,0.138058545864,0.138058545864,0.13805854586409688
2018-06-22 10:43:44.787842,0.007,57.061,0.138058545864,0.138058545864,0.13805854586409688
2018-06-22 10:43:56.490056,0.006,54.767,0.138058545864,0.138058545864,0.13805854586409688
2018-06-22 10:44:08.048880,0.006,54.75,0.138058545864,0.138058545864,0.13805854586409688
2018-06-22 10:44:19.644664,0.008,54.767,0.138058545864,0.138058545864,0.13805854586409688
2018-06-22 10:44:31.218840,0.008,54.767,0.138058545864,0.138058545864,0.13805854586409688
2018-06-22 10:44:42.757746,0.002,49.317,0.138058545864,0.138058545864,0.13805854586409688
2018-06-22 10:45:02.547678,0.002,54.733,0.138058545864,0.138058545864,0.13805854586409688
2018-06-22 10:45:14.176769,0.0,72.864,0.138058545864,0.138058545864,0.13805854586409688
2018-06-22 10:45:25.808929,0.01,58.0,0.138058545864,0.138058545864,0.13805854586409688
2018-06-22 10:45:37.409509,0.01,54.833,0.138058545864,0.138058545864,0.13805854586409688
2018-06-22 10:45:54.977223,0.0,41.25,0.138058545864,0.138058545864,0.13805854586409688
2018-06-22 10:46:12.503172,0.0,55.0,0.138058545864,0.138058545864,0.13805854586409688
2018-06-22 10:46:24.074421,0.0,41.25,0.138058545864,0.138058545864,0.13805854586409688
2018-06-22 10:46:35.672292,0.0,55.0,0.138058545864,0.138058545864,0.13805854586409688
2018-06-22 10:46:47.242331,0.0,55.0,0.138058545864,0.138058545864,0.13805854586409688
2018-06-22 10:46:58.789184,0.0,55.0,0.138058545864,0.138058545864,0.13805854586409688
2018-06-22 10:47:10.338301,0.0,55.0,0.138058545864,0.138058545864,0.13805854586409688
2018-06-22 10:47:21.923202,0.0,55.0,0.138058545864,0.138058545864,0.13805854586409688
2018-06-22 10:47:33.505254,0.0,55.0,0.138058545864,0.138058545864,0.13805854586409688
2018-06-22 10:47:45.066562,0.0,66.0,0.138058545864,0.138058545864,0.13805854586409688
2018-06-22 10:47:56.826440,0.0,53.833,0.138058545864,0.138058545864,0.13805854586409688
2018-06-22 10:48:08.657243,0.0,53.833,0.138058545864,0.138058545864,0.13805854586409688
2018-06-22 10:48:20.293722,0.0,53.833,0.138058545864,0.138058545864,0.13805854586409688
2018-06-22 10:48:31.940837,0.0,55.0,0.138058545864,0.138058545864,0.13805854586409688
2018-06-22 10:48:43.652260,0.0,55.0,0.138058545864,0.138058545864,0.13805854586409688
2018-06-22 10:48:55.335601,0.0,55.0,0.138058545864,0.138058545864,0.13805854586409688
2018-06-22 10:49:06.927654,0.0,55.0,0.138058545864,0.138058545864,0.13805854586409688
2018-06-22 10:49:18.548303,0.0,55.0,0.138058545864,0.138058545864,0.13805854586409688
2018-06-22 10:49:30.142289,0.0,55.0,0.138058545864,0.138058545864,0.13805854586409688
2018-06-22 10:49:41.737499,0.0,55.0,0.138058545864,0.138058545864,0.13805854586409688
2018-06-22 10:49:53.371461,0.0,55.0,0.138058545864,0.138058545864,0.13805854586409688
2018-06-22 10:50:05.374991,0.0,55.0,0.138058545864,0.138058545864,0.13805854586409688
2018-06-22 10:50:17.236442,0.0,55.0,0.138058545864,0.138058545864,0.13805854586409688
2018-06-22 10:50:29.161350,0.0,55.0,0.138058545864,0.138058545864,0.13805854586409688
2018-06-22 10:50:41.065938,0.022,55.0,0.138058545864,0.138058545864,0.13805854586409688
2018-06-22 10:50:52.958235,0.022,55.0,0.138058545864,0.138058545864,0.13805854586409688
2018-06-22 10:51:04.868583,0.0,41.25,0.138058545864,0.138058545864,0.13805854586409688
2018-06-22 10:51:16.813639,0.045,55.0,0.138058545864,0.138058545864,0.13805854586409688
2018-06-22 10:51:28.682327,0.045,55.0,0.138058545864,0.138058545864,0.13805854586409688
2018-06-22 10:51:40.513124,0.017,40.0,0.138058545864,0.138058545864,0.13805854586409688
2018-06-22 10:51:52.385000,0.017,54.833,0.138058545864,0.138058545864,0.13805854586409688
2018-06-22 10:52:04.377306,0.0,63.5,0.138058545864,0.138058545864,0.13805854586409688
2018-06-22 10:52:16.358695,0.0,55.0,0.138058545864,0.138058545864,0.13805854586409688
2018-06-22 10:52:28.322664,0.0,55.0,0.138058545864,0.138058545864,0.13805854586409688
2018-06-22 10:52:40.305743,0.0,20.625,0.138058545864,0.138058545864,0.13805854586409688
2018-06-22 10:52:51.886289,0.0,9.676,0.138058545864,0.138058545864,0.13805854586409688
2018-06-22 10:53:03.480782,0.0,34.519,0.138058545864,0.138058545864,0.13805854586409688
2018-06-22 10:53:23.144870,0.0,54.383,0.138058545864,0.138058545864,0.13805854586409688
2018-06-22 10:53:34.702200,0.001,53.596,0.138058545864,0.138058545864,0.13805854586409688
2018-06-22 10:53:46.333837,0.001,54.617,0.138058545864,0.138058545864,0.13805854586409688
2018-06-22 10:54:06.030069,0.002,54.367,0.138058545864,0.138058545864,0.13805854586409688
2018-06-22 10:54:17.637232,0.002,54.417,0.138058545864,0.138058545864,0.13805854586409688
2018-06-22 10:54:29.271478,0.002,54.617,0.138058545864,0.138058545864,0.13805854586409688
2018-06-22 10:54:40.806373,0.006,54.6,0.138058545864,0.138058545864,0.13805854586409688
2018-06-22 10:54:52.308529,0.006,54.6,0.138058545864,0.138058545864,0.13805854586409688
2018-06-22 10:55:03.861362,0.006,54.517,0.138058545864,0.138058545864,0.13805854586409688
2018-06-22 10:55:15.570016,0.004,53.564,0.138058545864,0.138058545864,0.13805854586409688
2018-06-22 10:55:27.084638,0.003,54.75,0.138058545864,0.138058545864,0.13805854586409688
2018-06-22 10:55:38.635204,0.005,52.017,0.138058545864,0.138058545864,0.13805854586409688
2018-06-22 10:55:50.113074,0.005,54.733,0.138058545864,0.138058545864,0.13805854586409688
2018-06-22 10:56:01.660630,0.006,54.75,0.138058545864,0.138058545864,0.13805854586409688
2018-06-22 10:56:13.221580,0.004,52.067,0.138058545864,0.138058545864,0.13805854586409688
2018-06-22 10:56:24.797688,0.008,50.692,0.138058545864,0.138058545864,0.13805854586409688
2018-06-22 10:56:36.456987,0.008,54.833,0.138058545864,0.138058545864,0.13805854586409688
2018-06-22 10:56:48.089150,0.008,54.833,0.138058545864,0.138058545864,0.13805854586409688
2018-06-22 10:56:59.689120,0.009,54.817,0.138058545864,0.138058545864,0.13805854586409688
2018-06-22 10:57:11.170526,0.007,52.067,0.138058545864,0.138058545864,0.13805854586409688
2018-06-22 10:57:22.674315,0.007,54.8,0.138058545864,0.138058545864,0.13805854586409688
2018-06-22 10:57:34.278185,0.011,73.925,0.138058545864,0.138058545864,0.13805854586409688
2018-06-22 10:57:51.393397,0.008,54.65,0.138058545864,0.138058545864,0.13805854586409688
2018-06-22 10:58:02.948662,0.008,54.667,0.138058545864,0.138058545864,0.13805854586409688
2018-06-22 10:58:14.436897,0.01,49.978,0.138058545864,0.138058545864,0.13805854586409688
2018-06-22 10:58:25.861235,0.004,49.35,0.138058545864,0.138058545864,0.13805854586409688
2018-06-22 10:58:37.353677,0.004,54.8,0.138058545864,0.138058545864,0.13805854586409688
2018-06-22 10:58:48.922232,0.004,54.65,0.138058545864,0.138058545864,0.13805854586409688
2018-06-22 10:59:00.389168,0.0,49.25,0.138058545864,0.138058545864,0.13805854586409688
2018-06-22 10:59:20.171122,0.0,54.75,0.138058545864,0.138058545864,0.13805854586409688
2018-06-22 10:59:40.016400,0.0,54.733,0.138058545864,0.138058545864,0.13805854586409688
2018-06-22 10:59:51.595781,0.0,54.667,0.138058545864,0.138058545864,0.13805854586409688
2018-06-22 11:00:03.176113,0.0,54.7,0.138058545864,0.138058545864,0.13805854586409688
2018-06-22 11:00:14.903160,0.0,50.635,0.138058545864,0.138058545864,0.13805854586409688
2018-06-22 11:00:26.461821,0.002,54.783,0.138058545864,0.138058545864,0.13805854586409688
2018-06-22 11:00:37.968473,0.003,62.595,0.138058545864,0.138058545864,0.13805854586409688
2018-06-22 11:00:49.569276,0.005,47.708,0.138058545864,0.138058545864,0.13805854586409688
2018-06-22 11:01:01.197109,0.0,53.833,0.138058545864,0.138058545864,0.13805854586409688
2018-06-22 11:01:12.834446,0.0,53.833,0.138058545864,0.138058545864,0.13805854586409688
2018-06-22 11:01:30.175154,0.0,55.0,0.138058545864,0.138058545864,0.13805854586409688
2018-06-22 11:01:41.882845,0.0,55.0,0.138058545864,0.138058545864,0.13805854586409688
2018-06-22 11:01:59.676626,0.0,55.0,0.138058545864,0.138058545864,0.13805854586409688
2018-06-22 11:02:11.288472,0.0,55.0,0.138058545864,0.138058545864,0.13805854586409688
2018-06-22 11:02:22.930108,0.0,55.0,0.138058545864,0.138058545864,0.13805854586409688
2018-06-22 11:02:34.561618,0.0,41.25,0.138058545864,0.138058545864,0.13805854586409688
2018-06-22 11:02:46.232142,0.0,55.0,0.138058545864,0.138058545864,0.13805854586409688
2018-06-22 11:02:58.220925,0.0,55.0,0.138058545864,0.138058545864,0.13805854586409688
2018-06-22 11:03:10.165167,0.0,11.0,0.138058545864,0.138058545864,0.13805854586409688
2018-06-22 11:03:21.736974,0.002,21.662,0.138058545864,0.138058545864,0.13805854586409688
2018-06-22 11:03:42.064115,0.007,53.233,0.138058545864,0.138058545864,0.13805854586409688
2018-06-22 11:04:02.034954,0.008,54.625,0.138058545864,0.138058545864,0.13805854586409688
2018-06-22 11:04:22.213644,0.006,53.083,0.138058545864,0.138058545864,0.13805854586409688
2018-06-22 11:04:39.024131,0.002,49.425,0.138058545864,0.138058545864,0.13805854586409688
2018-06-22 11:04:50.442709,0.005,54.65,0.138058545864,0.138058545864,0.13805854586409688
2018-06-22 11:05:01.897948,0.005,54.65,0.138058545864,0.138058545864,0.13805854586409688
2018-06-22 11:05:13.382710,0.006,54.525,0.138058545864,0.138058545864,0.13805854586409688
2018-06-22 11:05:24.894013,0.005,58.357,0.138058545864,0.138058545864,0.13805854586409688
2018-06-22 11:05:36.366201,0.004,53.317,0.138058545864,0.138058545864,0.13805854586409688
2018-06-22 11:05:47.808688,0.005,54.733,0.138058545864,0.138058545864,0.13805854586409688
2018-06-22 11:05:59.293151,0.007,53.4,0.138058545864,0.138058545864,0.13805854586409688
2018-06-22 11:06:10.881035,0.006,56.682,0.138058545864,0.138058545864,0.13805854586409688
2018-06-22 11:06:22.481509,0.0,32.333,0.138058545864,0.138058545864,0.13805854586409688
2018-06-22 11:06:34.115672,0.0,41.25,0.138058545864,0.138058545864,0.13805854586409688
2018-06-22 11:06:45.802474,0.0,55.0,0.138058545864,0.138058545864,0.13805854586409688
2018-06-22 11:06:57.403290,0.0,55.0,0.138058545864,0.138058545864,0.13805854586409688
2018-06-22 11:07:08.897144,0.0,55.0,0.138058545864,0.138058545864,0.13805854586409688
2018-06-22 11:07:20.385584,0.0,55.0,0.138058545864,0.138058545864,0.13805854586409688
2018-06-22 11:07:31.863335,0.0,54.833,0.138058545864,0.138058545864,0.13805854586409688
2018-06-22 11:07:43.391109,0.0,54.833,0.138058545864,0.138058545864,0.13805854586409688
2018-06-22 11:07:55.054936,0.0,41.25,0.138058545864,0.138058545864,0.13805854586409688
2018-06-22 11:08:06.629814,0.0,55.0,0.138058545864,0.138058545864,0.13805854586409688
2018-06-22 11:08:18.359109,0.0,55.0,0.138058545864,0.138058545864,0.13805854586409688
2018-06-22 11:08:30.015627,0.0,27.5,0.138058545864,0.138058545864,0.13805854586409688
2018-06-22 11:08:41.688848,0.0,10.967,0.138058545864,0.138058545864,0.13805854586409688
2018-06-22 11:08:53.329641,0.0,37.562,0.138058545864,0.138058545864,0.13805854586409688
2018-06-22 11:09:13.327885,0.003,54.617,0.138058545864,0.138058545864,0.13805854586409688
2018-06-22 11:09:25.157191,0.002,59.04,0.138058545864,0.138058545864,0.13805854586409688
2018-06-22 11:09:36.689879,0.004,54.75,0.138058545864,0.138058545864,0.13805854586409688
2018-06-22 11:09:48.326366,0.004,54.667,0.138058545864,0.138058545864,0.13805854586409688
2018-06-22 11:09:59.849660,0.004,54.683,0.138058545864,0.138058545864,0.13805854586409688
2018-06-22 11:10:11.366413,0.006,54.6,0.138058545864,0.138058545864,0.13805854586409688
2018-06-22 11:10:22.952331,0.006,54.533,0.138058545864,0.138058545864,0.13805854586409688
2018-06-22 11:10:42.612456,0.004,54.433,0.138058545864,0.138058545864,0.13805854586409688
2018-06-22 11:10:54.297220,0.006,67.556,0.138058545864,0.138058545864,0.13805854586409688
2018-06-22 11:11:05.929754,0.004,54.6,0.138058545864,0.138058545864,0.13805854586409688
2018-06-22 11:11:17.481820,0.004,54.683,0.138058545864,0.138058545864,0.13805854586409688
2018-06-22 11:11:29.045531,0.004,54.717,0.138058545864,0.138058545864,0.13805854586409688
2018-06-22 11:11:40.683882,0.002,52.1,0.138058545864,0.138058545864,0.13805854586409688
2018-06-22 11:11:52.440970,0.002,54.9,0.138058545864,0.138058545864,0.13805854586409688
2018-06-22 11:12:04.073598,0.002,49.35,0.138058545864,0.138058545864,0.13805854586409688
2018-06-22 11:12:15.668222,0.002,50.596,0.138058545864,0.138058545864,0.13805854586409688
2018-06-22 11:12:27.140739,0.0,52.067,0.138058545864,0.138058545864,0.13805854586409688
2018-06-22 11:12:38.718398,0.0,54.783,0.138058545864,0.138058545864,0.13805854586409688
2018-06-22 11:12:50.333969,0.001,54.717,0.138058545864,0.138058545864,0.13805854586409688
2018-06-22 11:13:01.831775,0.001,54.717,0.138058545864,0.138058545864,0.13805854586409688
2018-06-22 11:13:13.320563,0.001,54.683,0.138058545864,0.138058545864,0.13805854586409688
2018-06-22 11:13:24.940484,0.011,78.075,0.138058545864,0.138058545864,0.13805854586409688
2018-06-22 11:13:36.710992,0.007,54.833,0.138058545864,0.138058545864,0.13805854586409688
2018-06-22 11:13:48.247112,0.007,54.617,0.138058545864,0.138058545864,0.13805854586409688
2018-06-22 11:13:59.819594,0.007,54.617,0.138058545864,0.138058545864,0.13805854586409688
2018-06-22 11:14:11.329919,0.007,54.5,0.138058545864,0.138058545864,0.13805854586409688
2018-06-22 11:14:22.848883,0.007,46.25,0.138058545864,0.138058545864,0.13805854586409688
2018-06-22 11:14:34.450449,0.008,52.468,0.138058545864,0.138058545864,0.13805854586409688
2018-06-22 11:14:46.121278,0.002,52.25,0.138058545864,0.138058545864,0.13805854586409688
2018-06-22 11:14:57.603962,0.002,54.75,0.138058545864,0.138058545864,0.13805854586409688
2018-06-22 11:15:09.213930,0.002,54.583,0.138058545864,0.138058545864,0.13805854586409688
2018-06-22 11:15:20.862339,0.004,53.133,0.138058545864,0.138058545864,0.13805854586409688
2018-06-22 11:15:32.510366,0.004,54.65,0.138058545864,0.138058545864,0.13805854586409688
2018-06-22 11:15:44.144693,0.0,59.8,0.138058545864,0.138058545864,0.13805854586409688
2018-06-22 11:15:55.765903,0.002,55.792,0.138058545864,0.138058545864,0.13805854586409688
2018-06-22 11:16:07.391842,0.002,54.733,0.138058545864,0.138058545864,0.13805854586409688
2018-06-22 11:16:19.039423,0.003,62.545,0.138058545864,0.138058545864,0.13805854586409688
2018-06-22 11:16:30.657424,0.005,77.538,0.138058545864,0.138058545864,0.13805854586409688
2018-06-22 11:16:42.346781,0.015,67.25,0.138058545864,0.138058545864,0.13805854586409688
2018-06-22 11:16:59.955311,0.005,53.833,0.138058545864,0.138058545864,0.13805854586409688
2018-06-22 11:17:17.200517,0.005,53.833,0.138058545864,0.138058545864,0.13805854586409688
2018-06-22 11:17:29.091142,0.032,55.0,0.138058545864,0.138058545864,0.13805854586409688
2018-06-22 11:17:41.045344,0.032,55.0,0.138058545864,0.138058545864,0.13805854586409688
2018-06-22 11:17:52.655951,0.032,55.0,0.138058545864,0.138058545864,0.13805854586409688
2018-06-22 11:18:04.599427,0.034,82.5,0.138058545864,0.138058545864,0.13805854586409688
2018-06-22 11:18:16.509142,0.023,55.0,0.138058545864,0.138058545864,0.13805854586409688
2018-06-22 11:18:28.383720,0.0,27.5,0.138058545864,0.138058545864,0.13805854586409688
2018-06-22 11:18:40.290778,0.0,55.0,0.138058545864,0.138058545864,0.13805854586409688
2018-06-22 11:18:52.126095,0.0,55.0,0.138058545864,0.138058545864,0.13805854586409688
2018-06-22 11:19:03.853457,0.0,55.0,0.138058545864,0.138058545864,0.13805854586409688
2018-06-22 11:19:15.817541,0.0,55.0,0.138058545864,0.138058545864,0.13805854586409688
2018-06-22 11:19:27.707351,0.0,55.0,0.138058545864,0.138058545864,0.13805854586409688
2018-06-22 11:19:39.630891,0.0,55.0,0.138058545864,0.138058545864,0.13805854586409688
2018-06-22 11:19:51.409486,0.0,55.0,0.138058545864,0.138058545864,0.13805854586409688
2018-06-22 11:20:03.113959,0.0,55.0,0.138058545864,0.138058545864,0.13805854586409688
2018-06-22 11:20:14.803154,0.0,33.0,0.138058545864,0.138058545864,0.13805854586409688
2018-06-22 11:20:26.453603,0.0,55.0,0.138058545864,0.138058545864,0.13805854586409688
2018-06-22 11:20:38.136140,0.0,54.833,0.138058545864,0.138058545864,0.13805854586409688
2018-06-22 11:20:49.752362,0.0,54.833,0.138058545864,0.138058545864,0.13805854586409688
2018-06-22 11:21:01.470201,0.0,54.833,0.138058545864,0.138058545864,0.13805854586409688
2018-06-22 11:21:13.123889,0.0,55.0,0.138058545864,0.138058545864,0.13805854586409688
2018-06-22 11:21:24.765592,0.0,82.5,0.138058545864,0.138058545864,0.13805854586409688
2018-06-22 11:21:36.436278,0.0,55.0,0.138058545864,0.138058545864,0.13805854586409688
2018-06-22 11:21:48.110004,0.0,55.0,0.138058545864,0.138058545864,0.13805854586409688
2018-06-22 11:21:59.753231,0.0,55.0,0.138058545864,0.138058545864,0.13805854586409688
2018-06-22 11:22:11.504259,0.0,55.0,0.138058545864,0.138058545864,0.13805854586409688
2018-06-22 11:22:23.178880,0.0,55.0,0.138058545864,0.138058545864,0.13805854586409688
2018-06-22 11:22:34.720222,0.0,41.25,0.138058545864,0.138058545864,0.13805854586409688
2018-06-22 11:22:46.358806,0.0,55.0,0.138058545864,0.138058545864,0.13805854586409688
2018-06-22 11:22:58.220463,0.0,55.0,0.138058545864,0.138058545864,0.13805854586409688
2018-06-22 11:23:10.036182,0.0,55.0,0.138058545864,0.138058545864,0.13805854586409688
2018-06-22 11:23:21.932512,0.0,55.0,0.138058545864,0.138058545864,0.13805854586409688
2018-06-22 11:23:33.656820,0.0,55.0,0.138058545864,0.138058545864,0.13805854586409688
2018-06-22 11:23:45.547627,0.019,41.25,0.138058545864,0.138058545864,0.13805854586409688
2018-06-22 11:23:57.381167,0.006,12.692,0.138058545864,0.138058545864,0.13805854586409688
2018-06-22 11:24:09.033108,0.004,41.0,0.138058545864,0.138058545864,0.13805854586409688
2018-06-22 11:24:28.689971,0.003,54.633,0.138058545864,0.138058545864,0.13805854586409688
2018-06-22 11:24:48.325314,0.006,54.65,0.138058545864,0.138058545864,0.13805854586409688
2018-06-22 11:24:59.876158,0.006,54.65,0.138058545864,0.138058545864,0.13805854586409688
2018-06-22 11:25:11.409496,0.006,54.683,0.138058545864,0.138058545864,0.13805854586409688
2018-06-22 11:25:23.012583,0.002,51.933,0.138058545864,0.138058545864,0.13805854586409688
2018-06-22 11:25:34.539852,0.002,50.462,0.138058545864,0.138058545864,0.13805854586409688
2018-06-22 11:25:46.121003,0.002,54.667,0.138058545864,0.138058545864,0.13805854586409688
2018-06-22 11:25:57.682683,0.002,54.65,0.138058545864,0.138058545864,0.13805854586409688
2018-06-22 11:26:09.269803,0.002,54.7,0.138058545864,0.138058545864,0.13805854586409688
2018-06-22 11:26:20.796799,0.0,51.967,0.138058545864,0.138058545864,0.13805854586409688
2018-06-22 11:26:32.381428,0.0,54.767,0.138058545864,0.138058545864,0.13805854586409688
2018-06-22 11:26:43.992482,0.0,56.776,0.138058545864,0.138058545864,0.13805854586409688
2018-06-22 11:26:55.588603,0.0,49.54,0.138058545864,0.138058545864,0.13805854586409688
2018-06-22 11:27:07.081748,0.0,54.8,0.138058545864,0.138058545864,0.13805854586409688
2018-06-22 11:27:18.614076,0.0,54.8,0.138058545864,0.138058545864,0.13805854586409688
2018-06-22 11:27:30.205049,0.0,54.767,0.138058545864,0.138058545864,0.13805854586409688
2018-06-22 11:27:41.795773,0.004,54.75,0.138058545864,0.138058545864,0.13805854586409688
2018-06-22 11:27:53.305319,0.004,54.75,0.138058545864,0.138058545864,0.13805854586409688
2018-06-22 11:28:04.748092,0.009,50.769,0.138058545864,0.138058545864,0.13805854586409688
2018-06-22 11:28:16.288420,0.012,54.933,0.138058545864,0.138058545864,0.13805854586409688
2018-06-22 11:28:27.912067,0.012,54.817,0.138058545864,0.138058545864,0.13805854586409688
2018-06-22 11:28:39.483302,0.013,53.367,0.138058545864,0.138058545864,0.13805854586409688
2018-06-22 11:28:50.941457,0.013,54.767,0.138058545864,0.138058545864,0.13805854586409688
2018-06-22 11:29:02.496512,0.013,54.8,0.138058545864,0.138058545864,0.13805854586409688
2018-06-22 11:29:14.095064,0.009,61.325,0.138058545864,0.138058545864,0.13805854586409688
2018-06-22 11:29:25.673965,0.006,54.65,0.138058545864,0.138058545864,0.13805854586409688
2018-06-22 11:29:37.141792,0.001,49.417,0.138058545864,0.138058545864,0.13805854586409688
2018-06-22 11:29:48.711767,0.001,54.667,0.138058545864,0.138058545864,0.13805854586409688
2018-06-22 11:30:00.294686,0.001,54.75,0.138058545864,0.138058545864,0.13805854586409688
2018-06-22 11:30:11.843305,0.004,54.767,0.138058545864,0.138058545864,0.13805854586409688
2018-06-22 11:30:23.360778,0.004,54.783,0.138058545864,0.138058545864,0.13805854586409688
2018-06-22 11:30:35.082000,0.0,69.85,0.138058545864,0.138058545864,0.13805854586409688
2018-06-22 11:30:46.838717,0.006,54.783,0.138058545864,0.138058545864,0.13805854586409688
2018-06-22 11:30:58.490025,0.006,54.767,0.138058545864,0.138058545864,0.13805854586409688
2018-06-22 11:31:10.146463,0.004,52.017,0.138058545864,0.138058545864,0.13805854586409688
2018-06-22 11:31:21.628216,0.004,54.733,0.138058545864,0.138058545864,0.13805854586409688
2018-06-22 11:31:33.293702,0.004,54.667,0.138058545864,0.138058545864,0.13805854586409688
2018-06-22 11:31:53.124663,0.004,46.857,0.138058545864,0.138058545864,0.13805854586409688
2018-06-22 11:32:10.814540,0.0,55.0,0.138058545864,0.138058545864,0.13805854586409688
2018-06-22 11:32:28.447395,0.0,55.0,0.138058545864,0.138058545864,0.13805854586409688
2018-06-22 11:32:45.814997,0.0,55.0,0.138058545864,0.138058545864,0.13805854586409688
2018-06-22 11:32:57.409790,0.0,55.0,0.138058545864,0.138058545864,0.13805854586409688
2018-06-22 11:33:09.311899,0.0,55.0,0.138058545864,0.138058545864,0.13805854586409688
2018-06-22 11:33:20.986205,0.0,55.0,0.138058545864,0.138058545864,0.13805854586409688
2018-06-22 11:33:32.576534,0.0,55.0,0.138058545864,0.138058545864,0.13805854586409688
2018-06-22 11:33:44.180709,0.0,41.25,0.138058545864,0.138058545864,0.13805854586409688
2018-06-22 11:33:55.819474,0.0,55.0,0.138058545864,0.138058545864,0.13805854586409688
2018-06-22 11:34:07.436227,0.0,55.0,0.138058545864,0.138058545864,0.13805854586409688
2018-06-22 11:34:19.132866,0.0,55.0,0.138058545864,0.138058545864,0.13805854586409688
2018-06-22 11:34:30.777973,0.0,55.0,0.138058545864,0.138058545864,0.13805854586409688
2018-06-22 11:34:42.487838,0.0,55.0,0.138058545864,0.138058545864,0.13805854586409688
2018-06-22 11:34:54.167088,0.0,41.25,0.138058545864,0.138058545864,0.13805854586409688
2018-06-22 11:35:05.712632,0.0,55.0,0.138058545864,0.138058545864,0.13805854586409688
2018-06-22 11:35:17.337410,0.0,55.0,0.138058545864,0.138058545864,0.13805854586409688
2018-06-22 11:35:28.948786,0.0,55.0,0.138058545864,0.138058545864,0.13805854586409688
2018-06-22 11:35:40.819811,0.0,55.0,0.138058545864,0.138058545864,0.13805854586409688
2018-06-22 11:35:52.713454,0.0,55.0,0.138058545864,0.138058545864,0.13805854586409688
2018-06-22 11:36:04.344894,0.0,82.5,0.138058545864,0.138058545864,0.13805854586409688
2018-06-22 11:36:16.204300,0.0,55.0,0.138058545864,0.138058545864,0.13805854586409688
2018-06-22 11:36:28.116643,0.0,55.0,0.138058545864,0.138058545864,0.13805854586409688
2018-06-22 11:36:40.046458,0.0,55.0,0.138058545864,0.138058545864,0.13805854586409688
2018-06-22 11:36:51.975536,0.0,55.0,0.138058545864,0.138058545864,0.13805854586409688
2018-06-22 11:37:03.610418,0.023,55.0,0.138058545864,0.138058545864,0.13805854586409688
2018-06-22 11:37:15.537193,0.023,55.0,0.138058545864,0.138058545864,0.13805854586409688
2018-06-22 11:37:27.412976,0.023,54.833,0.138058545864,0.138058545864,0.13805854586409688
2018-06-22 11:37:39.442458,0.023,54.833,0.138058545864,0.138058545864,0.13805854586409688
2018-06-22 11:37:51.398975,0.023,54.833,0.138058545864,0.138058545864,0.13805854586409688
2018-06-22 11:38:03.267066,0.02,40.0,0.138058545864,0.138058545864,0.13805854586409688
2018-06-22 11:38:15.168573,0.02,54.833,0.138058545864,0.138058545864,0.13805854586409688
2018-06-22 11:38:27.021142,0.0,42.333,0.138058545864,0.138058545864,0.13805854586409688
2018-06-22 11:38:38.972936,0.0,55.0,0.138058545864,0.138058545864,0.13805854586409688
2018-06-22 11:38:50.935011,0.0,55.0,0.138058545864,0.138058545864,0.13805854586409688
2018-06-22 11:39:02.933175,0.0,55.0,0.138058545864,0.138058545864,0.13805854586409688
2018-06-22 11:39:14.544498,0.0,41.25,0.138058545864,0.138058545864,0.13805854586409688
2018-06-22 11:39:26.422045,0.0,55.0,0.138058545864,0.138058545864,0.13805854586409688
2018-06-22 11:39:38.385762,0.0,55.0,0.138058545864,0.138058545864,0.13805854586409688
2018-06-22 11:39:50.029907,0.0,55.0,0.138058545864,0.138058545864,0.13805854586409688
2018-06-22 11:40:01.649072,0.0,55.0,0.138058545864,0.138058545864,0.13805854586409688
2018-06-22 11:40:13.303828,0.0,55.0,0.138058545864,0.138058545864,0.13805854586409688
2018-06-22 11:40:25.036894,0.0,55.0,0.138058545864,0.138058545864,0.13805854586409688
2018-06-22 11:40:36.728488,0.0,55.0,0.138058545864,0.138058545864,0.13805854586409688
2018-06-22 11:40:48.313053,0.0,55.0,0.138058545864,0.138058545864,0.13805854586409688
2018-06-22 11:40:59.882498,0.0,55.0,0.138058545864,0.138058545864,0.13805854586409688
2018-06-22 11:41:11.473646,0.0,55.0,0.138058545864,0.138058545864,0.13805854586409688
2018-06-22 11:41:23.115364,0.0,55.0,0.138058545864,0.138058545864,0.13805854586409688
2018-06-22 11:41:34.724729,0.0,41.25,0.138058545864,0.138058545864,0.13805854586409688
2018-06-22 11:41:46.415851,0.0,55.0,0.138058545864,0.138058545864,0.13805854586409688
2018-06-22 11:41:58.061936,0.0,55.0,0.138058545864,0.138058545864,0.13805854586409688
2018-06-22 11:42:09.737741,0.0,55.0,0.138058545864,0.138058545864,0.13805854586409688
2018-06-22 11:42:21.444223,0.0,55.0,0.138058545864,0.138058545864,0.13805854586409688
2018-06-22 11:42:33.421442,0.0,55.0,0.138058545864,0.138058545864,0.13805854586409688
2018-06-22 11:42:45.404510,0.0,55.0,0.138058545864,0.138058545864,0.13805854586409688
2018-06-22 11:42:57.294482,0.0,55.0,0.138058545864,0.138058545864,0.13805854586409688
2018-06-22 11:43:09.189822,0.0,55.0,0.138058545864,0.138058545864,0.13805854586409688
2018-06-22 11:43:21.165109,0.0,55.0,0.138058545864,0.138058545864,0.13805854586409688
2018-06-22 11:43:33.061361,0.0,55.0,0.138058545864,0.138058545864,0.13805854586409688
2018-06-22 11:43:44.945953,0.0,41.25,0.138058545864,0.138058545864,0.13805854586409688
2018-06-22 11:43:56.780073,0.023,55.0,0.138058545864,0.138058545864,0.13805854586409688
2018-06-22 11:44:08.672021,0.023,55.0,0.138058545864,0.138058545864,0.13805854586409688
2018-06-22 11:44:20.535972,0.024,55.0,0.138058545864,0.138058545864,0.13805854586409688
2018-06-22 11:44:32.382316,0.024,55.0,0.138058545864,0.138058545864,0.13805854586409688
2018-06-22 11:44:44.338760,0.0,41.25,0.138058545864,0.138058545864,0.13805854586409688
2018-06-22 11:44:56.316283,0.019,55.0,0.138058545864,0.138058545864,0.13805854586409688
2018-06-22 11:45:08.111318,0.019,55.0,0.138058545864,0.138058545864,0.13805854586409688
2018-06-22 11:45:20.033603,0.0,39.5,0.138058545864,0.138058545864,0.13805854586409688
2018-06-22 11:45:31.896840,0.0,55.0,0.138058545864,0.138058545864,0.13805854586409688
2018-06-22 11:45:43.796186,0.0,55.0,0.138058545864,0.138058545864,0.13805854586409688
2018-06-22 11:45:55.675718,0.0,55.0,0.138058545864,0.138058545864,0.13805854586409688
2018-06-22 11:46:07.313126,0.0,55.0,0.138058545864,0.138058545864,0.13805854586409688
2018-06-22 11:46:18.962777,0.0,55.0,0.138058545864,0.138058545864,0.13805854586409688
2018-06-22 11:46:30.614144,0.0,55.0,0.138058545864,0.138058545864,0.13805854586409688
2018-06-22 11:46:42.213888,0.0,55.0,0.138058545864,0.138058545864,0.13805854586409688
2018-06-22 11:46:53.843401,0.0,55.0,0.138058545864,0.138058545864,0.13805854586409688
2018-06-22 11:47:05.612775,0.0,55.0,0.138058545864,0.138058545864,0.13805854586409688
2018-06-22 11:47:17.230904,0.0,55.0,0.138058545864,0.138058545864,0.13805854586409688
2018-06-22 11:47:28.951240,0.0,55.0,0.138058545864,0.138058545864,0.13805854586409688
2018-06-22 11:47:40.529749,0.0,55.0,0.138058545864,0.138058545864,0.13805854586409688
2018-06-22 11:47:52.121287,0.0,55.0,0.138058545864,0.138058545864,0.13805854586409688
2018-06-22 11:48:03.792909,0.0,55.0,0.138058545864,0.138058545864,0.13805854586409688
2018-06-22 11:48:15.413195,0.0,82.5,0.138058545864,0.138058545864,0.13805854586409688
2018-06-22 11:48:27.086033,0.0,55.0,0.138058545864,0.138058545864,0.13805854586409688
2018-06-22 11:48:38.692411,0.0,55.0,0.138058545864,0.138058545864,0.13805854586409688
2018-06-22 11:48:50.353250,0.0,55.0,0.138058545864,0.138058545864,0.13805854586409688
2018-06-22 11:49:01.958091,0.0,53.833,0.138058545864,0.138058545864,0.13805854586409688
2018-06-22 11:49:13.706339,0.0,53.833,0.138058545864,0.138058545864,0.13805854586409688
2018-06-22 11:49:25.613705,0.0,55.0,0.138058545864,0.138058545864,0.13805854586409688
2018-06-22 11:49:37.551463,0.0,54.833,0.138058545864,0.138058545864,0.13805854586409688
2018-06-22 11:49:49.514198,0.0,54.833,0.138058545864,0.138058545864,0.13805854586409688
2018-06-22 11:50:01.456692,0.0,54.833,0.138058545864,0.138058545864,0.13805854586409688
2018-06-22 11:50:13.328555,0.005,55.0,0.138058545864,0.138058545864,0.13805854586409688
2018-06-22 11:50:25.246018,0.007,41.25,0.138058545864,0.138058545864,0.13805854586409688
2018-06-22 11:50:37.230563,0.023,54.833,0.138058545864,0.138058545864,0.13805854586409688
2018-06-22 11:50:49.102435,0.023,54.833,0.138058545864,0.138058545864,0.13805854586409688
2018-06-22 11:51:01.027864,0.023,54.833,0.138058545864,0.138058545864,0.13805854586409688
2018-06-22 11:51:12.902576,0.022,55.0,0.138058545864,0.138058545864,0.13805854586409688
2018-06-22 11:51:24.910208,0.033,41.25,0.138058545864,0.138058545864,0.13805854586409688
2018-06-22 11:51:36.861955,0.0,27.5,0.138058545864,0.138058545864,0.13805854586409688
2018-06-22 11:51:48.830445,0.0,55.0,0.138058545864,0.138058545864,0.13805854586409688
2018-06-22 11:52:00.689868,0.0,55.0,0.138058545864,0.138058545864,0.13805854586409688
2018-06-22 11:52:12.606060,0.0,55.0,0.138058545864,0.138058545864,0.13805854586409688
2018-06-22 11:52:24.243640,0.0,41.25,0.138058545864,0.138058545864,0.13805854586409688
2018-06-22 11:52:36.075198,0.0,55.0,0.138058545864,0.138058545864,0.13805854586409688
2018-06-22 11:52:47.981312,0.0,55.0,0.138058545864,0.138058545864,0.13805854586409688
2018-06-22 11:52:59.642241,0.0,55.0,0.138058545864,0.138058545864,0.13805854586409688
2018-06-22 11:53:11.253575,0.0,55.0,0.138058545864,0.138058545864,0.13805854586409688
2018-06-22 11:53:22.955760,0.0,55.0,0.138058545864,0.138058545864,0.13805854586409688
2018-06-22 11:53:34.909511,0.0,82.5,0.138058545864,0.138058545864,0.13805854586409688
2018-06-22 11:53:46.554269,0.0,55.0,0.138058545864,0.138058545864,0.13805854586409688
2018-06-22 11:53:58.217011,0.0,55.0,0.138058545864,0.138058545864,0.13805854586409688
2018-06-22 11:54:09.841054,0.0,55.0,0.138058545864,0.138058545864,0.13805854586409688
2018-06-22 11:54:21.414518,0.0,55.0,0.138058545864,0.138058545864,0.13805854586409688
2018-06-22 11:54:33.012505,0.0,55.0,0.138058545864,0.138058545864,0.13805854586409688
2018-06-22 11:54:44.715068,0.0,41.25,0.138058545864,0.138058545864,0.13805854586409688
2018-06-22 11:54:56.422040,0.0,53.833,0.138058545864,0.138058545864,0.13805854586409688
2018-06-22 11:55:07.931747,0.0,53.833,0.138058545864,0.138058545864,0.13805854586409688
2018-06-22 11:55:19.674271,0.0,53.833,0.138058545864,0.138058545864,0.13805854586409688
2018-06-22 11:55:31.309132,0.0,55.0,0.138058545864,0.138058545864,0.13805854586409688
2018-06-22 11:55:42.913752,0.0,55.0,0.138058545864,0.138058545864,0.13805854586409688
2018-06-22 11:55:54.814254,0.0,41.25,0.138058545864,0.138058545864,0.13805854586409688
2018-06-22 11:56:06.700614,0.0,54.833,0.138058545864,0.138058545864,0.13805854586409688
2018-06-22 11:56:18.594058,0.0,54.833,0.138058545864,0.138058545864,0.13805854586409688
2018-06-22 11:56:30.518994,0.0,55.0,0.138058545864,0.138058545864,0.13805854586409688
2018-06-22 11:56:42.466172,0.0,55.0,0.138058545864,0.138058545864,0.13805854586409688
2018-06-22 11:56:54.360470,0.0,41.25,0.138058545864,0.138058545864,0.13805854586409688
2018-06-22 11:57:06.206641,0.024,55.0,0.138058545864,0.138058545864,0.13805854586409688
2018-06-22 11:57:18.136351,0.024,55.0,0.138058545864,0.138058545864,0.13805854586409688
2018-06-22 11:57:29.998333,0.041,55.0,0.138058545864,0.138058545864,0.13805854586409688
2018-06-22 11:57:41.910219,0.041,55.0,0.138058545864,0.138058545864,0.13805854586409688
2018-06-22 11:57:53.913897,0.041,55.0,0.138058545864,0.138058545864,0.13805854586409688
2018-06-22 11:58:05.778793,0.041,55.0,0.138058545864,0.138058545864,0.13805854586409688
2018-06-22 11:58:17.714260,0.041,55.0,0.138058545864,0.138058545864,0.13805854586409688
2018-06-22 11:58:29.533241,0.0,27.5,0.138058545864,0.138058545864,0.13805854586409688
2018-06-22 11:58:41.356222,0.0,55.0,0.138058545864,0.138058545864,0.13805854586409688
2018-06-22 11:58:53.210882,0.0,55.0,0.138058545864,0.138058545864,0.13805854586409688
2018-06-22 11:59:05.189834,0.0,55.0,0.138058545864,0.138058545864,0.13805854586409688
2018-06-22 11:59:17.131634,0.0,55.0,0.138058545864,0.138058545864,0.13805854586409688
2018-06-22 11:59:29.045825,0.0,55.0,0.138058545864,0.138058545864,0.13805854586409688
2018-06-22 11:59:40.951084,0.0,53.833,0.138058545864,0.138058545864,0.13805854586409688
2018-06-22 11:59:52.588793,0.0,53.833,0.138058545864,0.138058545864,0.13805854586409688
2018-06-22 12:00:04.218109,0.0,41.25,0.138058545864,0.138058545864,0.13805854586409688
2018-06-22 12:00:15.854880,0.0,55.0,0.138058545864,0.138058545864,0.13805854586409688
2018-06-22 12:00:27.534193,0.0,55.0,0.138058545864,0.138058545864,0.13805854586409688
2018-06-22 12:00:39.224232,0.0,55.0,0.138058545864,0.138058545864,0.13805854586409688
2018-06-22 12:00:50.836032,0.0,55.0,0.138058545864,0.138058545864,0.13805854586409688
2018-06-22 12:01:02.385793,0.0,55.0,0.138058545864,0.138058545864,0.13805854586409688
2018-06-22 12:01:14.042890,0.0,41.25,0.138058545864,0.138058545864,0.13805854586409688
2018-06-22 12:01:25.627479,0.0,55.0,0.138058545864,0.138058545864,0.13805854586409688
2018-06-22 12:01:37.291816,0.0,55.0,0.138058545864,0.138058545864,0.13805854586409688
