2018-06-22 09:20:11.642026,0.001,21.5,0.0301029996659,0.0301029996659,0.0301029996658834
2018-06-22 09:20:23.421635,0.001,21.333,0.0301029996659,0.0301029996659,0.0301029996658834
2018-06-22 09:20:35.136314,0.001,21.25,0.0301029996659,1.0,1.0
2018-06-22 09:20:46.598783,0.001,21.167,0.0301029996659,1.0,1.0
2018-06-22 09:20:58.251643,0.002,21.167,0.0301029996659,0.0301029996659,0.0301029996658834
2018-06-22 09:21:09.870316,0.001,21.167,0.0301029996659,0.0301029996659,0.0301029996658834
2018-06-22 09:21:21.470756,0.001,21.333,0.0301029996659,0.0301029996659,0.0301029996658834
2018-06-22 09:21:33.000915,0.001,21.333,0.0301029996659,0.0301029996659,0.0301029996658834
2018-06-22 09:21:44.588761,0.001,21.25,0.0301029996659,0.0301029996659,0.0301029996658834
2018-06-22 09:21:56.223165,0.001,21.167,0.0301029996659,0.0301029996659,0.0301029996658834
2018-06-22 09:22:07.830311,0.001,21.167,0.0301029996659,0.0301029996659,0.0301029996658834
2018-06-22 09:22:19.409971,0.001,21.333,0.0301029996659,0.0301029996659,0.0301029996658834
2018-06-22 09:22:31.211892,0.001,21.167,0.0301029996659,0.0301029996659,0.0301029996658834
2018-06-22 09:22:42.768343,0.001,21.333,0.0301029996659,0.0301029996659,0.0301029996658834
2018-06-22 09:22:54.420700,0.001,21.25,0.0301029996659,0.0301029996659,0.0301029996658834
2018-06-22 09:23:06.036912,0.001,21.0,0.0301029996659,1.0,1.0
2018-06-22 09:23:17.641988,0.001,21.0,0.0301029996659,0.0301029996659,0.0301029996658834
2018-06-22 09:23:29.229449,0.001,21.167,0.0301029996659,0.0301029996659,0.0301029996658834
2018-06-22 09:23:40.841772,0.001,21.167,0.0301029996659,0.0301029996659,0.0301029996658834
2018-06-22 09:23:52.477777,0.001,21.333,0.0301029996659,0.0301029996659,0.0301029996658834
2018-06-22 09:24:04.100143,0.001,21.25,0.0301029996659,0.0301029996659,0.0301029996658834
2018-06-22 09:24:15.614567,0.001,21.25,0.0301029996659,0.0301029996659,0.0301029996658834
2018-06-22 09:24:27.147773,0.001,21.333,0.0301029996659,0.0301029996659,0.0301029996658834
2018-06-22 09:24:38.675057,0.001,21.167,0.0301029996659,0.0301029996659,0.0301029996658834
2018-06-22 09:24:50.280990,0.001,21.167,0.0301029996659,0.0301029996659,0.0301029996658834
2018-06-22 09:25:01.846265,0.001,21.0,0.0301029996659,0.0301029996659,0.0301029996658834
2018-06-22 09:25:13.487095,0.001,21.167,0.0301029996659,0.0301029996659,0.0301029996658834
2018-06-22 09:25:25.078130,0.001,25.6,0.0301029996659,1.0,1.0
2018-06-22 09:25:36.657372,0.002,21.167,0.0301029996659,0.0301029996659,0.0301029996658834
2018-06-22 09:25:48.330991,0.002,21.333,0.0301029996659,0.0301029996659,0.0301029996658834
2018-06-22 09:26:00.023376,0.001,21.333,0.0301029996659,0.0301029996659,0.0301029996658834
2018-06-22 09:26:11.636054,0.002,21.333,0.0301029996659,0.0301029996659,0.0301029996658834
2018-06-22 09:26:23.264701,0.002,21.333,0.0301029996659,0.0301029996659,0.0301029996658834
2018-06-22 09:26:34.813449,0.002,21.25,0.0301029996659,0.0301029996659,0.0301029996658834
2018-06-22 09:26:46.329241,0.002,21.167,0.0301029996659,0.0301029996659,0.0301029996658834
2018-06-22 09:26:57.899545,0.002,21.333,0.0301029996659,0.0301029996659,0.0301029996658834
2018-06-22 09:27:09.552285,0.002,21.333,0.0301029996659,0.0301029996659,0.0301029996658834
2018-06-22 09:27:21.029898,0.002,21.167,0.0301029996659,0.0301029996659,0.0301029996658834
2018-06-22 09:27:32.580355,0.002,21.167,0.0301029996659,0.0301029996659,0.0301029996658834
2018-06-22 09:27:44.258482,0.002,21.25,0.0301029996659,0.0301029996659,0.0301029996658834
2018-06-22 09:27:55.799999,0.002,16.8,0.0301029996659,1.0,1.0
2018-06-22 09:28:07.451828,0.002,21.333,0.0301029996659,0.0301029996659,0.0301029996658834
2018-06-22 09:28:19.066607,0.005,21.167,1.0,0.0301029996659,1.0
2018-06-22 09:28:30.795802,0.005,21.5,0.0301029996659,0.0301029996659,0.0301029996658834
2018-06-22 09:28:42.428992,0.005,21.333,0.0301029996659,0.0301029996659,0.0301029996658834
2018-06-22 09:28:54.108125,0.002,21.25,0.0301029996659,0.0301029996659,0.0301029996658834
2018-06-22 09:29:05.711211,0.002,21.333,0.0301029996659,0.0301029996659,0.0301029996658834
2018-06-22 09:29:17.273629,0.002,21.333,0.0301029996659,0.0301029996659,0.0301029996658834
2018-06-22 09:29:28.932827,0.002,21.167,0.0301029996659,0.0301029996659,0.0301029996658834
2018-06-22 09:29:40.535653,0.002,21.167,0.0301029996659,0.0301029996659,0.0301029996658834
2018-06-22 09:29:52.147759,0.002,21.167,0.0301029996659,0.0301029996659,0.0301029996658834
2018-06-22 09:30:03.701391,0.002,21.167,0.0301029996659,0.0301029996659,0.0301029996658834
2018-06-22 09:30:15.422016,0.002,21.167,0.0301029996659,0.0301029996659,0.0301029996658834
2018-06-22 09:30:27.032641,0.002,21.333,0.0301029996659,0.0301029996659,0.0301029996658834
2018-06-22 09:30:38.619956,0.002,21.167,0.0301029996659,0.0301029996659,0.0301029996658834
2018-06-22 09:30:50.180994,0.002,21.333,0.0301029996659,0.0301029996659,0.0301029996658834
2018-06-22 09:31:01.790030,0.002,21.333,0.0301029996659,0.0301029996659,0.0301029996658834
2018-06-22 09:31:13.404279,0.002,21.333,0.0301029996659,0.0301029996659,0.0301029996658834
2018-06-22 09:31:25.145817,0.002,21.25,0.0301029996659,0.0301029996659,0.0301029996658834
2018-06-22 09:31:36.852155,0.002,19.833,0.0301029996659,0.0301029996659,0.0301029996658834
2018-06-22 09:31:48.438137,0.001,19.833,0.0301029996659,0.0301029996659,0.0301029996658834
2018-06-22 09:32:00.014829,0.001,21.333,0.0301029996659,0.0301029996659,0.0301029996658834
2018-06-22 09:32:11.627115,0.001,21.333,0.0301029996659,0.0301029996659,0.0301029996658834
2018-06-22 09:32:23.294551,0.001,21.167,0.0301029996659,0.0301029996659,0.0301029996658834
2018-06-22 09:32:34.887390,0.002,21.25,0.0301029996659,0.0301029996659,0.0301029996658834
2018-06-22 09:32:46.493821,0.002,21.5,0.0301029996659,0.0301029996659,0.0301029996658834
2018-06-22 09:32:58.130941,0.001,21.333,0.0301029996659,0.0301029996659,0.0301029996658834
2018-06-22 09:33:09.632343,0.001,21.167,0.0301029996659,0.0301029996659,0.0301029996658834
2018-06-22 09:33:21.206199,0.001,21.0,0.0301029996659,0.0301029996659,0.0301029996658834
2018-06-22 09:33:32.746835,0.001,21.167,0.0301029996659,0.0301029996659,0.0301029996658834
2018-06-22 09:33:44.367607,0.001,21.5,0.0301029996659,0.0301029996659,0.0301029996658834
2018-06-22 09:33:55.957548,0.001,21.333,0.0301029996659,0.0301029996659,0.0301029996658834
2018-06-22 09:34:07.705783,0.001,21.333,0.0301029996659,0.0301029996659,0.0301029996658834
2018-06-22 09:34:19.230543,0.001,21.333,0.0301029996659,0.0301029996659,0.0301029996658834
2018-06-22 09:34:30.840582,0.001,21.333,0.0301029996659,0.0301029996659,0.0301029996658834
2018-06-22 09:34:42.403192,0.001,21.333,0.0301029996659,0.0301029996659,0.0301029996658834
2018-06-22 09:34:54.161858,0.001,21.25,0.0301029996659,0.0301029996659,0.0301029996658834
2018-06-22 09:35:05.919125,0.001,21.167,0.0301029996659,0.0301029996659,0.0301029996658834
2018-06-22 09:35:17.634849,0.001,21.167,0.0301029996659,0.0301029996659,0.0301029996658834
2018-06-22 09:35:29.211360,0.001,21.333,0.0301029996659,0.0301029996659,0.0301029996658834
2018-06-22 09:35:41.036643,0.001,21.167,0.0301029996659,0.0301029996659,0.0301029996658834
2018-06-22 09:35:52.643293,0.001,21.333,0.0301029996659,0.0301029996659,0.0301029996658834
2018-06-22 09:36:04.318532,0.001,21.25,0.0301029996659,0.0301029996659,0.0301029996658834
2018-06-22 09:36:24.079864,0.002,21.25,0.0301029996659,0.0301029996659,0.0301029996658834
2018-06-22 09:36:41.228789,0.002,21.333,0.0301029996659,0.0301029996659,0.0301029996658834
2018-06-22 09:36:52.705944,0.002,21.333,0.0301029996659,0.0301029996659,0.0301029996658834
2018-06-22 09:37:04.405981,0.002,21.0,0.0301029996659,0.0301029996659,0.0301029996658834
2018-06-22 09:37:15.906539,0.002,21.333,0.0301029996659,0.0301029996659,0.0301029996658834
2018-06-22 09:37:27.430450,0.002,21.333,0.0301029996659,0.0301029996659,0.0301029996658834
2018-06-22 09:37:39.032144,0.002,21.167,0.0301029996659,0.0301029996659,0.0301029996658834
2018-06-22 09:37:50.560368,0.002,21.167,0.0301029996659,0.0301029996659,0.0301029996658834
2018-06-22 09:38:02.103782,0.002,21.333,0.0301029996659,0.0301029996659,0.0301029996658834
2018-06-22 09:38:22.015245,0.002,21.333,0.0301029996659,0.0301029996659,0.0301029996658834
2018-06-22 09:38:33.605289,0.002,21.167,0.0301029996659,0.0301029996659,0.0301029996658834
2018-06-22 09:38:45.320514,0.002,21.167,0.0301029996659,0.0301029996659,0.0301029996658834
2018-06-22 09:39:02.415731,0.002,21.167,0.0301029996659,0.0301029996659,0.0301029996658834
2018-06-22 09:39:14.002961,0.002,21.167,0.0301029996659,0.0301029996659,0.0301029996658834
2018-06-22 09:39:25.534842,0.002,21.333,0.0301029996659,0.0301029996659,0.0301029996658834
2018-06-22 09:39:37.012029,0.002,21.333,0.0301029996659,0.0301029996659,0.0301029996658834
2018-06-22 09:39:48.613550,0.002,21.167,0.0301029996659,0.0301029996659,0.0301029996658834
2018-06-22 09:40:00.224393,0.002,21.167,0.0301029996659,0.0301029996659,0.0301029996658834
2018-06-22 09:40:11.784449,0.002,21.333,0.0301029996659,0.0301029996659,0.0301029996658834
2018-06-22 09:40:23.315439,0.002,21.333,0.0301029996659,0.0301029996659,0.0301029996658834
2018-06-22 09:40:34.970902,0.003,21.25,0.0301029996659,0.0301029996659,0.0301029996658834
2018-06-22 09:40:46.491001,0.006,21.333,1.0,0.0301029996659,1.0
2018-06-22 09:40:58.022734,0.006,21.333,0.0301029996659,0.0301029996659,0.0301029996658834
2018-06-22 09:41:09.551469,0.005,21.5,0.0301029996659,0.0301029996659,0.0301029996658834
2018-06-22 09:41:21.086305,0.002,21.333,0.0301029996659,0.0301029996659,0.0301029996658834
2018-06-22 09:41:32.568266,0.002,21.333,0.0301203291315,0.138058545864,0.13805854586409688
2018-06-22 09:41:44.178418,0.006,21.5,0.0301203291315,0.138058545864,0.13805854586409688
2018-06-22 09:41:55.751419,0.004,19.833,0.0301203291315,0.138058545864,0.13805854586409688
2018-06-22 09:42:07.274955,0.001,19.667,0.0301203291315,0.138058545864,0.13805854586409688
2018-06-22 09:42:27.199441,0.001,21.0,0.0301203291315,0.138058545864,0.13805854586409688
2018-06-22 09:42:44.428662,0.001,21.25,0.0301203291315,0.138058545864,0.13805854586409688
2018-06-22 09:42:55.946459,0.001,21.333,0.0301203291315,0.138058545864,0.13805854586409688
2018-06-22 09:43:07.503451,0.001,21.333,0.0301203291315,0.138058545864,0.13805854586409688
2018-06-22 09:43:19.007231,0.001,21.333,0.0301203291315,0.138058545864,0.13805854586409688
2018-06-22 09:43:30.647132,0.001,21.167,0.0301203291315,0.138058545864,0.13805854586409688
2018-06-22 09:43:42.229981,0.001,21.0,0.0301203291315,0.138058545864,0.13805854586409688
2018-06-22 09:43:53.819410,0.001,21.167,0.0301203291315,0.138058545864,0.13805854586409688
2018-06-22 09:44:05.458571,0.001,21.333,0.0301203291315,0.138058545864,0.13805854586409688
2018-06-22 09:44:17.439348,0.001,21.333,0.0301203291315,0.138058545864,0.13805854586409688
2018-06-22 09:44:29.381433,0.001,21.333,0.0301203291315,0.138058545864,0.13805854586409688
2018-06-22 09:44:41.304325,0.001,21.5,0.0301203291315,0.138058545864,0.13805854586409688
2018-06-22 09:44:53.225494,0.001,21.333,0.0301203291315,0.138058545864,0.13805854586409688
2018-06-22 09:45:04.978856,0.001,21.25,0.0301203291315,0.138058545864,0.13805854586409688
2018-06-22 09:45:16.978904,0.001,21.167,0.0301203291315,0.138058545864,0.13805854586409688
2018-06-22 09:45:28.876466,0.001,21.167,0.0301203291315,0.138058545864,0.13805854586409688
2018-06-22 09:45:40.853806,0.001,21.333,0.0301203291315,0.138058545864,0.13805854586409688
2018-06-22 09:45:52.721443,0.001,21.333,0.0301203291315,0.138058545864,0.13805854586409688
2018-06-22 09:46:04.303887,0.001,21.25,0.0301203291315,0.138058545864,0.13805854586409688
2018-06-22 09:46:16.205877,0.001,21.167,0.0301203291315,0.138058545864,0.13805854586409688
2018-06-22 09:46:28.091668,0.001,21.167,0.0301203291315,0.138058545864,0.13805854586409688
2018-06-22 09:46:39.657891,0.001,21.167,0.0301203291315,0.138058545864,0.13805854586409688
2018-06-22 09:46:51.313583,0.001,21.167,0.0301203291315,0.138058545864,0.13805854586409688
2018-06-22 09:47:03.226046,0.001,21.167,0.0301203291315,0.138058545864,0.13805854586409688
2018-06-22 09:47:15.077461,0.001,21.25,0.0301203291315,0.138058545864,0.13805854586409688
2018-06-22 09:47:26.663170,0.001,21.167,0.0301203291315,0.138058545864,0.13805854586409688
2018-06-22 09:47:38.327169,0.001,21.167,0.0301203291315,0.138058545864,0.13805854586409688
2018-06-22 09:47:49.935895,0.001,21.333,0.0301203291315,0.138058545864,0.13805854586409688
2018-06-22 09:48:01.556590,0.001,21.167,0.0301203291315,0.138058545864,0.13805854586409688
2018-06-22 09:48:13.182585,0.001,21.167,0.0301203291315,0.138058545864,0.13805854586409688
2018-06-22 09:48:24.945583,0.001,21.25,0.0301203291315,0.138058545864,0.13805854586409688
2018-06-22 09:48:36.574612,0.001,21.333,0.0301203291315,0.138058545864,0.13805854586409688
2018-06-22 09:48:48.235693,0.001,21.333,0.0301203291315,0.138058545864,0.13805854586409688
2018-06-22 09:48:59.968937,0.001,21.333,0.0301203291315,0.138058545864,0.13805854586409688
2018-06-22 09:49:11.619432,0.001,21.333,0.0301203291315,0.138058545864,0.13805854586409688
2018-06-22 09:49:23.292055,0.001,21.333,0.0301203291315,0.138058545864,0.13805854586409688
2018-06-22 09:49:35.100830,0.002,21.25,0.0301203291315,0.138058545864,0.13805854586409688
2018-06-22 09:49:47.038929,0.002,21.167,0.0301203291315,0.138058545864,0.13805854586409688
2018-06-22 09:49:58.987424,0.002,21.333,0.0301203291315,0.138058545864,0.13805854586409688
2018-06-22 09:50:10.909552,0.002,21.167,0.0301203291315,0.138058545864,0.13805854586409688
2018-06-22 09:50:22.785912,0.002,21.333,0.0301203291315,0.138058545864,0.13805854586409688
2018-06-22 09:50:34.641704,0.002,21.5,0.0301203291315,0.138058545864,0.13805854586409688
2018-06-22 09:50:46.476245,0.002,21.333,0.0301203291315,0.138058545864,0.13805854586409688
2018-06-22 09:50:58.388842,0.002,21.167,0.0301203291315,0.138058545864,0.13805854586409688
2018-06-22 09:51:10.287020,0.002,21.333,0.0301203291315,0.138058545864,0.13805854586409688
2018-06-22 09:51:21.858676,0.002,21.167,0.0301203291315,0.138058545864,0.13805854586409688
2018-06-22 09:51:33.508538,0.002,21.167,0.0301203291315,0.138058545864,0.13805854586409688
2018-06-22 09:51:44.967440,0.002,21.0,0.0301203291315,0.138058545864,0.13805854586409688
2018-06-22 09:51:56.548192,0.002,21.333,0.0301203291315,0.138058545864,0.13805854586409688
2018-06-22 09:52:08.122874,0.002,21.333,0.0301203291315,0.138058545864,0.13805854586409688
2018-06-22 09:52:19.716801,0.002,21.333,0.0301203291315,0.138058545864,0.13805854586409688
2018-06-22 09:52:31.335432,0.002,21.167,0.0301203291315,0.138058545864,0.13805854586409688
2018-06-22 09:52:42.971193,0.002,21.333,0.0301203291315,0.138058545864,0.13805854586409688
2018-06-22 09:52:54.602791,0.002,21.5,0.0301203291315,0.138058545864,0.13805854586409688
2018-06-22 09:53:06.184859,0.002,21.333,0.0301203291315,0.138058545864,0.13805854586409688
2018-06-22 09:53:17.775117,0.002,21.167,0.0301203291315,0.138058545864,0.13805854586409688
2018-06-22 09:53:29.376543,0.002,21.167,0.0301203291315,0.138058545864,0.13805854586409688
2018-06-22 09:53:41.027909,0.002,21.333,0.0301203291315,0.138058545864,0.13805854586409688
2018-06-22 09:53:52.635841,0.002,21.5,0.0301203291315,0.138058545864,0.13805854586409688
2018-06-22 09:54:04.254093,0.002,21.25,0.0301203291315,0.138058545864,0.13805854586409688
2018-06-22 09:54:15.709894,0.002,21.333,0.0301203291315,0.138058545864,0.13805854586409688
2018-06-22 09:54:27.137830,0.002,21.5,0.0301203291315,0.138058545864,0.13805854586409688
2018-06-22 09:54:38.671696,0.002,21.333,0.0301203291315,0.138058545864,0.13805854586409688
2018-06-22 09:54:50.271646,0.002,21.167,0.0301203291315,0.138058545864,0.13805854586409688
2018-06-22 09:55:01.792956,0.002,21.167,0.0301203291315,0.138058545864,0.13805854586409688
2018-06-22 09:55:13.353288,0.002,21.167,0.0301203291315,0.138058545864,0.13805854586409688
2018-06-22 09:55:33.259204,0.002,21.167,0.0301203291315,0.138058545864,0.13805854586409688
2018-06-22 09:55:44.977430,0.002,21.167,0.0301203291315,0.138058545864,0.13805854586409688
2018-06-22 09:56:04.914425,0.002,21.167,0.0301203291315,0.138058545864,0.13805854586409688
2018-06-22 09:56:22.079230,0.001,19.833,0.0301203291315,0.138058545864,0.13805854586409688
2018-06-22 09:56:33.648996,0.001,19.667,0.0301203291315,0.138058545864,0.13805854586409688
2018-06-22 09:56:45.195879,0.001,21.0,0.0301203291315,0.138058545864,0.13805854586409688
2018-06-22 09:56:56.693082,0.001,21.333,0.0301203291315,0.138058545864,0.13805854586409688
2018-06-22 09:57:08.257609,0.001,21.333,0.0301203291315,0.138058545864,0.13805854586409688
2018-06-22 09:57:19.776518,0.001,21.167,0.0301203291315,0.138058545864,0.13805854586409688
2018-06-22 09:57:31.330004,0.001,21.167,0.0301203291315,0.138058545864,0.13805854586409688
2018-06-22 09:57:42.869510,0.001,21.333,0.0301203291315,0.138058545864,0.13805854586409688
2018-06-22 09:57:54.452510,0.001,21.25,0.0301203291315,0.138058545864,0.13805854586409688
2018-06-22 09:58:06.076169,0.001,21.167,0.0301203291315,0.138058545864,0.13805854586409688
2018-06-22 09:58:26.086312,0.001,21.167,0.0301203291315,0.138058545864,0.13805854586409688
2018-06-22 09:58:37.707315,0.001,21.167,0.0301203291315,0.138058545864,0.13805854586409688
2018-06-22 09:58:49.253729,0.001,21.167,0.0301203291315,0.138058545864,0.13805854586409688
2018-06-22 09:59:00.940903,0.001,21.333,0.0301203291315,0.138058545864,0.13805854586409688
2018-06-22 09:59:12.597056,0.001,21.333,0.0301203291315,0.138058545864,0.13805854586409688
2018-06-22 09:59:30.065277,0.001,21.333,0.0301203291315,0.138058545864,0.13805854586409688
2018-06-22 09:59:41.787186,0.001,21.167,0.0301203291315,0.138058545864,0.13805854586409688
2018-06-22 09:59:53.733979,0.001,21.167,0.0301203291315,0.138058545864,0.13805854586409688
2018-06-22 10:00:05.390143,0.001,21.333,0.0301203291315,0.138058545864,0.13805854586409688
2018-06-22 10:00:17.051385,0.001,21.5,0.0301203291315,0.138058545864,0.13805854586409688
2018-06-22 10:00:28.822259,0.001,21.333,0.0301203291315,0.138058545864,0.13805854586409688
2018-06-22 10:00:40.405851,0.001,21.333,0.0301203291315,0.138058545864,0.13805854586409688
2018-06-22 10:00:52.009994,0.001,21.167,0.0301203291315,0.138058545864,0.13805854586409688
2018-06-22 10:01:03.670940,0.001,21.167,0.0301203291315,0.138058545864,0.13805854586409688
2018-06-22 10:01:15.293222,0.001,21.167,0.0301203291315,0.138058545864,0.13805854586409688
2018-06-22 10:01:26.980549,0.001,21.333,0.0301203291315,0.138058545864,0.13805854586409688
2018-06-22 10:01:38.622894,0.001,21.333,0.0301203291315,0.138058545864,0.13805854586409688
2018-06-22 10:01:50.240634,0.001,21.333,0.0301203291315,0.138058545864,0.13805854586409688
2018-06-22 10:02:01.859254,0.001,21.167,0.0301203291315,0.138058545864,0.13805854586409688
2018-06-22 10:02:13.834299,0.001,21.333,0.0301203291315,0.138058545864,0.13805854586409688
2018-06-22 10:02:25.528933,0.001,21.333,0.0301203291315,0.138058545864,0.13805854586409688
2018-06-22 10:02:37.090052,0.001,21.167,0.0301203291315,0.138058545864,0.13805854586409688
2018-06-22 10:02:48.798337,0.002,21.167,0.0301203291315,0.138058545864,0.13805854586409688
2018-06-22 10:03:00.865828,0.002,21.333,0.0301203291315,0.138058545864,0.13805854586409688
2018-06-22 10:03:12.807928,0.002,21.333,0.0301203291315,0.138058545864,0.13805854586409688
2018-06-22 10:03:24.479668,0.002,21.0,0.0301203291315,0.138058545864,0.13805854586409688
2018-06-22 10:03:36.356770,0.002,21.167,0.0301203291315,0.138058545864,0.13805854586409688
2018-06-22 10:03:48.179371,0.002,21.167,0.0301203291315,0.138058545864,0.13805854586409688
2018-06-22 10:04:00.123804,0.002,21.167,0.0301203291315,0.138058545864,0.13805854586409688
2018-06-22 10:04:12.057836,0.002,21.167,0.0301203291315,0.138058545864,0.13805854586409688
2018-06-22 10:04:23.644342,0.002,21.333,0.0301203291315,0.138058545864,0.13805854586409688
2018-06-22 10:04:35.532585,0.002,21.333,0.0301203291315,0.138058545864,0.13805854586409688
2018-06-22 10:04:47.423429,0.002,21.333,0.0301203291315,0.138058545864,0.13805854586409688
2018-06-22 10:04:59.339754,0.002,21.167,0.0301203291315,0.138058545864,0.13805854586409688
2018-06-22 10:05:11.255656,0.002,21.333,0.0301203291315,0.138058545864,0.13805854586409688
2018-06-22 10:05:23.178012,0.002,21.167,0.0301203291315,0.138058545864,0.13805854586409688
2018-06-22 10:05:34.886913,0.002,21.0,0.0301203291315,0.138058545864,0.13805854586409688
2018-06-22 10:05:46.781053,0.002,21.167,0.0301203291315,0.138058545864,0.13805854586409688
2018-06-22 10:05:58.649811,0.002,19.833,0.0301203291315,0.138058545864,0.13805854586409688
2018-06-22 10:06:10.559708,0.002,19.667,0.0301203291315,0.138058545864,0.13805854586409688
2018-06-22 10:06:22.588120,0.001,19.833,0.0301203291315,0.138058545864,0.13805854586409688
2018-06-22 10:06:34.621545,0.002,21.167,0.0301203291315,0.138058545864,0.13805854586409688
2018-06-22 10:06:46.290492,0.002,21.0,0.0301203291315,0.138058545864,0.13805854586409688
2018-06-22 10:06:57.945982,0.001,21.0,0.0301203291315,0.138058545864,0.13805854586409688
2018-06-22 10:07:17.916749,0.001,21.167,0.0301203291315,0.138058545864,0.13805854586409688
2018-06-22 10:07:29.596545,0.001,21.333,0.0301203291315,0.138058545864,0.13805854586409688
2018-06-22 10:07:41.241458,0.001,21.167,0.0301203291315,0.138058545864,0.13805854586409688
2018-06-22 10:07:52.762690,0.001,21.333,0.0301203291315,0.138058545864,0.13805854586409688
2018-06-22 10:08:04.303990,0.001,21.25,0.0301203291315,0.138058545864,0.13805854586409688
2018-06-22 10:08:15.894182,0.001,21.167,0.0301203291315,0.138058545864,0.13805854586409688
2018-06-22 10:08:27.507925,0.001,21.333,0.0301203291315,0.138058545864,0.13805854586409688
2018-06-22 10:08:39.082407,0.001,21.333,0.0301203291315,0.138058545864,0.13805854586409688
2018-06-22 10:08:50.697566,0.001,21.167,0.0301203291315,0.138058545864,0.13805854586409688
2018-06-22 10:09:02.243077,0.001,21.167,0.0301203291315,0.138058545864,0.13805854586409688
2018-06-22 10:09:13.932609,0.001,21.333,0.0301203291315,0.138058545864,0.13805854586409688
2018-06-22 10:09:25.522603,0.001,17.0,0.0301203291315,0.138058545864,0.13805854586409688
2018-06-22 10:09:37.121060,0.001,21.167,0.0301203291315,0.138058545864,0.13805854586409688
2018-06-22 10:09:48.815147,0.001,21.333,0.0301203291315,0.138058545864,0.13805854586409688
2018-06-22 10:10:00.411817,0.001,21.333,0.0301203291315,0.138058545864,0.13805854586409688
2018-06-22 10:10:11.934127,0.001,21.333,0.0301203291315,0.138058545864,0.13805854586409688
2018-06-22 10:10:32.625059,0.001,21.167,0.0301203291315,0.138058545864,0.13805854586409688
2018-06-22 10:10:44.298463,0.001,21.25,0.0301203291315,0.138058545864,0.13805854586409688
2018-06-22 10:10:55.828613,0.002,21.167,0.0301203291315,0.138058545864,0.13805854586409688
2018-06-22 10:11:07.471676,0.002,21.333,0.0301203291315,0.138058545864,0.13805854586409688
2018-06-22 10:11:19.011905,0.002,21.333,0.0301203291315,0.138058545864,0.13805854586409688
2018-06-22 10:11:30.622451,0.002,21.333,0.0301203291315,0.138058545864,0.13805854586409688
2018-06-22 10:11:42.079365,0.002,21.167,0.0301203291315,0.138058545864,0.13805854586409688
2018-06-22 10:11:53.664493,0.002,21.167,0.0301203291315,0.138058545864,0.13805854586409688
2018-06-22 10:12:05.213633,0.002,21.333,0.0301203291315,0.138058545864,0.13805854586409688
2018-06-22 10:12:16.828661,0.002,21.333,0.0301203291315,0.138058545864,0.13805854586409688
2018-06-22 10:12:28.403541,0.002,21.167,0.0301203291315,0.138058545864,0.13805854586409688
2018-06-22 10:12:39.867982,0.002,21.333,0.0301203291315,0.138058545864,0.13805854586409688
2018-06-22 10:12:51.409602,0.002,21.333,0.0301203291315,0.138058545864,0.13805854586409688
2018-06-22 10:13:03.005068,0.002,21.333,0.0301203291315,0.138058545864,0.13805854586409688
2018-06-22 10:13:14.647819,0.003,21.0,0.0301203291315,0.138058545864,0.13805854586409688
2018-06-22 10:13:26.207988,0.003,21.167,0.0301203291315,0.138058545864,0.13805854586409688
2018-06-22 10:13:37.693825,0.002,21.167,0.0301203291315,0.138058545864,0.13805854586409688
2018-06-22 10:13:49.223067,0.002,21.333,0.0301203291315,0.138058545864,0.13805854586409688
2018-06-22 10:14:00.749252,0.002,21.167,0.0301203291315,0.138058545864,0.13805854586409688
2018-06-22 10:14:12.279982,0.002,21.333,0.0301203291315,0.138058545864,0.13805854586409688
2018-06-22 10:14:23.830053,0.002,21.167,0.0301203291315,0.138058545864,0.13805854586409688
2018-06-22 10:14:35.590432,0.003,21.25,0.0301203291315,0.138058545864,0.13805854586409688
2018-06-22 10:14:47.163484,0.002,21.333,0.0301203291315,0.138058545864,0.13805854586409688
2018-06-22 10:14:58.795236,0.002,21.333,0.0301203291315,0.138058545864,0.13805854586409688
2018-06-22 10:15:10.465287,0.002,20.0,0.0301203291315,0.138058545864,0.13805854586409688
2018-06-22 10:15:22.059918,0.002,19.833,0.0301203291315,0.138058545864,0.13805854586409688
2018-06-22 10:15:39.653036,0.001,21.167,0.0301203291315,0.138058545864,0.13805854586409688
2018-06-22 10:15:51.249585,0.001,21.333,0.0301203291315,0.138058545864,0.13805854586409688
2018-06-22 10:16:08.795800,0.001,21.167,0.0301203291315,0.138058545864,0.13805854586409688
2018-06-22 10:16:20.679654,0.001,21.167,0.0301203291315,0.138058545864,0.13805854586409688
2018-06-22 10:16:32.633653,0.001,21.167,0.0301203291315,0.138058545864,0.13805854586409688
2018-06-22 10:16:44.573684,0.001,21.0,0.0301203291315,0.138058545864,0.13805854586409688
2018-06-22 10:16:56.484753,0.001,21.167,0.0301203291315,0.138058545864,0.13805854586409688
2018-06-22 10:17:08.376578,0.001,21.167,0.0301203291315,0.138058545864,0.13805854586409688
2018-06-22 10:17:20.269496,0.001,21.167,0.0301203291315,0.138058545864,0.13805854586409688
2018-06-22 10:17:32.171062,0.001,21.333,0.0301203291315,0.138058545864,0.13805854586409688
2018-06-22 10:17:43.849561,0.001,21.5,0.0301203291315,0.138058545864,0.13805854586409688
2018-06-22 10:17:55.686363,0.001,21.167,0.0301203291315,0.138058545864,0.13805854586409688
2018-06-22 10:18:07.589973,0.001,21.167,0.0301203291315,0.138058545864,0.13805854586409688
2018-06-22 10:18:19.494668,0.001,21.167,0.0301203291315,0.138058545864,0.13805854586409688
2018-06-22 10:18:31.390689,0.001,21.333,0.0301203291315,0.138058545864,0.13805854586409688
2018-06-22 10:18:43.278952,0.001,21.167,0.0301203291315,0.138058545864,0.13805854586409688
2018-06-22 10:18:55.248993,0.001,21.167,0.0301203291315,0.138058545864,0.13805854586409688
2018-06-22 10:19:07.151336,0.001,21.333,0.0301203291315,0.138058545864,0.13805854586409688
2018-06-22 10:19:18.997624,0.001,21.333,0.0301203291315,0.138058545864,0.13805854586409688
2018-06-22 10:19:30.895227,0.001,21.333,0.0301203291315,0.138058545864,0.13805854586409688
2018-06-22 10:19:42.750586,0.002,21.333,0.0301203291315,0.138058545864,0.13805854586409688
2018-06-22 10:19:54.671133,0.002,21.25,0.0301203291315,0.138058545864,0.13805854586409688
2018-06-22 10:20:06.253934,0.003,21.167,0.0301203291315,0.138058545864,0.13805854586409688
2018-06-22 10:20:17.881567,0.003,21.333,0.0301203291315,0.138058545864,0.13805854586409688
2018-06-22 10:20:29.531278,0.002,21.333,0.0301203291315,0.138058545864,0.13805854586409688
2018-06-22 10:20:41.239652,0.002,21.333,0.0301203291315,0.138058545864,0.13805854586409688
2018-06-22 10:20:52.881352,0.002,21.333,0.0301203291315,0.138058545864,0.13805854586409688
2018-06-22 10:21:04.618194,0.002,21.25,0.0301203291315,0.138058545864,0.13805854586409688
2018-06-22 10:21:16.069958,0.002,21.167,0.0301203291315,0.138058545864,0.13805854586409688
2018-06-22 10:21:27.570464,0.002,21.333,0.0301203291315,0.138058545864,0.13805854586409688
2018-06-22 10:21:39.072686,0.002,21.333,0.0301203291315,0.138058545864,0.13805854586409688
2018-06-22 10:21:50.664554,0.002,21.333,0.0301203291315,0.138058545864,0.13805854586409688
2018-06-22 10:22:02.164384,0.003,21.167,0.0301203291315,0.138058545864,0.13805854586409688
2018-06-22 10:22:13.704570,0.003,21.167,0.0301203291315,0.138058545864,0.13805854586409688
2018-06-22 10:22:25.284528,0.002,21.25,0.0301203291315,0.138058545864,0.13805854586409688
2018-06-22 10:22:45.096730,0.002,21.167,0.0301203291315,0.138058545864,0.13805854586409688
2018-06-22 10:22:56.717547,0.002,21.167,0.0301203291315,0.138058545864,0.13805854586409688
2018-06-22 10:23:08.308486,0.002,21.333,0.0301203291315,0.138058545864,0.13805854586409688
2018-06-22 10:23:27.757788,0.002,21.333,0.0301203291315,0.138058545864,0.13805854586409688
2018-06-22 10:23:39.362299,0.002,19.833,0.0301203291315,0.138058545864,0.13805854586409688
2018-06-22 10:23:51.008350,0.001,21.167,0.0301203291315,0.138058545864,0.13805854586409688
2018-06-22 10:24:02.548108,0.001,19.833,0.0301203291315,0.138058545864,0.13805854586409688
2018-06-22 10:24:14.244159,0.001,19.25,0.0301203291315,0.138058545864,0.13805854586409688
2018-06-22 10:24:31.353215,0.001,21.5,0.0301203291315,0.138058545864,0.13805854586409688
2018-06-22 10:24:42.789715,0.001,21.333,0.0301203291315,0.138058545864,0.13805854586409688
2018-06-22 10:24:54.309888,0.001,21.25,0.0301203291315,0.138058545864,0.13805854586409688
2018-06-22 10:25:05.827202,0.001,21.333,0.0301203291315,0.138058545864,0.13805854586409688
2018-06-22 10:25:17.398272,0.001,21.333,0.0301203291315,0.138058545864,0.13805854586409688
2018-06-22 10:25:28.970592,0.001,21.333,0.0301203291315,0.138058545864,0.13805854586409688
2018-06-22 10:25:40.553593,0.001,21.333,0.0301203291315,0.138058545864,0.13805854586409688
2018-06-22 10:26:00.339605,0.001,21.5,0.0301203291315,0.138058545864,0.13805854586409688
2018-06-22 10:26:11.878405,0.001,21.333,0.0301203291315,0.138058545864,0.13805854586409688
2018-06-22 10:26:23.486867,0.001,21.333,0.0301203291315,0.138058545864,0.13805854586409688
2018-06-22 10:26:35.077211,0.001,21.5,0.0301203291315,0.138058545864,0.13805854586409688
2018-06-22 10:26:46.628806,0.001,21.333,0.0301203291315,0.138058545864,0.13805854586409688
2018-06-22 10:26:58.204241,0.001,21.167,0.0301203291315,0.138058545864,0.13805854586409688
2018-06-22 10:27:09.869133,0.001,21.0,0.0301203291315,0.138058545864,0.13805854586409688
2018-06-22 10:27:21.413364,0.001,21.167,0.0301203291315,0.138058545864,0.13805854586409688
2018-06-22 10:27:33.015892,0.001,21.167,0.0301203291315,0.138058545864,0.13805854586409688
2018-06-22 10:27:44.629296,0.001,21.167,0.0301203291315,0.138058545864,0.13805854586409688
2018-06-22 10:27:56.256893,0.001,21.167,0.0301203291315,0.138058545864,0.13805854586409688
2018-06-22 10:28:07.870616,0.001,21.333,0.0301203291315,0.138058545864,0.13805854586409688
2018-06-22 10:28:19.473122,0.001,21.167,0.0301203291315,0.138058545864,0.13805854586409688
2018-06-22 10:28:31.046967,0.001,21.333,0.0301203291315,0.138058545864,0.13805854586409688
2018-06-22 10:28:42.684628,0.001,21.167,0.0301203291315,0.138058545864,0.13805854586409688
2018-06-22 10:28:54.310001,0.001,21.0,0.0301203291315,0.138058545864,0.13805854586409688
2018-06-22 10:29:05.937054,0.001,21.167,0.0301203291315,0.138058545864,0.13805854586409688
2018-06-22 10:29:17.439008,0.001,21.333,0.0301203291315,0.138058545864,0.13805854586409688
2018-06-22 10:29:28.984076,0.001,21.333,0.0301203291315,0.138058545864,0.13805854586409688
2018-06-22 10:29:40.657687,0.001,21.333,0.0301203291315,0.138058545864,0.13805854586409688
2018-06-22 10:29:52.392315,0.004,21.667,0.0301203291315,0.138058545864,0.13805854586409688
2018-06-22 10:30:12.223375,0.003,20.833,0.0301203291315,0.138058545864,0.13805854586409688
2018-06-22 10:30:29.793420,0.002,21.167,0.0301203291315,0.138058545864,0.13805854586409688
2018-06-22 10:30:47.159809,0.002,21.333,0.0301203291315,0.138058545864,0.13805854586409688
2018-06-22 10:30:59.129550,0.002,21.167,0.0301203291315,0.138058545864,0.13805854586409688
2018-06-22 10:31:11.075859,0.002,21.333,0.0301203291315,0.138058545864,0.13805854586409688
2018-06-22 10:31:22.926360,0.002,21.167,0.0301203291315,0.138058545864,0.13805854586409688
2018-06-22 10:31:34.841140,0.002,21.25,0.0301203291315,0.138058545864,0.13805854586409688
2018-06-22 10:31:46.700019,0.002,21.5,0.0301203291315,0.138058545864,0.13805854586409688
2018-06-22 10:31:58.597870,0.002,21.5,0.0301203291315,0.138058545864,0.13805854586409688
2018-06-22 10:32:10.501938,0.002,21.5,0.0301203291315,0.138058545864,0.13805854586409688
2018-06-22 10:32:22.388795,0.002,21.333,0.0301203291315,0.138058545864,0.13805854586409688
2018-06-22 10:32:34.322050,0.002,21.25,0.0301203291315,0.138058545864,0.13805854586409688
2018-06-22 10:32:46.190210,0.002,21.167,0.0301203291315,0.138058545864,0.13805854586409688
2018-06-22 10:32:57.868296,0.002,21.0,0.0301203291315,0.138058545864,0.13805854586409688
2018-06-22 10:33:09.422366,0.003,21.167,0.0301203291315,0.138058545864,0.13805854586409688
2018-06-22 10:33:21.053477,0.003,21.167,0.0301203291315,0.138058545864,0.13805854586409688
2018-06-22 10:33:32.720335,0.005,21.167,0.0301203291315,0.138058545864,0.13805854586409688
2018-06-22 10:33:44.473969,0.006,21.0,0.0301203291315,0.138058545864,0.13805854586409688
2018-06-22 10:33:56.113863,0.002,21.167,0.0301203291315,0.138058545864,0.13805854586409688
2018-06-22 10:34:07.780276,0.002,21.167,0.0301203291315,0.138058545864,0.13805854586409688
2018-06-22 10:34:19.468524,0.002,21.167,0.0301203291315,0.138058545864,0.13805854586409688
2018-06-22 10:34:31.129992,0.003,21.333,0.0301203291315,0.138058545864,0.13805854586409688
2018-06-22 10:34:42.798012,0.003,21.333,0.0301203291315,0.138058545864,0.13805854586409688
2018-06-22 10:34:54.543725,0.002,19.0,0.0301203291315,0.138058545864,0.13805854586409688
2018-06-22 10:35:06.132919,0.001,19.833,0.0301203291315,0.138058545864,0.13805854586409688
2018-06-22 10:35:17.767546,0.001,21.333,0.0301203291315,0.138058545864,0.13805854586409688
2018-06-22 10:35:29.391538,0.001,21.333,0.0301203291315,0.138058545864,0.13805854586409688
2018-06-22 10:35:41.030368,0.001,21.333,0.0301203291315,0.138058545864,0.13805854586409688
2018-06-22 10:35:52.726727,0.001,21.333,0.0301203291315,0.138058545864,0.13805854586409688
2018-06-22 10:36:04.400348,0.001,21.5,0.0301203291315,0.138058545864,0.13805854586409688
2018-06-22 10:36:16.228635,0.001,21.333,0.0301203291315,0.138058545864,0.13805854586409688
2018-06-22 10:36:28.062143,0.001,21.333,0.0301203291315,0.138058545864,0.13805854586409688
2018-06-22 10:36:39.905422,0.001,21.333,0.0301203291315,0.138058545864,0.13805854586409688
2018-06-22 10:36:51.800536,0.001,21.333,0.0301203291315,0.138058545864,0.13805854586409688
2018-06-22 10:37:03.744725,0.001,21.167,0.0301203291315,0.138058545864,0.13805854586409688
2018-06-22 10:37:15.612805,0.002,21.333,0.0301203291315,0.138058545864,0.13805854586409688
2018-06-22 10:37:27.135375,0.002,21.333,0.0301203291315,0.138058545864,0.13805854586409688
2018-06-22 10:37:38.756665,0.002,21.333,0.0301203291315,0.138058545864,0.13805854586409688
2018-06-22 10:37:58.269083,0.001,21.167,0.0301203291315,0.138058545864,0.13805854586409688
2018-06-22 10:38:09.852147,0.001,21.0,0.0301203291315,0.138058545864,0.13805854586409688
2018-06-22 10:38:21.447034,0.001,21.167,0.0301203291315,0.138058545864,0.13805854586409688
2018-06-22 10:38:32.961288,0.001,21.167,0.0301203291315,0.138058545864,0.13805854586409688
2018-06-22 10:38:44.627760,0.001,21.25,0.0301203291315,0.138058545864,0.13805854586409688
2018-06-22 10:38:56.350128,0.001,21.333,0.0301203291315,0.138058545864,0.13805854586409688
2018-06-22 10:39:08.002048,0.001,21.167,0.0301203291315,0.138058545864,0.13805854586409688
2018-06-22 10:39:19.565791,0.001,21.167,0.0301203291315,0.138058545864,0.13805854586409688
2018-06-22 10:39:31.118900,0.002,21.167,0.0301203291315,0.138058545864,0.13805854586409688
2018-06-22 10:39:42.729251,0.002,21.167,0.0301203291315,0.138058545864,0.13805854586409688
2018-06-22 10:40:02.742912,0.002,21.333,0.0301203291315,0.138058545864,0.13805854586409688
2018-06-22 10:40:14.419059,0.002,21.167,0.0301203291315,0.138058545864,0.13805854586409688
2018-06-22 10:40:26.044809,0.002,21.0,0.0301203291315,0.138058545864,0.13805854586409688
2018-06-22 10:40:37.609564,0.002,21.0,0.0301203291315,0.138058545864,0.13805854586409688
2018-06-22 10:40:49.177912,0.002,21.167,0.0301203291315,0.138058545864,0.13805854586409688
2018-06-22 10:41:00.797415,0.002,21.167,0.0301203291315,0.138058545864,0.13805854586409688
2018-06-22 10:41:12.432013,0.002,21.167,0.0301203291315,0.138058545864,0.13805854586409688
2018-06-22 10:41:24.001026,0.002,21.25,0.0301203291315,0.138058545864,0.13805854586409688
2018-06-22 10:41:35.608270,0.008,21.5,1.0,0.138058545864,1.0
2018-06-22 10:41:52.682210,0.008,21.5,0.0301203291315,0.138058545864,0.13805854586409688
2018-06-22 10:42:04.302486,0.002,21.25,0.0301203291315,0.138058545864,0.13805854586409688
2018-06-22 10:42:15.792256,0.002,21.167,0.0301203291315,0.138058545864,0.13805854586409688
2018-06-22 10:42:27.293711,0.002,21.333,0.0301203291315,0.138058545864,0.13805854586409688
2018-06-22 10:42:38.844497,0.002,21.333,0.0301203291315,0.138058545864,0.13805854586409688
2018-06-22 10:42:50.283271,0.002,21.5,0.0301203291315,0.138058545864,0.13805854586409688
2018-06-22 10:43:01.867920,0.002,21.333,0.0301203291315,0.138058545864,0.13805854586409688
2018-06-22 10:43:13.577868,0.002,21.333,0.0301203291315,0.138058545864,0.13805854586409688
2018-06-22 10:43:25.300516,0.002,21.333,0.0301203291315,0.138058545864,0.13805854586409688
2018-06-22 10:43:44.916514,0.002,21.0,0.0301203291315,0.138058545864,0.13805854586409688
2018-06-22 10:43:56.637510,0.002,21.333,0.0301203291315,0.138058545864,0.13805854586409688
2018-06-22 10:44:08.192951,0.002,21.333,0.0301203291315,0.138058545864,0.13805854586409688
2018-06-22 10:44:19.749639,0.002,19.833,0.0301203291315,0.138058545864,0.13805854586409688
2018-06-22 10:44:31.324014,0.001,19.833,0.0301203291315,0.138058545864,0.13805854586409688
2018-06-22 10:44:42.884385,0.001,19.833,0.0301203291315,0.138058545864,0.13805854586409688
2018-06-22 10:45:02.677672,0.001,21.167,0.0301203291315,0.138058545864,0.13805854586409688
2018-06-22 10:45:14.345745,0.006,22.0,0.0301203291315,0.138058545864,0.13805854586409688
2018-06-22 10:45:25.957027,0.005,20.833,0.0301203291315,0.138058545864,0.13805854586409688
2018-06-22 10:45:37.562004,0.001,20.333,0.0301203291315,0.138058545864,0.13805854586409688
2018-06-22 10:45:55.093708,0.001,21.0,0.0301203291315,0.138058545864,0.13805854586409688
2018-06-22 10:46:12.662261,0.011,21.333,1.0,0.138058545864,1.0
2018-06-22 10:46:24.223265,0.016,21.25,1.0,0.138058545864,1.0
2018-06-22 10:46:35.789311,0.001,21.0,0.0301203291315,0.138058545864,0.13805854586409688
2018-06-22 10:46:47.357944,0.001,21.167,0.0301203291315,0.138058545864,0.13805854586409688
2018-06-22 10:46:58.924834,0.001,21.333,0.0301203291315,0.138058545864,0.13805854586409688
2018-06-22 10:47:10.470419,0.001,21.333,0.0301203291315,0.138058545864,0.13805854586409688
2018-06-22 10:47:22.036841,0.001,21.167,0.0301203291315,0.138058545864,0.13805854586409688
2018-06-22 10:47:33.669433,0.001,21.167,0.0301203291315,0.138058545864,0.13805854586409688
2018-06-22 10:47:45.185277,0.002,21.333,0.0301203291315,0.138058545864,0.13805854586409688
2018-06-22 10:47:56.995215,0.002,21.167,0.0301203291315,0.138058545864,0.13805854586409688
2018-06-22 10:48:08.808391,0.002,21.167,0.0301203291315,0.138058545864,0.13805854586409688
2018-06-22 10:48:20.422992,0.002,21.0,0.0301203291315,0.138058545864,0.13805854586409688
2018-06-22 10:48:32.057352,0.002,21.0,0.0301203291315,0.138058545864,0.13805854586409688
2018-06-22 10:48:43.836227,0.002,21.167,0.0301203291315,0.138058545864,0.13805854586409688
2018-06-22 10:48:55.484705,0.002,21.333,0.0301203291315,0.138058545864,0.13805854586409688
2018-06-22 10:49:07.058825,0.002,21.333,0.0301203291315,0.138058545864,0.13805854586409688
2018-06-22 10:49:18.684238,0.002,21.333,0.0301203291315,0.138058545864,0.13805854586409688
2018-06-22 10:49:30.259288,0.002,21.167,0.0301203291315,0.138058545864,0.13805854586409688
2018-06-22 10:49:41.867706,0.002,21.167,0.0301203291315,0.138058545864,0.13805854586409688
2018-06-22 10:49:53.513648,0.002,21.167,0.0301203291315,0.138058545864,0.13805854586409688
2018-06-22 10:50:05.521615,0.007,21.167,0.0301203291315,0.138058545864,0.13805854586409688
2018-06-22 10:50:17.366025,0.007,21.333,0.0301203291315,0.138058545864,0.13805854586409688
2018-06-22 10:50:29.295319,0.007,21.5,0.0301203291315,0.138058545864,0.13805854586409688
2018-06-22 10:50:41.190392,0.002,21.333,0.0301203291315,0.138058545864,0.13805854586409688
2018-06-22 10:50:53.090524,0.002,21.167,0.0301203291315,0.138058545864,0.13805854586409688
2018-06-22 10:51:05.033162,0.002,21.0,0.0301203291315,0.138058545864,0.13805854586409688
2018-06-22 10:51:16.937546,0.002,21.167,0.0301203291315,0.138058545864,0.13805854586409688
2018-06-22 10:51:28.807109,0.002,21.333,0.0301203291315,0.138058545864,0.13805854586409688
2018-06-22 10:51:40.652872,0.002,21.333,0.0301203291315,0.138058545864,0.13805854586409688
2018-06-22 10:51:52.545906,0.002,21.333,0.0301203291315,0.138058545864,0.13805854586409688
2018-06-22 10:52:04.513350,0.002,21.25,0.0301203291315,0.138058545864,0.13805854586409688
2018-06-22 10:52:16.533441,0.002,21.167,0.0301203291315,0.138058545864,0.13805854586409688
2018-06-22 10:52:28.474533,0.002,21.333,0.0301203291315,0.138058545864,0.13805854586409688
2018-06-22 10:52:40.450790,0.002,21.333,0.0301203291315,0.138058545864,0.13805854586409688
2018-06-22 10:52:51.995435,0.002,21.333,0.0301203291315,0.138058545864,0.13805854586409688
2018-06-22 10:53:03.644189,0.002,21.167,0.0301203291315,0.138058545864,0.13805854586409688
2018-06-22 10:53:23.276196,0.002,19.667,0.0301203291315,0.138058545864,0.13805854586409688
2018-06-22 10:53:34.871672,0.001,19.0,0.0301203291315,0.138058545864,0.13805854586409688
2018-06-22 10:53:46.465381,0.001,21.333,0.0301203291315,0.138058545864,0.13805854586409688
2018-06-22 10:54:06.172899,0.001,21.333,0.0301203291315,0.138058545864,0.13805854586409688
2018-06-22 10:54:17.778841,0.001,21.333,0.0301203291315,0.138058545864,0.13805854586409688
2018-06-22 10:54:29.385139,0.001,21.333,0.0301203291315,0.138058545864,0.13805854586409688
2018-06-22 10:54:40.918306,0.001,21.333,0.0301203291315,0.138058545864,0.13805854586409688
2018-06-22 10:54:52.435995,0.001,21.333,0.0301203291315,0.138058545864,0.13805854586409688
2018-06-22 10:55:04.082259,0.001,21.25,0.0301203291315,0.138058545864,0.13805854586409688
2018-06-22 10:55:15.706067,0.001,21.167,0.0301203291315,0.138058545864,0.13805854586409688
2018-06-22 10:55:27.214965,0.001,21.167,0.0301203291315,0.138058545864,0.13805854586409688
2018-06-22 10:55:38.738390,0.001,21.333,0.0301203291315,0.138058545864,0.13805854586409688
2018-06-22 10:55:50.244472,0.001,21.333,0.0301203291315,0.138058545864,0.13805854586409688
2018-06-22 10:56:01.770030,0.001,21.333,0.0301203291315,0.138058545864,0.13805854586409688
2018-06-22 10:56:13.365944,0.001,21.333,0.0301203291315,0.138058545864,0.13805854586409688
2018-06-22 10:56:24.944918,0.001,21.333,0.0301203291315,0.138058545864,0.13805854586409688
2018-06-22 10:56:36.576947,0.001,21.167,0.0301203291315,0.138058545864,0.13805854586409688
2018-06-22 10:56:48.244977,0.001,21.333,0.0301203291315,0.138058545864,0.13805854586409688
2018-06-22 10:56:59.839018,0.001,21.167,0.0301203291315,0.138058545864,0.13805854586409688
2018-06-22 10:57:11.270651,0.001,21.333,0.0301203291315,0.138058545864,0.13805854586409688
2018-06-22 10:57:22.807277,0.001,21.167,0.0301203291315,0.138058545864,0.13805854586409688
2018-06-22 10:57:34.428376,0.001,21.25,0.0301203291315,0.138058545864,0.13805854586409688
2018-06-22 10:57:51.517856,0.001,21.333,0.0301203291315,0.138058545864,0.13805854586409688
2018-06-22 10:58:03.090123,0.001,21.167,0.0301203291315,0.138058545864,0.13805854586409688
2018-06-22 10:58:14.584847,0.001,21.25,0.0301203291315,0.138058545864,0.13805854586409688
2018-06-22 10:58:25.984204,0.001,21.333,0.0301203291315,0.138058545864,0.13805854586409688
2018-06-22 10:58:37.479656,0.001,21.333,0.0301203291315,0.138058545864,0.13805854586409688
2018-06-22 10:58:49.049731,0.001,21.333,0.0301203291315,0.138058545864,0.13805854586409688
2018-06-22 10:59:00.517224,0.001,21.167,0.0301203291315,0.138058545864,0.13805854586409688
2018-06-22 10:59:20.317603,0.002,21.333,0.0301203291315,0.138058545864,0.13805854586409688
2018-06-22 10:59:40.142855,0.002,21.333,0.0301203291315,0.138058545864,0.13805854586409688
2018-06-22 10:59:51.738413,0.002,21.333,0.0301203291315,0.138058545864,0.13805854586409688
2018-06-22 11:00:03.314082,0.002,21.5,0.0301203291315,0.138058545864,0.13805854586409688
2018-06-22 11:00:15.066412,0.002,21.25,0.0301203291315,0.138058545864,0.13805854586409688
2018-06-22 11:00:26.584729,0.002,21.167,0.0301203291315,0.138058545864,0.13805854586409688
2018-06-22 11:00:38.111794,0.002,21.333,0.0301203291315,0.138058545864,0.13805854586409688
2018-06-22 11:00:49.682315,0.002,21.333,0.0301203291315,0.138058545864,0.13805854586409688
2018-06-22 11:01:01.312451,0.002,21.333,0.0301203291315,0.138058545864,0.13805854586409688
2018-06-22 11:01:12.963949,0.002,21.167,0.0301203291315,0.138058545864,0.13805854586409688
2018-06-22 11:01:30.347754,0.002,21.333,0.0301203291315,0.138058545864,0.13805854586409688
2018-06-22 11:01:42.010944,0.002,21.5,0.0301203291315,0.138058545864,0.13805854586409688
2018-06-22 11:01:59.802253,0.002,21.333,0.0301203291315,0.138058545864,0.13805854586409688
2018-06-22 11:02:11.418063,0.002,21.167,0.0301203291315,0.138058545864,0.13805854586409688
2018-06-22 11:02:23.093365,0.002,21.333,0.0301203291315,0.138058545864,0.13805854586409688
2018-06-22 11:02:34.712608,0.002,21.5,0.0301203291315,0.138058545864,0.13805854586409688
2018-06-22 11:02:46.362704,0.002,21.333,0.0301203291315,0.138058545864,0.13805854586409688
2018-06-22 11:02:58.396370,0.002,21.167,0.0301203291315,0.138058545864,0.13805854586409688
2018-06-22 11:03:10.310568,0.002,21.0,0.0301203291315,0.138058545864,0.13805854586409688
2018-06-22 11:03:21.866677,0.002,21.0,0.0301203291315,0.138058545864,0.13805854586409688
2018-06-22 11:03:42.174520,0.002,21.167,0.0301203291315,0.138058545864,0.13805854586409688
2018-06-22 11:04:02.156660,0.002,21.333,0.0301203291315,0.138058545864,0.13805854586409688
2018-06-22 11:04:22.322533,0.001,19.833,0.0301203291315,0.138058545864,0.13805854586409688
2018-06-22 11:04:39.148470,0.002,21.167,0.0301203291315,0.138058545864,0.13805854586409688
2018-06-22 11:04:50.581850,0.002,21.167,0.0301203291315,0.138058545864,0.13805854586409688
2018-06-22 11:05:02.019122,0.001,19.667,0.0301203291315,0.138058545864,0.13805854586409688
2018-06-22 11:05:13.525133,0.001,19.833,0.0301203291315,0.138058545864,0.13805854586409688
2018-06-22 11:05:25.044609,0.001,21.25,0.0301203291315,0.138058545864,0.13805854586409688
2018-06-22 11:05:36.476440,0.001,21.167,0.0301203291315,0.138058545864,0.13805854586409688
2018-06-22 11:05:47.921352,0.001,21.167,0.0301203291315,0.138058545864,0.13805854586409688
2018-06-22 11:05:59.423730,0.001,21.25,0.0301203291315,0.138058545864,0.13805854586409688
2018-06-22 11:06:11.026163,0.001,18.833,0.0301203291315,0.138058545864,0.13805854586409688
2018-06-22 11:06:22.633887,0.001,18.833,0.0301203291315,0.138058545864,0.13805854586409688
2018-06-22 11:06:34.272159,0.001,21.25,0.0301203291315,0.138058545864,0.13805854586409688
2018-06-22 11:06:45.929592,0.001,21.333,0.0301203291315,0.138058545864,0.13805854586409688
2018-06-22 11:06:57.526105,0.001,21.167,0.0301203291315,0.138058545864,0.13805854586409688
2018-06-22 11:07:09.019088,0.001,21.167,0.0301203291315,0.138058545864,0.13805854586409688
2018-06-22 11:07:20.510484,0.001,21.333,0.0301203291315,0.138058545864,0.13805854586409688
2018-06-22 11:07:31.994713,0.001,21.5,0.0301203291315,0.138058545864,0.13805854586409688
2018-06-22 11:07:43.550834,0.001,21.333,0.0301203291315,0.138058545864,0.13805854586409688
2018-06-22 11:07:55.214411,0.001,21.0,0.0301203291315,0.138058545864,0.13805854586409688
2018-06-22 11:08:06.798414,0.001,21.167,0.0301203291315,0.138058545864,0.13805854586409688
2018-06-22 11:08:18.518221,0.001,21.167,0.0301203291315,0.138058545864,0.13805854586409688
2018-06-22 11:08:30.168712,0.001,21.333,0.0301203291315,0.138058545864,0.13805854586409688
2018-06-22 11:08:41.807805,0.001,21.167,0.0301203291315,0.138058545864,0.13805854586409688
2018-06-22 11:08:53.444177,0.001,21.167,0.0301203291315,0.138058545864,0.13805854586409688
2018-06-22 11:09:13.518312,0.001,21.333,0.0301203291315,0.138058545864,0.13805854586409688
2018-06-22 11:09:25.316597,0.001,21.333,0.0301203291315,0.138058545864,0.13805854586409688
2018-06-22 11:09:36.839132,0.001,21.333,0.0301203291315,0.138058545864,0.13805854586409688
2018-06-22 11:09:48.460879,0.001,21.333,0.0301203291315,0.138058545864,0.13805854586409688
2018-06-22 11:09:59.975002,0.001,21.333,0.0301203291315,0.138058545864,0.13805854586409688
2018-06-22 11:10:11.503656,0.001,21.333,0.0301203291315,0.138058545864,0.13805854586409688
2018-06-22 11:10:23.085318,0.001,21.333,0.0301203291315,0.138058545864,0.13805854586409688
2018-06-22 11:10:42.775822,0.001,21.167,0.0301203291315,0.138058545864,0.13805854586409688
2018-06-22 11:10:54.463906,0.002,21.5,0.0301203291315,0.138058545864,0.13805854586409688
2018-06-22 11:11:06.053700,0.002,21.167,0.0301203291315,0.138058545864,0.13805854586409688
2018-06-22 11:11:17.631051,0.002,21.167,0.0301203291315,0.138058545864,0.13805854586409688
2018-06-22 11:11:29.155061,0.002,21.167,0.0301203291315,0.138058545864,0.13805854586409688
2018-06-22 11:11:40.849872,0.002,21.333,0.0301203291315,0.138058545864,0.13805854586409688
2018-06-22 11:11:52.564956,0.002,21.167,0.0301203291315,0.138058545864,0.13805854586409688
2018-06-22 11:12:04.217128,0.002,21.0,0.0301203291315,0.138058545864,0.13805854586409688
2018-06-22 11:12:15.806321,0.002,21.333,0.0301203291315,0.138058545864,0.13805854586409688
2018-06-22 11:12:27.258173,0.002,21.333,0.0301203291315,0.138058545864,0.13805854586409688
2018-06-22 11:12:38.857491,0.002,21.167,0.0301203291315,0.138058545864,0.13805854586409688
2018-06-22 11:12:50.459682,0.002,21.167,0.0301203291315,0.138058545864,0.13805854586409688
2018-06-22 11:13:01.940354,0.002,21.167,0.0301203291315,0.138058545864,0.13805854586409688
2018-06-22 11:13:13.458368,0.002,21.333,0.0301203291315,0.138058545864,0.13805854586409688
2018-06-22 11:13:25.135386,0.002,21.333,0.0301203291315,0.138058545864,0.13805854586409688
2018-06-22 11:13:36.871257,0.002,21.167,0.0301203291315,0.138058545864,0.13805854586409688
2018-06-22 11:13:48.381036,0.002,21.167,0.0301203291315,0.138058545864,0.13805854586409688
2018-06-22 11:13:59.944716,0.002,21.167,0.0301203291315,0.138058545864,0.13805854586409688
2018-06-22 11:14:11.455368,0.002,21.333,0.0301203291315,0.138058545864,0.13805854586409688
2018-06-22 11:14:22.978687,0.002,21.167,0.0301203291315,0.138058545864,0.13805854586409688
2018-06-22 11:14:34.609540,0.002,21.25,0.0301203291315,0.138058545864,0.13805854586409688
2018-06-22 11:14:46.242644,0.002,21.333,0.0301203291315,0.138058545864,0.13805854586409688
2018-06-22 11:14:57.727166,0.002,21.333,0.0301203291315,0.138058545864,0.13805854586409688
2018-06-22 11:15:09.405318,0.002,21.333,0.0301203291315,0.138058545864,0.13805854586409688
2018-06-22 11:15:21.001674,0.002,21.333,0.0301203291315,0.138058545864,0.13805854586409688
2018-06-22 11:15:32.614136,0.002,21.167,0.0301203291315,0.138058545864,0.13805854586409688
2018-06-22 11:15:44.296473,0.002,21.25,0.0301203291315,0.138058545864,0.13805854586409688
2018-06-22 11:15:55.892690,0.004,21.167,0.0301203291315,0.138058545864,0.13805854586409688
2018-06-22 11:16:07.543588,0.004,21.167,0.0301203291315,0.138058545864,0.13805854586409688
2018-06-22 11:16:19.173802,0.003,20.5,0.0301203291315,0.138058545864,0.13805854586409688
2018-06-22 11:16:30.795150,0.004,22.0,0.0301203291315,0.138058545864,0.13805854586409688
2018-06-22 11:16:42.509759,0.003,21.833,0.0301203291315,0.138058545864,0.13805854586409688
2018-06-22 11:17:00.098193,0.002,19.667,0.0301203291315,0.138058545864,0.13805854586409688
2018-06-22 11:17:17.314222,0.001,19.833,0.0301203291315,0.138058545864,0.13805854586409688
2018-06-22 11:17:29.203445,0.001,21.333,0.0301203291315,0.138058545864,0.13805854586409688
2018-06-22 11:17:41.193458,0.001,21.333,0.0301203291315,0.138058545864,0.13805854586409688
2018-06-22 11:17:52.782734,0.001,21.333,0.0301203291315,0.138058545864,0.13805854586409688
2018-06-22 11:18:04.742647,0.001,21.25,0.0301203291315,0.138058545864,0.13805854586409688
2018-06-22 11:18:16.634565,0.001,21.333,0.0301203291315,0.138058545864,0.13805854586409688
2018-06-22 11:18:28.515312,0.001,21.167,0.0301203291315,0.138058545864,0.13805854586409688
2018-06-22 11:18:40.430636,0.001,21.167,0.0301203291315,0.138058545864,0.13805854586409688
2018-06-22 11:18:52.263348,0.001,21.167,0.0301203291315,0.138058545864,0.13805854586409688
2018-06-22 11:19:03.965968,0.001,21.167,0.0301203291315,0.138058545864,0.13805854586409688
2018-06-22 11:19:15.960481,0.001,21.167,0.0301203291315,0.138058545864,0.13805854586409688
2018-06-22 11:19:27.821838,0.001,21.333,0.0301203291315,0.138058545864,0.13805854586409688
2018-06-22 11:19:39.797807,0.001,21.167,0.0301203291315,0.138058545864,0.13805854586409688
2018-06-22 11:19:51.553522,0.001,21.333,0.0301203291315,0.138058545864,0.13805854586409688
2018-06-22 11:20:03.237409,0.001,21.167,0.0301203291315,0.138058545864,0.13805854586409688
2018-06-22 11:20:14.945696,0.001,21.333,0.0301203291315,0.138058545864,0.13805854586409688
2018-06-22 11:20:26.591607,0.001,21.333,0.0301203291315,0.138058545864,0.13805854586409688
2018-06-22 11:20:38.264828,0.001,21.167,0.0301203291315,0.138058545864,0.13805854586409688
2018-06-22 11:20:49.917463,0.001,21.167,0.0301203291315,0.138058545864,0.13805854586409688
2018-06-22 11:21:01.626004,0.001,21.167,0.0301203291315,0.138058545864,0.13805854586409688
2018-06-22 11:21:13.262474,0.001,21.333,0.0301203291315,0.138058545864,0.13805854586409688
2018-06-22 11:21:24.918556,0.001,21.25,0.0301203291315,0.138058545864,0.13805854586409688
2018-06-22 11:21:36.564463,0.001,21.167,0.0301203291315,0.138058545864,0.13805854586409688
2018-06-22 11:21:48.237837,0.001,21.333,0.0301203291315,0.138058545864,0.13805854586409688
2018-06-22 11:21:59.969751,0.001,21.333,0.0301203291315,0.138058545864,0.13805854586409688
2018-06-22 11:22:11.647055,0.001,21.333,0.0301203291315,0.138058545864,0.13805854586409688
2018-06-22 11:22:23.320630,0.001,21.167,0.0301203291315,0.138058545864,0.13805854586409688
2018-06-22 11:22:34.827823,0.002,21.25,0.0301203291315,0.138058545864,0.13805854586409688
2018-06-22 11:22:46.496658,0.002,21.5,0.0301203291315,0.138058545864,0.13805854586409688
2018-06-22 11:22:58.337604,0.002,21.333,0.0301203291315,0.138058545864,0.13805854586409688
2018-06-22 11:23:10.148030,0.002,21.333,0.0301203291315,0.138058545864,0.13805854586409688
2018-06-22 11:23:22.049127,0.002,21.333,0.0301203291315,0.138058545864,0.13805854586409688
2018-06-22 11:23:33.800771,0.002,21.5,0.0301203291315,0.138058545864,0.13805854586409688
2018-06-22 11:23:45.671770,0.002,21.167,0.0301203291315,0.138058545864,0.13805854586409688
2018-06-22 11:23:57.548471,0.002,21.0,0.0301203291315,0.138058545864,0.13805854586409688
2018-06-22 11:24:09.175434,0.002,21.167,0.0301203291315,0.138058545864,0.13805854586409688
2018-06-22 11:24:28.842958,0.002,21.333,0.0301203291315,0.138058545864,0.13805854586409688
2018-06-22 11:24:48.427025,0.002,21.167,0.0301203291315,0.138058545864,0.13805854586409688
2018-06-22 11:24:59.994707,0.002,21.167,0.0301203291315,0.138058545864,0.13805854586409688
2018-06-22 11:25:11.570521,0.002,21.167,0.0301203291315,0.138058545864,0.13805854586409688
2018-06-22 11:25:23.133658,0.002,21.167,0.0301203291315,0.138058545864,0.13805854586409688
2018-06-22 11:25:34.677179,0.002,21.167,0.0301203291315,0.138058545864,0.13805854586409688
2018-06-22 11:25:46.247429,0.002,21.167,0.0301203291315,0.138058545864,0.13805854586409688
2018-06-22 11:25:57.809973,0.002,21.167,0.0301203291315,0.138058545864,0.13805854586409688
2018-06-22 11:26:09.404109,0.002,21.167,0.0301203291315,0.138058545864,0.13805854586409688
2018-06-22 11:26:20.941829,0.002,21.167,0.0301203291315,0.138058545864,0.13805854586409688
2018-06-22 11:26:32.493106,0.002,21.167,0.0301203291315,0.138058545864,0.13805854586409688
2018-06-22 11:26:44.124055,0.002,21.5,0.0301203291315,0.138058545864,0.13805854586409688
2018-06-22 11:26:55.738779,0.002,21.5,0.0301203291315,0.138058545864,0.13805854586409688
2018-06-22 11:27:07.193126,0.001,20.0,0.0301203291315,0.138058545864,0.13805854586409688
2018-06-22 11:27:18.732632,0.001,19.833,0.0301203291315,0.138058545864,0.13805854586409688
2018-06-22 11:27:30.340119,0.001,21.333,0.0301203291315,0.138058545864,0.13805854586409688
2018-06-22 11:27:41.907076,0.001,21.333,0.0301203291315,0.138058545864,0.13805854586409688
2018-06-22 11:27:53.437127,0.001,21.333,0.0301203291315,0.138058545864,0.13805854586409688
2018-06-22 11:28:04.874313,0.001,21.167,0.0301203291315,0.138058545864,0.13805854586409688
2018-06-22 11:28:16.409868,0.001,21.167,0.0301203291315,0.138058545864,0.13805854586409688
2018-06-22 11:28:28.061157,0.001,21.333,0.0301203291315,0.138058545864,0.13805854586409688
2018-06-22 11:28:39.602981,0.001,21.167,0.0301203291315,0.138058545864,0.13805854586409688
2018-06-22 11:28:51.080049,0.001,21.333,0.0301203291315,0.138058545864,0.13805854586409688
2018-06-22 11:29:02.607841,0.001,21.333,0.0301203291315,0.138058545864,0.13805854586409688
2018-06-22 11:29:14.224260,0.001,21.5,0.0301203291315,0.138058545864,0.13805854586409688
2018-06-22 11:29:25.809371,0.001,21.333,0.0301203291315,0.138058545864,0.13805854586409688
2018-06-22 11:29:37.278908,0.001,21.167,0.0301203291315,0.138058545864,0.13805854586409688
2018-06-22 11:29:48.839095,0.001,21.333,0.0301203291315,0.138058545864,0.13805854586409688
2018-06-22 11:30:00.437790,0.001,21.333,0.0301203291315,0.138058545864,0.13805854586409688
2018-06-22 11:30:11.983162,0.001,21.5,0.0301203291315,0.138058545864,0.13805854586409688
2018-06-22 11:30:23.549271,0.001,21.5,0.0301203291315,0.138058545864,0.13805854586409688
2018-06-22 11:30:35.281284,0.001,25.6,0.0301203291315,0.138058545864,0.13805854586409688
2018-06-22 11:30:46.960943,0.001,21.167,0.0301203291315,0.138058545864,0.13805854586409688
2018-06-22 11:30:58.625813,0.001,21.333,0.0301203291315,0.138058545864,0.13805854586409688
2018-06-22 11:31:10.260309,0.001,21.167,0.0301203291315,0.138058545864,0.13805854586409688
2018-06-22 11:31:21.754850,0.001,21.167,0.0301203291315,0.138058545864,0.13805854586409688
2018-06-22 11:31:33.426581,0.001,21.167,0.0301203291315,0.138058545864,0.13805854586409688
2018-06-22 11:31:53.281100,0.001,21.333,0.0301203291315,0.138058545864,0.13805854586409688
2018-06-22 11:32:10.975632,0.001,21.333,0.0301203291315,0.138058545864,0.13805854586409688
2018-06-22 11:32:28.630236,0.001,21.333,0.0301203291315,0.138058545864,0.13805854586409688
2018-06-22 11:32:45.929681,0.002,21.333,0.0301203291315,0.138058545864,0.13805854586409688
2018-06-22 11:32:57.544459,0.002,21.333,0.0301203291315,0.138058545864,0.13805854586409688
2018-06-22 11:33:09.480714,0.002,21.167,0.0301203291315,0.138058545864,0.13805854586409688
2018-06-22 11:33:21.146988,0.002,21.167,0.0301203291315,0.138058545864,0.13805854586409688
2018-06-22 11:33:32.701047,0.002,21.167,0.0301203291315,0.138058545864,0.13805854586409688
2018-06-22 11:33:44.318033,0.002,21.25,0.0301203291315,0.138058545864,0.13805854586409688
2018-06-22 11:33:55.934521,0.002,21.0,0.0301203291315,0.138058545864,0.13805854586409688
2018-06-22 11:34:07.599803,0.002,21.167,0.0301203291315,0.138058545864,0.13805854586409688
2018-06-22 11:34:19.265604,0.002,21.167,0.0301203291315,0.138058545864,0.13805854586409688
2018-06-22 11:34:30.887881,0.002,21.167,0.0301203291315,0.138058545864,0.13805854586409688
2018-06-22 11:34:42.627346,0.002,21.167,0.0301203291315,0.138058545864,0.13805854586409688
2018-06-22 11:34:54.290973,0.002,21.5,0.0301203291315,0.138058545864,0.13805854586409688
2018-06-22 11:35:05.824700,0.002,21.333,0.0301203291315,0.138058545864,0.13805854586409688
2018-06-22 11:35:17.494420,0.002,21.167,0.0301203291315,0.138058545864,0.13805854586409688
2018-06-22 11:35:29.071797,0.002,21.333,0.0301203291315,0.138058545864,0.13805854586409688
2018-06-22 11:35:40.958161,0.002,21.167,0.0301203291315,0.138058545864,0.13805854586409688
2018-06-22 11:35:52.828547,0.002,21.333,0.0301203291315,0.138058545864,0.13805854586409688
2018-06-22 11:36:04.477188,0.002,21.5,0.0301203291315,0.138058545864,0.13805854586409688
2018-06-22 11:36:16.337782,0.001,20.0,0.0301203291315,0.138058545864,0.13805854586409688
2018-06-22 11:36:28.250416,0.001,19.833,0.0301203291315,0.138058545864,0.13805854586409688
2018-06-22 11:36:40.158871,0.001,21.167,0.0301203291315,0.138058545864,0.13805854586409688
2018-06-22 11:36:52.128076,0.001,21.167,0.0301203291315,0.138058545864,0.13805854586409688
2018-06-22 11:37:03.728245,0.001,21.333,0.0301203291315,0.138058545864,0.13805854586409688
2018-06-22 11:37:15.665650,0.001,21.333,0.0301203291315,0.138058545864,0.13805854586409688
2018-06-22 11:37:27.590008,0.001,21.333,0.0301203291315,0.138058545864,0.13805854586409688
2018-06-22 11:37:39.613484,0.001,21.167,0.0301203291315,0.138058545864,0.13805854586409688
2018-06-22 11:37:51.515319,0.001,21.167,0.0301203291315,0.138058545864,0.13805854586409688
2018-06-22 11:38:03.406737,0.001,21.167,0.0301203291315,0.138058545864,0.13805854586409688
2018-06-22 11:38:15.309473,0.001,21.5,0.0301203291315,0.138058545864,0.13805854586409688
2018-06-22 11:38:27.147944,0.001,21.5,0.0301203291315,0.138058545864,0.13805854586409688
2018-06-22 11:38:39.112836,0.001,21.333,0.0301203291315,0.138058545864,0.13805854586409688
2018-06-22 11:38:51.077093,0.001,21.333,0.0301203291315,0.138058545864,0.13805854586409688
2018-06-22 11:39:03.068189,0.001,21.333,0.0301203291315,0.138058545864,0.13805854586409688
2018-06-22 11:39:14.669402,0.001,21.5,0.0301203291315,0.138058545864,0.13805854586409688
2018-06-22 11:39:26.588820,0.001,21.333,0.0301203291315,0.138058545864,0.13805854586409688
2018-06-22 11:39:38.532147,0.001,21.167,0.0301203291315,0.138058545864,0.13805854586409688
2018-06-22 11:39:50.145763,0.001,21.333,0.0301203291315,0.138058545864,0.13805854586409688
2018-06-22 11:40:01.784881,0.001,21.167,0.0301203291315,0.138058545864,0.13805854586409688
2018-06-22 11:40:13.459376,0.001,21.167,0.0301203291315,0.138058545864,0.13805854586409688
2018-06-22 11:40:25.185107,0.001,21.0,0.0301203291315,0.138058545864,0.13805854586409688
2018-06-22 11:40:36.870913,0.001,21.167,0.0301203291315,0.138058545864,0.13805854586409688
2018-06-22 11:40:48.445464,0.001,21.167,0.0301203291315,0.138058545864,0.13805854586409688
2018-06-22 11:40:59.993857,0.001,21.333,0.0301203291315,0.138058545864,0.13805854586409688
2018-06-22 11:41:11.607690,0.001,21.167,0.0301203291315,0.138058545864,0.13805854586409688
2018-06-22 11:41:23.259446,0.001,21.333,0.0301203291315,0.138058545864,0.13805854586409688
2018-06-22 11:41:34.887578,0.001,21.25,0.0301203291315,0.138058545864,0.13805854586409688
2018-06-22 11:41:46.587794,0.002,21.333,0.0301203291315,0.138058545864,0.13805854586409688
2018-06-22 11:41:58.190517,0.002,21.5,0.0301203291315,0.138058545864,0.13805854586409688
2018-06-22 11:42:09.917257,0.002,21.333,0.0301203291315,0.138058545864,0.13805854586409688
2018-06-22 11:42:21.588760,0.002,21.333,0.0301203291315,0.138058545864,0.13805854586409688
2018-06-22 11:42:33.589761,0.002,21.333,0.0301203291315,0.138058545864,0.13805854586409688
2018-06-22 11:42:45.530770,0.002,21.333,0.0301203291315,0.138058545864,0.13805854586409688
2018-06-22 11:42:57.445181,0.002,21.167,0.0301203291315,0.138058545864,0.13805854586409688
2018-06-22 11:43:09.323887,0.002,21.167,0.0301203291315,0.138058545864,0.13805854586409688
2018-06-22 11:43:21.277994,0.002,21.167,0.0301203291315,0.138058545864,0.13805854586409688
2018-06-22 11:43:33.180459,0.002,21.167,0.0301203291315,0.138058545864,0.13805854586409688
2018-06-22 11:43:45.080922,0.002,21.25,0.0301203291315,0.138058545864,0.13805854586409688
2018-06-22 11:43:56.915093,0.002,21.333,0.0301203291315,0.138058545864,0.13805854586409688
2018-06-22 11:44:08.801801,0.002,21.167,0.0301203291315,0.138058545864,0.13805854586409688
2018-06-22 11:44:20.643872,0.002,21.167,0.0301203291315,0.138058545864,0.13805854586409688
2018-06-22 11:44:32.538052,0.002,21.167,0.0301203291315,0.138058545864,0.13805854586409688
2018-06-22 11:44:44.486924,0.002,21.25,0.0301203291315,0.138058545864,0.13805854586409688
2018-06-22 11:44:56.426594,0.002,21.167,0.0301203291315,0.138058545864,0.13805854586409688
2018-06-22 11:45:08.265679,0.002,21.333,0.0301203291315,0.138058545864,0.13805854586409688
2018-06-22 11:45:20.169780,0.002,21.333,0.0301203291315,0.138058545864,0.13805854586409688
2018-06-22 11:45:32.022252,0.002,21.5,0.0301203291315,0.138058545864,0.13805854586409688
2018-06-22 11:45:43.917049,0.002,21.5,0.0301203291315,0.138058545864,0.13805854586409688
2018-06-22 11:45:55.834750,0.001,19.833,0.0301203291315,0.138058545864,0.13805854586409688
2018-06-22 11:46:07.490646,0.001,19.833,0.0301203291315,0.138058545864,0.13805854586409688
2018-06-22 11:46:19.108556,0.001,21.167,0.0301203291315,0.138058545864,0.13805854586409688
2018-06-22 11:46:30.765125,0.001,21.333,0.0301203291315,0.138058545864,0.13805854586409688
2018-06-22 11:46:42.328442,0.001,21.167,0.0301203291315,0.138058545864,0.13805854586409688
2018-06-22 11:46:53.968739,0.001,21.25,0.0301203291315,0.138058545864,0.13805854586409688
2018-06-22 11:47:05.762618,0.001,21.167,0.0301203291315,0.138058545864,0.13805854586409688
2018-06-22 11:47:17.395184,0.001,21.167,0.0301203291315,0.138058545864,0.13805854586409688
2018-06-22 11:47:29.087558,0.001,21.333,0.0301203291315,0.138058545864,0.13805854586409688
2018-06-22 11:47:40.659693,0.001,21.333,0.0301203291315,0.138058545864,0.13805854586409688
2018-06-22 11:47:52.265242,0.001,21.167,0.0301203291315,0.138058545864,0.13805854586409688
2018-06-22 11:48:03.946191,0.001,21.0,0.0301203291315,0.138058545864,0.13805854586409688
2018-06-22 11:48:15.553101,0.001,17.0,0.0301203291315,0.138058545864,0.13805854586409688
2018-06-22 11:48:27.210276,0.001,21.333,0.0301203291315,0.138058545864,0.13805854586409688
2018-06-22 11:48:38.842289,0.001,21.167,0.0301203291315,0.138058545864,0.13805854586409688
2018-06-22 11:48:50.465565,0.001,21.167,0.0301203291315,0.138058545864,0.13805854586409688
2018-06-22 11:49:02.094838,0.001,21.0,0.0301203291315,0.138058545864,0.13805854586409688
2018-06-22 11:49:13.826074,0.001,21.167,0.0301203291315,0.138058545864,0.13805854586409688
2018-06-22 11:49:25.741102,0.001,21.333,0.0301203291315,0.138058545864,0.13805854586409688
2018-06-22 11:49:37.701912,0.001,21.333,0.0301203291315,0.138058545864,0.13805854586409688
2018-06-22 11:49:49.659289,0.001,21.167,0.0301203291315,0.138058545864,0.13805854586409688
2018-06-22 11:50:01.595780,0.001,21.333,0.0301203291315,0.138058545864,0.13805854586409688
2018-06-22 11:50:13.488249,0.001,21.167,0.0301203291315,0.138058545864,0.13805854586409688
2018-06-22 11:50:25.445175,0.002,21.0,0.0301203291315,0.138058545864,0.13805854586409688
2018-06-22 11:50:37.350743,0.002,21.167,0.0301203291315,0.138058545864,0.13805854586409688
2018-06-22 11:50:49.249398,0.002,21.167,0.0301203291315,0.138058545864,0.13805854586409688
2018-06-22 11:51:01.142124,0.002,21.167,0.0301203291315,0.138058545864,0.13805854586409688
2018-06-22 11:51:13.081734,0.001,21.0,0.0301203291315,0.138058545864,0.13805854586409688
2018-06-22 11:51:25.090054,0.002,21.25,0.0301203291315,0.138058545864,0.13805854586409688
2018-06-22 11:51:36.989754,0.002,21.333,0.0301203291315,0.138058545864,0.13805854586409688
2018-06-22 11:51:48.963732,0.002,21.333,0.0301203291315,0.138058545864,0.13805854586409688
2018-06-22 11:52:00.819020,0.002,21.5,0.0301203291315,0.138058545864,0.13805854586409688
2018-06-22 11:52:12.747440,0.002,21.333,0.0301203291315,0.138058545864,0.13805854586409688
2018-06-22 11:52:24.378194,0.002,21.0,0.0301203291315,0.138058545864,0.13805854586409688
2018-06-22 11:52:36.203837,0.002,21.333,0.0301203291315,0.138058545864,0.13805854586409688
2018-06-22 11:52:48.110964,0.002,21.333,0.0301203291315,0.138058545864,0.13805854586409688
2018-06-22 11:52:59.766679,0.002,21.333,0.0301203291315,0.138058545864,0.13805854586409688
2018-06-22 11:53:11.390257,0.002,21.333,0.0301203291315,0.138058545864,0.13805854586409688
2018-06-22 11:53:23.084301,0.002,21.333,0.0301203291315,0.138058545864,0.13805854586409688
2018-06-22 11:53:35.051609,0.002,21.0,0.0301203291315,0.138058545864,0.13805854586409688
2018-06-22 11:53:46.683670,0.002,21.167,0.0301203291315,0.138058545864,0.13805854586409688
2018-06-22 11:53:58.343410,0.002,21.333,0.0301203291315,0.138058545864,0.13805854586409688
2018-06-22 11:54:09.959549,0.002,21.167,0.0301203291315,0.138058545864,0.13805854586409688
2018-06-22 11:54:21.538314,0.002,21.167,0.0301203291315,0.138058545864,0.13805854586409688
2018-06-22 11:54:33.146125,0.002,19.667,0.0301203291315,0.138058545864,0.13805854586409688
2018-06-22 11:54:44.890928,0.001,19.25,0.0301203291315,0.138058545864,0.13805854586409688
2018-06-22 11:54:56.551619,0.001,21.333,0.0301203291315,0.138058545864,0.13805854586409688
2018-06-22 11:55:08.088519,0.001,21.333,0.0301203291315,0.138058545864,0.13805854586409688
2018-06-22 11:55:19.818223,0.001,21.333,0.0301203291315,0.138058545864,0.13805854586409688
2018-06-22 11:55:31.462154,0.001,21.167,0.0301203291315,0.138058545864,0.13805854586409688
2018-06-22 11:55:43.041319,0.001,21.167,0.0301203291315,0.138058545864,0.13805854586409688
2018-06-22 11:55:54.963065,0.001,21.25,0.0301203291315,0.138058545864,0.13805854586409688
2018-06-22 11:56:06.841109,0.001,21.167,0.0301203291315,0.138058545864,0.13805854586409688
2018-06-22 11:56:18.728747,0.001,21.333,0.0301203291315,0.138058545864,0.13805854586409688
2018-06-22 11:56:30.676645,0.001,21.333,0.0301203291315,0.138058545864,0.13805854586409688
2018-06-22 11:56:42.577428,0.001,21.333,0.0301203291315,0.138058545864,0.13805854586409688
2018-06-22 11:56:54.474037,0.001,21.5,0.0301203291315,0.138058545864,0.13805854586409688
2018-06-22 11:57:06.339681,0.001,21.167,0.0301203291315,0.138058545864,0.13805854586409688
2018-06-22 11:57:18.269627,0.001,21.167,0.0301203291315,0.138058545864,0.13805854586409688
2018-06-22 11:57:30.140156,0.001,21.167,0.0301203291315,0.138058545864,0.13805854586409688
2018-06-22 11:57:42.054111,0.001,21.333,0.0301203291315,0.138058545864,0.13805854586409688
2018-06-22 11:57:54.061590,0.001,21.25,0.0301203291315,0.138058545864,0.13805854586409688
2018-06-22 11:58:05.915754,0.001,21.333,0.0301203291315,0.138058545864,0.13805854586409688
2018-06-22 11:58:17.836819,0.001,21.333,0.0301203291315,0.138058545864,0.13805854586409688
2018-06-22 11:58:29.666930,0.001,21.333,0.0301203291315,0.138058545864,0.13805854586409688
2018-06-22 11:58:41.498735,0.001,21.167,0.0301203291315,0.138058545864,0.13805854586409688
2018-06-22 11:58:53.368473,0.001,21.333,0.0301203291315,0.138058545864,0.13805854586409688
2018-06-22 11:59:05.354335,0.001,21.333,0.0301203291315,0.138058545864,0.13805854586409688
2018-06-22 11:59:17.274878,0.001,21.333,0.0301203291315,0.138058545864,0.13805854586409688
2018-06-22 11:59:29.178360,0.001,21.5,0.0301203291315,0.138058545864,0.13805854586409688
2018-06-22 11:59:41.075406,0.001,21.333,0.0301203291315,0.138058545864,0.13805854586409688
2018-06-22 11:59:52.707766,0.001,21.167,0.0301203291315,0.138058545864,0.13805854586409688
2018-06-22 12:00:04.372798,0.001,21.25,0.0301203291315,0.138058545864,0.13805854586409688
2018-06-22 12:00:15.982530,0.001,21.167,0.0301203291315,0.138058545864,0.13805854586409688
2018-06-22 12:00:27.673324,0.001,21.167,0.0301203291315,0.138058545864,0.13805854586409688
2018-06-22 12:00:39.359168,0.002,21.333,0.0301203291315,0.138058545864,0.13805854586409688
2018-06-22 12:00:50.948644,0.002,21.5,0.0301203291315,0.138058545864,0.13805854586409688
2018-06-22 12:01:02.499693,0.002,21.333,0.0301203291315,0.138058545864,0.13805854586409688
2018-06-22 12:01:14.203540,0.002,21.25,0.0301203291315,0.138058545864,0.13805854586409688
2018-06-22 12:01:25.761175,0.002,21.333,0.0301203291315,0.138058545864,0.13805854586409688
2018-06-22 12:01:37.427699,0.002,21.333,0.0301203291315,0.138058545864,0.13805854586409688
