2018-06-18 15:59:44.066647,0.247,1122.5,0.0301029996659,0.0301029996659,0.0301029996658834
2018-06-18 15:59:55.650173,0.103,423.167,0.0301029996659,0.0301029996659,0.0301029996658834
2018-06-18 16:00:07.121558,0.028,479.5,1.0,0.0301029996659,1.0
2018-06-18 16:00:18.582519,0.042,467.5,0.0301029996659,0.0301029996659,0.0301029996658834
2018-06-18 16:00:30.030711,0.039,461.333,0.0301029996659,0.0301029996659,0.0301029996658834
2018-06-18 16:00:41.490646,0.043,454.667,0.0301029996659,0.0301029996659,0.0301029996658834
2018-06-18 16:00:53.022914,0.026,460.833,0.0301029996659,0.0301029996659,0.0301029996658834
2018-06-18 16:01:04.425498,0.019,453.0,0.0301029996659,0.0301029996659,0.0301029996658834
2018-06-18 16:01:15.839690,0.019,452.5,0.0301029996659,0.0301029996659,0.0301029996658834
2018-06-18 16:01:27.260555,0.018,452.5,0.0301029996659,0.0301029996659,0.0301029996658834
2018-06-18 16:01:38.692275,0.025,459.167,0.0301029996659,0.0301029996659,0.0301029996658834
2018-06-18 16:01:50.175447,0.024,454.833,0.0301029996659,0.0301029996659,0.0301029996658834
2018-06-18 16:02:01.606982,0.023,455.0,0.0301029996659,0.0301029996659,0.0301029996658834
2018-06-18 16:02:13.071969,0.015,454.833,0.0301029996659,0.0301029996659,0.0301029996658834
2018-06-18 16:02:24.501780,0.03,487.75,0.0301029996659,0.0301029996659,0.0301029996658834
2018-06-18 16:02:36.002154,0.041,449.5,0.0301029996659,0.0301029996659,0.0301029996658834
2018-06-18 16:02:47.735433,0.043,448.667,0.0301029996659,0.0301029996659,0.0301029996658834
2018-06-18 16:02:59.182089,0.025,448.833,0.0301029996659,0.0301029996659,0.0301029996658834
2018-06-18 16:03:10.644750,0.033,461.167,0.0301029996659,0.0301029996659,0.0301029996658834
2018-06-18 16:03:22.118107,0.033,466.0,0.0301029996659,0.0301029996659,0.0301029996658834
2018-06-18 16:03:33.610502,0.032,467.167,0.0301029996659,0.0301029996659,0.0301029996658834
2018-06-18 16:03:45.075847,0.011,436.25,0.0301029996659,0.0301029996659,0.0301029996658834
2018-06-18 16:03:56.554852,0.012,461.167,0.0301029996659,0.0301029996659,0.0301029996658834
2018-06-18 16:04:07.946620,0.013,467.333,0.0301029996659,0.0301029996659,0.0301029996658834
2018-06-18 16:04:19.388164,0.012,460.833,0.0301029996659,0.0301029996659,0.0301029996658834
2018-06-18 16:04:30.821400,0.016,458.167,0.0301029996659,0.0301029996659,0.0301029996658834
2018-06-18 16:04:42.291326,0.016,458.333,0.0301029996659,0.0301029996659,0.0301029996658834
2018-06-18 16:04:53.731063,0.018,458.5,0.0301029996659,0.0301029996659,0.0301029996658834
2018-06-18 16:05:05.307961,0.076,434.25,0.0301029996659,0.0301029996659,0.0301029996658834
2018-06-18 16:05:16.823454,0.051,454.667,0.0301029996659,0.0301029996659,0.0301029996658834
2018-06-18 16:05:28.367012,0.013,461.333,0.0301029996659,0.0301029996659,0.0301029996658834
2018-06-18 16:05:39.903039,0.013,467.333,0.0301029996659,0.0301029996659,0.0301029996658834
2018-06-18 16:05:51.360203,0.013,455.167,0.0301029996659,0.0301029996659,0.0301029996658834
2018-06-18 16:06:02.752667,0.011,454.833,0.0301029996659,0.0301029996659,0.0301029996658834
2018-06-18 16:06:14.163564,0.012,485.75,0.0301029996659,0.0301029996659,0.0301029996658834
2018-06-18 16:06:25.638408,0.013,454.667,0.0301029996659,0.0301029996659,0.0301029996658834
2018-06-18 16:06:37.114011,0.013,455.0,0.0301029996659,0.0301029996659,0.0301029996658834
2018-06-18 16:06:48.522490,0.014,454.667,0.0301029996659,0.0301029996659,0.0301029996658834
2018-06-18 16:06:59.932143,0.013,455.0,0.0301029996659,0.0301029996659,0.0301029996658834
2018-06-18 16:07:11.326179,0.014,448.667,0.0301029996659,0.0301029996659,0.0301029996658834
2018-06-18 16:07:22.756140,0.012,449.0,0.0301029996659,0.0301029996659,0.0301029996658834
2018-06-18 16:07:34.576197,0.012,443.5,0.0301029996659,0.0301029996659,0.0301029996658834
2018-06-18 16:07:46.322525,0.034,454.667,0.0301029996659,0.0301029996659,0.0301029996658834
2018-06-18 16:07:58.076989,0.051,455.0,0.0301029996659,0.0301029996659,0.0301029996658834
2018-06-18 16:08:09.914750,0.051,454.833,0.0301029996659,0.0301029996659,0.0301029996658834
2018-06-18 16:08:21.690907,0.03,454.833,0.0301029996659,0.0301029996659,0.0301029996658834
2018-06-18 16:08:33.409741,0.02,454.667,0.0301029996659,0.0301029996659,0.0301029996658834
2018-06-18 16:08:44.971749,0.028,495.5,0.0301029996659,0.0301029996659,0.0301029996658834
2018-06-18 16:08:56.813932,0.016,460.667,0.0301029996659,0.0301029996659,0.0301029996658834
2018-06-18 16:09:08.631660,0.041,455.667,0.0301029996659,0.0301029996659,0.0301029996658834
2018-06-18 16:09:20.384389,0.041,462.0,0.0301029996659,0.0301029996659,0.0301029996658834
2018-06-18 16:09:32.148658,0.039,461.667,0.0301029996659,0.0301029996659,0.0301029996658834
2018-06-18 16:09:43.666110,0.016,467.0,0.0301029996659,0.0301029996659,0.0301029996658834
2018-06-18 16:09:55.123768,0.019,444.0,0.0301029996659,0.0301029996659,0.0301029996658834
2018-06-18 16:10:06.549592,0.013,704.667,0.0301029996659,0.0301029996659,0.0301029996658834
2018-06-18 16:10:17.956537,0.013,824.167,0.0301029996659,0.0301029996659,0.0301029996658834
2018-06-18 16:10:29.396082,0.012,1027.333,0.0301029996659,0.0301029996659,0.0301029996658834
2018-06-18 16:10:40.856848,0.012,1035.333,0.0301029996659,0.0301029996659,0.0301029996658834
2018-06-18 16:10:52.343943,0.012,1047.5,0.0301029996659,0.0301029996659,0.0301029996658834
2018-06-18 16:11:03.815954,0.012,1037.5,0.0301029996659,0.0301029996659,0.0301029996658834
2018-06-18 16:11:15.245286,0.013,1040.5,0.0301029996659,0.0301029996659,0.0301029996658834
2018-06-18 16:11:26.659332,0.012,1026.5,0.0301029996659,0.0301029996659,0.0301029996658834
2018-06-18 16:11:38.063378,0.037,1005.833,0.0301029996659,0.0301029996659,0.0301029996658834
2018-06-18 16:11:49.465904,0.08,996.0,0.0301029996659,0.0301029996659,0.0301029996658834
2018-06-18 16:12:08.838571,0.071,1219.167,0.0301029996659,1.0,1.0
2018-06-18 16:12:25.900838,0.032,1553.5,0.0301029996659,1.0,1.0
2018-06-18 16:12:37.322660,0.026,1380.0,0.0301029996659,0.0301029996659,0.0301029996658834
2018-06-18 16:12:48.711273,0.026,1215.5,0.0301029996659,0.0301029996659,0.0301029996658834
2018-06-18 16:13:00.120710,0.027,1029.0,0.0301029996659,0.0301029996659,0.0301029996658834
2018-06-18 16:13:11.591234,0.037,1028.667,0.0301029996659,0.0301029996659,0.0301029996658834
2018-06-18 16:13:23.000904,0.026,960.333,0.0301029996659,0.0301029996659,0.0301029996658834
2018-06-18 16:13:34.408920,0.016,928.75,0.0301029996659,0.0301029996659,0.0301029996658834
2018-06-18 16:13:45.804411,0.041,1037.833,0.0301029996659,0.0301029996659,0.0301029996658834
2018-06-18 16:13:57.219070,0.041,1028.833,0.0301029996659,0.0301029996659,0.0301029996658834
2018-06-18 16:14:08.734134,0.04,1036.5,0.0301029996659,0.0301029996659,0.0301029996658834
2018-06-18 16:14:20.134293,0.037,1031.5,0.0301029996659,0.0301029996659,0.0301029996658834
2018-06-18 16:14:31.651202,0.038,1033.167,0.0301029996659,0.0301029996659,0.0301029996658834
2018-06-18 16:14:43.143266,0.023,904.167,0.0301029996659,0.0301029996659,0.0301029996658834
2018-06-18 16:15:02.554605,0.024,1185.667,0.0301029996659,0.0301029996659,0.0301029996658834
2018-06-18 16:15:22.325851,0.069,1625.333,0.0301029996659,1.0,1.0
2018-06-18 16:15:39.448533,0.027,1619.333,0.0301029996659,0.0301029996659,0.0301029996658834
2018-06-18 16:15:50.932705,0.023,1265.167,0.0301029996659,0.0301029996659,0.0301029996658834
2018-06-18 16:16:02.424816,0.016,797.667,0.0301029996659,0.0301029996659,0.0301029996658834
2018-06-18 16:16:13.908862,0.014,567.5,0.0301029996659,0.0301029996659,0.0301029996658834
2018-06-18 16:16:25.314599,0.019,445.0,0.0301029996659,0.0301029996659,0.0301029996658834
2018-06-18 16:16:36.726035,0.019,472.833,0.0301029996659,0.0301029996659,0.0301029996658834
2018-06-18 16:16:48.140510,0.01,466.833,0.0301029996659,0.0301029996659,0.0301029996658834
2018-06-18 16:16:59.883658,0.011,473.333,0.0301029996659,0.0301029996659,0.0301029996658834
2018-06-18 16:17:11.653123,0.011,479.5,0.0301029996659,0.0301029996659,0.0301029996658834
2018-06-18 16:17:23.487102,0.011,485.667,0.0301029996659,0.0301029996659,0.0301029996658834
2018-06-18 16:17:34.962711,0.011,458.0,0.0301029996659,0.0301029996659,0.0301029996658834
2018-06-18 16:17:46.450624,0.011,458.667,0.0301029996659,0.0301029996659,0.0301029996658834
2018-06-18 16:17:57.978089,0.01,454.833,0.0301029996659,0.0301029996659,0.0301029996658834
2018-06-18 16:18:09.457835,0.01,454.833,0.0301029996659,0.0301029996659,0.0301029996658834
2018-06-18 16:18:20.956436,0.01,454.833,0.0301029996659,0.0301029996659,0.0301029996658834
2018-06-18 16:18:32.427584,0.01,454.833,0.0301029996659,0.0301029996659,0.0301029996658834
2018-06-18 16:18:43.988781,0.01,434.25,0.0301029996659,0.0301029996659,0.0301029996658834
2018-06-18 16:18:55.504232,0.01,454.833,0.0301029996659,0.0301029996659,0.0301029996658834
2018-06-18 16:19:07.019664,0.01,455.0,0.0301029996659,0.0301029996659,0.0301029996658834
2018-06-18 16:19:18.482599,0.01,448.167,0.0301029996659,0.0301029996659,0.0301029996658834
2018-06-18 16:19:30.039053,0.011,452.0,0.0301029996659,0.0301029996659,0.0301029996658834
2018-06-18 16:19:41.578710,0.011,458.167,0.0301029996659,0.0301029996659,0.0301029996658834
2018-06-18 16:19:53.151401,0.011,458.833,0.0301029996659,0.0301029996659,0.0301029996658834
2018-06-18 16:20:04.718086,0.014,434.5,0.0301029996659,0.0301029996659,0.0301029996658834
2018-06-18 16:20:16.203219,0.013,454.833,0.0301029996659,0.0301029996659,0.0301029996658834
2018-06-18 16:20:27.719570,0.01,455.0,0.0301029996659,0.0301029996659,0.0301029996658834
2018-06-18 16:20:39.266723,0.01,455.167,0.0301029996659,0.0301029996659,0.0301029996658834
2018-06-18 16:20:51.044524,0.01,454.667,0.0301029996659,0.0301029996659,0.0301029996658834
2018-06-18 16:21:02.671393,0.089,461.0,0.0588036829283,0.0588036829283,0.058803682928287165
2018-06-18 16:21:14.401333,0.13,447.25,0.0588036829283,0.0588036829283,0.058803682928287165
2018-06-18 16:21:26.193431,0.01,444.333,0.0588036829283,0.0588036829283,0.058803682928287165
2018-06-18 16:21:37.912850,0.01,448.333,0.0588036829283,0.0588036829283,0.058803682928287165
2018-06-18 16:21:49.729694,0.014,454.833,0.0588036829283,0.0588036829283,0.058803682928287165
2018-06-18 16:22:01.595780,0.015,461.167,0.0588036829283,0.0588036829283,0.058803682928287165
2018-06-18 16:22:13.422338,0.015,461.0,0.0588036829283,0.0588036829283,0.058803682928287165
2018-06-18 16:22:25.276981,0.014,485.75,0.0588036829283,0.0588036829283,0.058803682928287165
2018-06-18 16:22:37.082991,0.038,454.833,0.0588036829283,0.0588036829283,0.058803682928287165
2018-06-18 16:22:48.774997,0.036,440.333,0.0588036829283,0.0588036829283,0.058803682928287165
2018-06-18 16:23:00.552921,0.011,461.167,0.0588036829283,0.0588036829283,0.058803682928287165
2018-06-18 16:23:12.284119,0.01,448.667,0.0588036829283,0.0588036829283,0.058803682928287165
2018-06-18 16:23:23.795996,0.009,441.0,0.0588036829283,0.0588036829283,0.058803682928287165
2018-06-18 16:23:35.545108,0.01,443.0,0.0588036829283,0.0588036829283,0.058803682928287165
2018-06-18 16:23:47.294369,0.009,448.5,0.0588036829283,0.0588036829283,0.058803682928287165
2018-06-18 16:23:59.088167,0.009,440.333,0.0588036829283,0.0588036829283,0.058803682928287165
2018-06-18 16:24:10.870359,0.009,433.667,0.0588036829283,0.0588036829283,0.058803682928287165
2018-06-18 16:24:22.630587,0.009,439.833,0.264522866148,0.264522866148,0.2645228661483317
2018-06-18 16:24:34.112847,0.012,448.5,0.0588036829283,0.0588036829283,0.058803682928287165
2018-06-18 16:24:45.607182,0.011,491.5,0.0588036829283,0.0588036829283,0.058803682928287165
2018-06-18 16:24:57.076736,0.01,455.0,0.0588036829283,0.0588036829283,0.058803682928287165
2018-06-18 16:25:08.547243,0.01,461.167,0.0588036829283,0.0588036829283,0.058803682928287165
2018-06-18 16:25:20.067113,0.01,454.833,0.264522866148,0.264522866148,0.2645228661483317
2018-06-18 16:25:31.677298,0.01,739.833,0.264522866148,0.264522866148,0.2645228661483317
2018-06-18 16:25:43.164876,0.01,864.833,0.0588036829283,0.0588036829283,0.058803682928287165
2018-06-18 16:26:02.656396,0.011,1219.167,0.0588036829283,0.0588036829283,0.058803682928287165
2018-06-18 16:26:22.347792,0.103,1687.333,0.0588036829283,1.0,1.0
2018-06-18 16:26:39.280888,0.098,2120.5,0.0588036829283,1.0,1.0
2018-06-18 16:26:50.681930,0.018,1909.0,0.264522866148,0.264522866148,0.2645228661483317
2018-06-18 16:27:02.161228,0.016,1461.0,0.264522866148,0.264522866148,0.2645228661483317
2018-06-18 16:27:13.599913,0.015,1110.5,0.0588036829283,0.0588036829283,0.058803682928287165
2018-06-18 16:27:24.999309,0.017,865.75,0.0588036829283,0.0588036829283,0.058803682928287165
2018-06-18 16:27:36.428044,0.016,1005.833,0.0588036829283,0.0588036829283,0.058803682928287165
2018-06-18 16:27:47.828371,0.017,1029.5,0.0588036829283,0.0588036829283,0.058803682928287165
2018-06-18 16:27:59.310954,0.02,1028.667,0.264522866148,0.264522866148,0.2645228661483317
2018-06-18 16:28:10.812922,0.023,1005.5,0.264522866148,0.264522866148,0.2645228661483317
2018-06-18 16:28:22.263749,0.023,1038.833,0.0588036829283,0.0588036829283,0.058803682928287165
2018-06-18 16:28:33.869377,0.028,1035.167,0.0588036829283,0.0588036829283,0.058803682928287165
2018-06-18 16:28:45.276693,0.034,1034.667,0.0588036829283,0.0588036829283,0.058803682928287165
2018-06-18 16:28:56.617087,0.034,1033.167,0.0588036829283,0.0588036829283,0.058803682928287165
2018-06-18 16:29:07.960320,0.022,990.667,0.264522866148,0.264522866148,0.2645228661483317
2018-06-18 16:29:19.350562,0.021,1017.5,0.264522866148,0.264522866148,0.2645228661483317
2018-06-18 16:29:30.794635,0.013,859.5,0.0588036829283,0.0588036829283,0.058803682928287165
2018-06-18 16:29:42.224343,0.011,982.5,0.0588036829283,0.0588036829283,0.058803682928287165
2018-06-18 16:29:53.727147,0.011,1018.5,0.0588036829283,0.0588036829283,0.058803682928287165
2018-06-18 16:30:12.957918,0.011,1113.0,0.0588036829283,0.0588036829283,0.058803682928287165
2018-06-18 16:30:24.440766,0.013,1569.25,0.264522866148,0.264522866148,0.2645228661483317
2018-06-18 16:30:35.948012,0.015,1568.667,0.264522866148,0.264522866148,0.2645228661483317
2018-06-18 16:30:55.314927,0.017,1377.5,0.0588036829283,0.0588036829283,0.058803682928287165
2018-06-18 16:31:06.874465,0.016,1326.5,0.0588036829283,0.0588036829283,0.058803682928287165
2018-06-18 16:31:18.429916,0.013,1206.5,0.0588036829283,0.0588036829283,0.058803682928287165
2018-06-18 16:31:30.000085,0.013,1232.167,0.0588036829283,0.0588036829283,0.058803682928287165
2018-06-18 16:31:41.457373,0.015,1201.833,0.264522866148,0.264522866148,0.2645228661483317
2018-06-18 16:31:52.978767,0.015,1226.333,0.264522866148,0.264522866148,0.2645228661483317
2018-06-18 16:32:10.291728,0.016,1206.667,0.0588036829283,0.0588036829283,0.058803682928287165
2018-06-18 16:32:21.762132,0.015,1160.667,0.0588036829283,0.0588036829283,0.058803682928287165
2018-06-18 16:32:39.156022,0.013,936.667,0.0588036829283,0.0588036829283,0.058803682928287165
2018-06-18 16:32:50.592566,0.012,761.833,0.0588036829283,0.0588036829283,0.058803682928287165
2018-06-18 16:33:02.067991,0.012,632.333,0.264522866148,0.264522866148,0.2645228661483317
2018-06-18 16:33:13.542179,0.01,504.5,0.264522866148,0.264522866148,0.2645228661483317
2018-06-18 16:33:25.073421,0.01,454.75,0.0588036829283,0.0588036829283,0.058803682928287165
2018-06-18 16:33:36.823958,0.01,457.833,0.0588036829283,0.0588036829283,0.058803682928287165
2018-06-18 16:33:48.514423,0.01,459.833,0.0588036829283,0.0588036829283,0.058803682928287165
2018-06-18 16:34:00.226866,0.01,457.833,0.0588036829283,0.0588036829283,0.058803682928287165
2018-06-18 16:34:11.977312,0.01,461.667,0.264522866148,0.264522866148,0.2645228661483317
2018-06-18 16:34:23.695087,0.01,453.333,0.264522866148,0.264522866148,0.2645228661483317
2018-06-18 16:34:35.366583,0.009,482.5,0.264522866148,0.264522866148,0.2645228661483317
2018-06-18 16:34:47.107885,0.01,454.333,0.0588036829283,0.0588036829283,0.058803682928287165
2018-06-18 16:34:58.828576,0.014,458.333,0.0588036829283,0.0588036829283,0.058803682928287165
2018-06-18 16:35:10.604821,0.014,454.833,0.0588036829283,0.0588036829283,0.058803682928287165
2018-06-18 16:35:22.320104,0.014,460.667,0.264522866148,0.264522866148,0.2645228661483317
2018-06-18 16:35:33.883970,0.02,461.167,0.264522866148,0.264522866148,0.2645228661483317
2018-06-18 16:35:45.700253,0.025,444.25,0.264522866148,0.264522866148,0.2645228661483317
2018-06-18 16:35:57.500792,0.01,420.333,0.264522866148,0.264522866148,0.2645228661483317
2018-06-18 16:36:09.264196,0.011,448.667,0.0588036829283,0.0588036829283,0.058803682928287165
2018-06-18 16:36:21.035869,0.01,460.833,0.0588036829283,0.0588036829283,0.058803682928287165
2018-06-18 16:36:32.812669,0.011,460.833,0.0588036829283,0.0588036829283,0.058803682928287165
2018-06-18 16:36:44.357860,0.012,434.75,0.264522866148,0.264522866148,0.2645228661483317
2018-06-18 16:36:56.117099,0.01,448.667,0.264522866148,0.264522866148,0.2645228661483317
2018-06-18 16:37:07.830476,0.009,454.5,0.264522866148,0.264522866148,0.2645228661483317
2018-06-18 16:37:19.299123,0.01,454.833,0.264522866148,0.264522866148,0.2645228661483317
2018-06-18 16:37:30.828790,0.01,454.667,0.0588036829283,0.0588036829283,0.058803682928287165
2018-06-18 16:37:42.358411,0.01,448.667,0.0588036829283,0.0588036829283,0.058803682928287165
2018-06-18 16:37:53.865073,0.01,448.833,0.0588036829283,0.0588036829283,0.058803682928287165
2018-06-18 16:38:05.362979,0.015,448.667,0.264522866148,0.264522866148,0.2645228661483317
2018-06-18 16:38:16.906684,0.015,448.5,0.264522866148,0.264522866148,0.2645228661483317
2018-06-18 16:38:28.406486,0.025,448.667,0.264522866148,0.264522866148,0.2645228661483317
2018-06-18 16:38:39.906754,0.025,448.333,0.264522866148,0.264522866148,0.2645228661483317
2018-06-18 16:38:51.361068,0.025,454.833,0.0588036829283,0.0588036829283,0.058803682928287165
2018-06-18 16:39:02.796288,0.01,448.667,0.0588036829283,0.0588036829283,0.058803682928287165
2018-06-18 16:39:14.367612,0.011,434.25,0.0588036829283,0.0588036829283,0.058803682928287165
2018-06-18 16:39:25.934189,0.013,454.667,0.264522866148,0.264522866148,0.2645228661483317
2018-06-18 16:39:37.505503,0.013,452.167,0.126828099127,0.126828099127,0.12682809912659632
2018-06-18 16:39:49.041450,0.011,452.333,0.126828099127,0.126828099127,0.12682809912659632
2018-06-18 16:40:00.554893,0.01,452.167,0.126828099127,0.126828099127,0.12682809912659632
2018-06-18 16:40:12.022456,0.011,461.167,0.0369614604854,0.0369614604854,0.03696146048542445
2018-06-18 16:40:23.530424,0.011,454.667,0.0369614604854,0.0369614604854,0.03696146048542445
2018-06-18 16:40:35.125005,0.011,415.5,0.0369614604854,0.0369614604854,0.03696146048542445
2018-06-18 16:40:46.918323,0.012,614.333,0.126828099127,0.126828099127,0.12682809912659632
2018-06-18 16:40:58.386161,0.014,821.5,0.126828099127,0.126828099127,0.12682809912659632
2018-06-18 16:41:09.948465,0.013,1042.5,0.126828099127,0.126828099127,0.12682809912659632
2018-06-18 16:41:29.277973,0.019,1212.667,0.126828099127,0.126828099127,0.12682809912659632
2018-06-18 16:41:48.593029,0.023,1808.0,0.0369614604854,0.0369614604854,0.03696146048542445
2018-06-18 16:41:59.919299,0.024,1970.667,0.0369614604854,0.0369614604854,0.03696146048542445
2018-06-18 16:42:11.353303,0.023,2202.333,0.0369614604854,0.0369614604854,0.03696146048542445
2018-06-18 16:42:22.782675,0.021,2166.167,0.126828099127,0.126828099127,0.12682809912659632
2018-06-18 16:42:34.239699,0.14,1975.5,0.126828099127,0.126828099127,0.12682809912659632
2018-06-18 16:42:45.702321,0.097,2159.5,0.126828099127,0.126828099127,0.12682809912659632
2018-06-18 16:42:57.095937,0.026,2167.5,0.126828099127,0.126828099127,0.12682809912659632
2018-06-18 16:43:08.543067,0.025,2141.833,0.0369614604854,0.0369614604854,0.03696146048542445
2018-06-18 16:43:19.947153,0.023,2024.167,0.0369614604854,0.0369614604854,0.03696146048542445
2018-06-18 16:43:31.309435,0.017,2114.833,0.0369614604854,0.0369614604854,0.03696146048542445
2018-06-18 16:43:42.739049,0.017,2116.833,0.126828099127,0.126828099127,0.12682809912659632
2018-06-18 16:43:59.675146,0.017,2041.5,0.126828099127,0.126828099127,0.12682809912659632
2018-06-18 16:44:11.101716,0.016,1808.667,0.126828099127,0.126828099127,0.12682809912659632
2018-06-18 16:44:22.509580,0.013,1516.667,0.126828099127,0.126828099127,0.12682809912659632
2018-06-18 16:44:33.888836,0.011,1181.333,0.0369614604854,0.0369614604854,0.03696146048542445
2018-06-18 16:44:45.379103,0.009,1024.667,0.0369614604854,0.0369614604854,0.03696146048542445
2018-06-18 16:44:56.803901,0.009,1056.833,0.0369614604854,0.0369614604854,0.03696146048542445
2018-06-18 16:45:08.196857,0.015,1062.833,0.126828099127,0.126828099127,0.12682809912659632
2018-06-18 16:45:27.660821,0.016,1272.833,0.126828099127,0.126828099127,0.12682809912659632
2018-06-18 16:45:47.052279,0.021,1803.167,0.126828099127,0.126828099127,0.12682809912659632
2018-06-18 16:45:58.459910,0.022,1980.167,0.126828099127,0.126828099127,0.12682809912659632
2018-06-18 16:46:10.022096,0.039,1890.833,0.126828099127,0.126828099127,0.12682809912659632
2018-06-18 16:46:26.922847,0.04,1461.167,0.0369614604854,0.0369614604854,0.03696146048542445
2018-06-18 16:46:38.349354,0.012,996.667,0.0369614604854,0.0369614604854,0.03696146048542445
2018-06-18 16:46:49.836462,0.011,757.167,0.126828099127,0.126828099127,0.12682809912659632
2018-06-18 16:47:01.266443,0.009,497.5,0.126828099127,0.126828099127,0.12682809912659632
2018-06-18 16:47:12.733225,0.009,457.667,0.126828099127,0.126828099127,0.12682809912659632
2018-06-18 16:47:24.248166,0.01,437.25,0.126828099127,0.126828099127,0.12682809912659632
2018-06-18 16:47:35.692076,0.009,460.5,0.126828099127,0.126828099127,0.12682809912659632
2018-06-18 16:47:47.415696,0.009,462.333,0.126828099127,0.126828099127,0.12682809912659632
2018-06-18 16:47:59.212769,0.01,454.333,0.0369614604854,0.0369614604854,0.03696146048542445
2018-06-18 16:48:10.945143,0.012,454.5,0.0369614604854,0.0369614604854,0.03696146048542445
2018-06-18 16:48:22.633273,0.011,446.167,0.126828099127,0.126828099127,0.12682809912659632
2018-06-18 16:48:34.549152,0.009,434.0,0.126828099127,0.126828099127,0.12682809912659632
2018-06-18 16:48:46.355785,0.024,454.833,0.126828099127,0.126828099127,0.12682809912659632
2018-06-18 16:48:58.089582,0.023,454.833,0.126828099127,0.126828099127,0.12682809912659632
2018-06-18 16:49:09.914057,0.01,426.333,0.126828099127,0.126828099127,0.12682809912659632
2018-06-18 16:49:21.701390,0.01,454.667,0.126828099127,0.126828099127,0.12682809912659632
2018-06-18 16:49:33.439691,0.01,449.0,0.0369614604854,0.0369614604854,0.03696146048542445
2018-06-18 16:49:44.959465,0.009,352.2,0.0369614604854,0.0369614604854,0.03696146048542445
2018-06-18 16:49:56.748723,0.009,458.167,0.126828099127,0.126828099127,0.12682809912659632
2018-06-18 16:50:08.483971,0.01,454.833,0.126828099127,0.126828099127,0.12682809912659632
2018-06-18 16:50:20.188662,0.01,455.0,0.126828099127,0.126828099127,0.12682809912659632
2018-06-18 16:50:31.693983,0.01,448.667,0.126828099127,0.126828099127,0.12682809912659632
2018-06-18 16:50:43.235701,0.009,448.333,0.126828099127,0.126828099127,0.12682809912659632
2018-06-18 16:50:54.858374,0.01,434.75,0.126828099127,0.126828099127,0.12682809912659632
2018-06-18 16:51:06.394231,0.009,448.667,0.0369614604854,0.0369614604854,0.03696146048542445
2018-06-18 16:51:17.940667,0.009,448.5,0.0369614604854,0.0369614604854,0.03696146048542445
2018-06-18 16:51:29.421683,0.009,461.167,0.126828099127,0.126828099127,0.12682809912659632
2018-06-18 16:51:40.976139,0.009,455.0,0.126828099127,0.126828099127,0.12682809912659632
2018-06-18 16:51:52.422940,0.01,460.833,0.126828099127,0.126828099127,0.12682809912659632
2018-06-18 16:52:03.887790,0.009,448.167,0.126828099127,0.126828099127,0.12682809912659632
2018-06-18 16:52:15.355468,0.008,424.75,0.126828099127,0.126828099127,0.12682809912659632
2018-06-18 16:52:26.852587,0.009,448.667,0.126828099127,0.126828099127,0.12682809912659632
2018-06-18 16:52:38.388690,0.01,461.333,0.0369614604854,0.0369614604854,0.03696146048542445
2018-06-18 16:52:49.851808,0.01,452.5,0.0369614604854,0.0369614604854,0.03696146048542445
2018-06-18 16:53:01.270728,0.01,458.667,0.126828099127,0.126828099127,0.12682809912659632
2018-06-18 16:53:12.751399,0.009,452.333,0.126828099127,0.126828099127,0.12682809912659632
2018-06-18 16:53:24.595906,0.009,434.5,0.126828099127,0.126828099127,0.12682809912659632
2018-06-18 16:53:36.314450,0.009,454.667,0.126828099127,0.126828099127,0.12682809912659632
2018-06-18 16:53:47.985202,0.009,454.833,0.126828099127,0.126828099127,0.12682809912659632
2018-06-18 16:53:59.733390,0.009,448.5,0.126828099127,0.126828099127,0.12682809912659632
2018-06-18 16:54:11.459157,0.009,448.667,0.0369614604854,0.0369614604854,0.03696146048542445
2018-06-18 16:54:23.172309,0.009,448.333,0.0369614604854,0.0369614604854,0.03696146048542445
2018-06-18 16:54:35.005316,0.013,486.75,0.126828099127,0.126828099127,0.12682809912659632
2018-06-18 16:54:46.768265,0.012,464.833,0.126828099127,0.126828099127,0.12682809912659632
2018-06-18 16:54:58.488860,0.01,458.167,0.126828099127,0.126828099127,0.12682809912659632
2018-06-18 16:55:10.294148,0.011,461.0,0.126828099127,0.126828099127,0.12682809912659632
2018-06-18 16:55:21.993310,0.01,454.833,0.126828099127,0.126828099127,0.12682809912659632
2018-06-18 16:55:33.482141,0.01,466.333,0.126828099127,0.126828099127,0.12682809912659632
2018-06-18 16:55:45.210422,0.012,453.5,0.0369614604854,0.0369614604854,0.03696146048542445
2018-06-18 16:55:57.073170,0.009,427.5,0.0369614604854,0.0369614604854,0.03696146048542445
2018-06-18 16:56:08.970327,0.009,586.0,0.126828099127,0.126828099127,0.12682809912659632
2018-06-18 16:56:20.528491,0.009,738.167,0.126828099127,0.126828099127,0.12682809912659632
2018-06-18 16:56:32.073242,0.017,1028.5,0.126828099127,0.126828099127,0.12682809912659632
2018-06-18 16:56:51.927006,0.02,1185.0,0.126828099127,0.126828099127,0.12682809912659632
2018-06-18 16:57:03.377223,0.022,1405.667,0.126828099127,0.126828099127,0.12682809912659632
2018-06-18 16:57:14.883534,0.028,1640.25,0.126828099127,0.126828099127,0.12682809912659632
2018-06-18 16:57:26.309220,0.033,1565.333,0.0369614604854,0.0369614604854,0.03696146048542445
2018-06-18 16:57:37.755684,0.037,1565.5,0.0369614604854,0.0369614604854,0.03696146048542445
2018-06-18 16:57:49.234818,0.037,1574.167,0.126828099127,0.126828099127,0.12682809912659632
2018-06-18 16:58:00.649165,0.02,1380.0,0.126828099127,0.126828099127,0.12682809912659632
2018-06-18 16:58:12.204724,0.014,1484.333,0.126828099127,0.126828099127,0.12682809912659632
2018-06-18 16:58:23.777080,0.014,1567.5,0.126828099127,0.126828099127,0.12682809912659632
2018-06-18 16:58:35.238139,0.014,1594.333,0.126828099127,0.126828099127,0.12682809912659632
2018-06-18 16:58:46.710473,0.015,1586.0,0.126828099127,0.126828099127,0.12682809912659632
2018-06-18 16:58:58.080918,0.024,1586.5,0.126828099127,0.126828099127,0.12682809912659632
2018-06-18 16:59:17.661082,0.024,1836.167,0.0369614604854,0.0369614604854,0.03696146048542445
2018-06-18 16:59:29.162119,0.015,1996.5,0.126828099127,0.126828099127,0.12682809912659632
2018-06-18 16:59:40.594353,0.017,2116.0,0.126828099127,0.126828099127,0.12682809912659632
2018-06-18 16:59:52.034526,0.017,2101.5,0.0859093330652,0.0859093330652,0.08590933306515697
2018-06-18 17:00:03.517769,0.017,2105.667,0.0859093330652,0.0859093330652,0.08590933306515697
2018-06-18 17:00:14.980737,0.013,2107.833,0.0859093330652,0.0859093330652,0.08590933306515697
2018-06-18 17:00:26.405834,0.012,2112.5,0.0859093330652,0.0859093330652,0.08590933306515697
2018-06-18 17:00:37.872195,0.013,2116.667,0.0859093330652,0.0859093330652,0.08590933306515697
2018-06-18 17:00:49.303610,0.013,2146.833,0.0859093330652,0.0859093330652,0.08590933306515697
2018-06-18 17:01:00.717671,0.013,2151.167,0.0553827795294,0.0553827795294,0.055382779529387964
2018-06-18 17:01:12.243287,0.012,2149.5,0.0859093330652,0.0859093330652,0.08590933306515697
2018-06-18 17:01:23.667691,0.013,2158.167,0.0859093330652,0.0859093330652,0.08590933306515697
2018-06-18 17:01:35.235195,0.015,1896.0,0.0859093330652,0.0859093330652,0.08590933306515697
2018-06-18 17:01:46.761007,0.017,1424.667,0.0859093330652,0.0859093330652,0.08590933306515697
2018-06-18 17:01:58.200223,0.018,1213.833,0.0859093330652,0.0859093330652,0.08590933306515697
2018-06-18 17:02:15.791784,0.014,1158.5,0.0859093330652,0.0859093330652,0.08590933306515697
2018-06-18 17:02:33.151155,0.012,1067.667,0.0859093330652,0.0859093330652,0.08590933306515697
2018-06-18 17:02:44.939673,0.009,793.25,0.0859093330652,0.0859093330652,0.08590933306515697
2018-06-18 17:02:56.717739,0.009,559.167,0.0553827795294,0.0553827795294,0.055382779529387964
2018-06-18 17:03:08.408945,0.009,468.333,0.0859093330652,0.0859093330652,0.08590933306515697
2018-06-18 17:03:20.169389,0.008,464.333,0.0859093330652,0.0859093330652,0.08590933306515697
2018-06-18 17:03:31.869792,0.008,459.667,0.0859093330652,0.0859093330652,0.08590933306515697
2018-06-18 17:03:43.708045,0.008,463.667,0.0859093330652,0.0859093330652,0.08590933306515697
2018-06-18 17:03:55.206550,0.009,446.0,0.0859093330652,0.0859093330652,0.08590933306515697
2018-06-18 17:04:06.645787,0.008,460.5,0.0859093330652,0.0859093330652,0.08590933306515697
2018-06-18 17:04:18.167564,0.008,465.0,0.0859093330652,0.0859093330652,0.08590933306515697
2018-06-18 17:04:29.713988,0.008,455.0,0.0859093330652,0.0859093330652,0.08590933306515697
2018-06-18 17:04:41.284971,0.008,464.833,0.0553827795294,0.0553827795294,0.055382779529387964
2018-06-18 17:04:52.814080,0.009,458.5,0.0859093330652,0.0859093330652,0.08590933306515697
2018-06-18 17:05:04.313328,0.009,434.5,0.0859093330652,0.0859093330652,0.08590933306515697
2018-06-18 17:05:15.870732,0.008,454.833,0.0859093330652,0.0859093330652,0.08590933306515697
2018-06-18 17:05:27.266345,0.008,456.667,0.0859093330652,0.0859093330652,0.08590933306515697
2018-06-18 17:05:38.812159,0.008,457.0,0.0859093330652,0.0859093330652,0.08590933306515697
2018-06-18 17:05:50.363399,0.008,463.333,0.0859093330652,0.0859093330652,0.08590933306515697
2018-06-18 17:06:01.884017,0.008,461.167,0.0859093330652,0.0859093330652,0.08590933306515697
2018-06-18 17:06:13.449299,0.009,454.833,0.0859093330652,0.0859093330652,0.08590933306515697
2018-06-18 17:06:25.004199,0.009,545.8,0.0553827795294,0.0553827795294,0.055382779529387964
2018-06-18 17:06:36.490434,0.009,454.833,0.0859093330652,0.0859093330652,0.08590933306515697
2018-06-18 17:06:48.212913,0.009,454.833,0.0859093330652,0.0859093330652,0.08590933306515697
2018-06-18 17:06:59.975298,0.008,448.833,0.0859093330652,0.0859093330652,0.08590933306515697
2018-06-18 17:07:11.764161,0.009,448.5,0.0859093330652,0.0859093330652,0.08590933306515697
2018-06-18 17:07:23.245331,0.009,448.667,0.0859093330652,0.0859093330652,0.08590933306515697
2018-06-18 17:07:35.152132,0.009,443.5,0.0859093330652,0.0859093330652,0.08590933306515697
2018-06-18 17:07:46.876160,0.01,467.333,0.0859093330652,0.0859093330652,0.08590933306515697
2018-06-18 17:07:58.664296,0.01,467.667,0.0859093330652,0.0859093330652,0.08590933306515697
2018-06-18 17:08:10.504879,0.011,467.5,0.0553827795294,0.0553827795294,0.055382779529387964
2018-06-18 17:08:22.192414,0.011,461.167,0.0859093330652,0.0859093330652,0.08590933306515697
2018-06-18 17:08:33.934755,0.012,454.833,0.0859093330652,0.0859093330652,0.08590933306515697
2018-06-18 17:08:45.666135,0.011,454.667,0.0859093330652,0.0859093330652,0.08590933306515697
2018-06-18 17:08:57.312713,0.011,455.0,0.0859093330652,0.0859093330652,0.08590933306515697
2018-06-18 17:09:09.150872,0.01,426.333,0.0859093330652,0.0859093330652,0.08590933306515697
2018-06-18 17:09:20.920799,0.01,461.333,0.0859093330652,0.0859093330652,0.08590933306515697
2018-06-18 17:09:32.677908,0.01,460.667,0.0859093330652,0.0859093330652,0.08590933306515697
2018-06-18 17:09:44.231763,0.009,439.75,0.0859093330652,0.0859093330652,0.08590933306515697
2018-06-18 17:09:55.985379,0.009,460.667,0.0553827795294,0.0553827795294,0.055382779529387964
2018-06-18 17:10:07.723640,0.009,457.0,0.0859093330652,0.0859093330652,0.08590933306515697
2018-06-18 17:10:19.447465,0.009,461.167,0.0859093330652,0.0859093330652,0.08590933306515697
2018-06-18 17:10:30.940062,0.009,455.0,0.0859093330652,0.0859093330652,0.08590933306515697
2018-06-18 17:10:42.479343,0.009,454.833,0.0859093330652,0.0859093330652,0.08590933306515697
2018-06-18 17:10:53.945093,0.009,454.833,0.0859093330652,0.0859093330652,0.08590933306515697
2018-06-18 17:11:05.466449,0.009,486.25,0.0859093330652,0.0859093330652,0.08590933306515697
2018-06-18 17:11:17.051465,0.009,454.833,0.0859093330652,0.0859093330652,0.08590933306515697
2018-06-18 17:11:28.600150,0.009,460.667,0.0859093330652,0.0859093330652,0.08590933306515697
2018-06-18 17:11:40.147023,0.009,748.5,0.0553827795294,0.0553827795294,0.055382779529387964
2018-06-18 17:11:51.644443,0.009,908.333,0.0859093330652,0.0859093330652,0.08590933306515697
2018-06-18 17:12:11.464662,0.01,1198.167,0.0859093330652,0.0859093330652,0.08590933306515697
2018-06-18 17:12:31.109667,0.011,1703.333,0.0859093330652,0.0859093330652,0.08590933306515697
2018-06-18 17:12:47.983340,0.015,2155.0,0.0859093330652,0.0859093330652,0.08590933306515697
2018-06-18 17:12:59.432212,0.014,1942.5,0.0859093330652,0.0859093330652,0.08590933306515697
2018-06-18 17:13:10.815250,0.012,1509.333,0.0859093330652,0.0859093330652,0.08590933306515697
2018-06-18 17:13:22.217624,0.011,1151.833,0.0859093330652,0.0859093330652,0.08590933306515697
2018-06-18 17:13:33.620270,0.011,1047.167,0.0859093330652,0.0859093330652,0.08590933306515697
2018-06-18 17:13:45.019435,0.01,1039.5,0.0859093330652,0.0859093330652,0.08590933306515697
2018-06-18 17:13:56.393674,0.01,1044.333,0.0859093330652,0.0859093330652,0.08590933306515697
2018-06-18 17:14:15.895221,0.01,1272.667,0.0859093330652,0.0859093330652,0.08590933306515697
2018-06-18 17:14:35.518636,0.014,1871.667,0.0859093330652,0.0859093330652,0.08590933306515697
2018-06-18 17:14:46.971629,0.014,2045.0,0.0859093330652,0.0859093330652,0.08590933306515697
2018-06-18 17:14:58.327219,0.015,2140.0,0.0859093330652,0.0859093330652,0.08590933306515697
2018-06-18 17:15:09.778262,0.015,2168.333,0.0859093330652,0.0859093330652,0.08590933306515697
2018-06-18 17:15:21.226407,0.016,2163.5,0.0859093330652,0.0859093330652,0.08590933306515697
2018-06-18 17:15:32.601264,0.016,2135.667,0.0859093330652,0.0859093330652,0.08590933306515697
2018-06-18 17:15:44.082812,0.017,2249.5,0.0859093330652,0.0859093330652,0.08590933306515697
2018-06-18 17:15:55.540911,0.023,2132.333,0.0859093330652,0.0859093330652,0.08590933306515697
2018-06-18 17:16:07.037400,0.022,2083.833,0.0859093330652,0.0859093330652,0.08590933306515697
2018-06-18 17:16:18.532214,0.025,2106.333,0.0859093330652,0.0859093330652,0.08590933306515697
2018-06-18 17:16:30.024448,0.019,2071.667,0.0859093330652,0.0859093330652,0.08590933306515697
2018-06-18 17:16:41.488527,0.05,2157.167,0.0859093330652,0.0859093330652,0.08590933306515697
2018-06-18 17:16:52.955772,0.055,2122.5,0.0859093330652,0.0859093330652,0.08590933306515697
2018-06-18 17:17:04.378977,0.033,2210.833,0.0859093330652,0.0859093330652,0.08590933306515697
2018-06-18 17:17:15.794630,0.025,2142.167,0.0859093330652,0.0859093330652,0.08590933306515697
2018-06-18 17:17:27.292643,0.026,2204.0,0.0859093330652,0.0859093330652,0.08590933306515697
2018-06-18 17:17:38.804661,0.042,2184.667,0.0859093330652,0.0859093330652,0.08590933306515697
2018-06-18 17:17:50.162627,0.041,2109.0,0.0859093330652,0.0859093330652,0.08590933306515697
2018-06-18 17:18:01.610345,0.041,2207.833,0.0859093330652,0.0859093330652,0.08590933306515697
2018-06-18 17:18:13.125773,0.02,2122.333,0.0859093330652,0.0859093330652,0.08590933306515697
2018-06-18 17:18:24.683041,0.019,1985.75,0.0859093330652,0.0859093330652,0.08590933306515697
2018-06-18 17:18:36.087912,0.052,2029.333,0.0859093330652,0.0859093330652,0.08590933306515697
2018-06-18 17:18:47.499850,0.052,2172.333,0.0859093330652,0.0859093330652,0.08590933306515697
2018-06-18 17:18:59.000175,0.013,2210.333,0.0859093330652,0.0859093330652,0.08590933306515697
2018-06-18 17:19:10.479665,0.013,2217.667,0.0859093330652,0.0859093330652,0.08590933306515697
2018-06-18 17:19:21.923697,0.013,2221.833,0.0859093330652,0.0859093330652,0.08590933306515697
2018-06-18 17:19:38.870473,0.016,2219.333,0.0859093330652,0.0859093330652,0.08590933306515697
2018-06-18 17:19:50.298257,0.015,2037.5,0.0859093330652,0.0859093330652,0.08590933306515697
2018-06-18 17:20:01.674087,0.013,1610.667,0.0688981190933,0.0688981190933,0.06889811909326427
2018-06-18 17:20:13.152187,0.01,1232.833,0.0688981190933,0.0688981190933,0.06889811909326427
2018-06-18 17:20:24.578187,0.012,950.25,0.0688981190933,0.0688981190933,0.06889811909326427
2018-06-18 17:20:36.074827,0.01,1043.833,0.0688981190933,0.0688981190933,0.06889811909326427
2018-06-18 17:20:47.469730,0.01,1060.167,0.0688981190933,0.0688981190933,0.06889811909326427
2018-06-18 17:20:58.851178,0.009,1045.667,0.0688981190933,0.0688981190933,0.06889811909326427
2018-06-18 17:21:10.287427,0.008,1038.167,0.0688981190933,0.0688981190933,0.06889811909326427
2018-06-18 17:21:21.631638,0.008,1056.167,0.0688981190933,0.0688981190933,0.06889811909326427
2018-06-18 17:21:33.090468,0.008,1057.167,0.0688981190933,0.0688981190933,0.06889811909326427
2018-06-18 17:21:44.551934,0.008,1070.75,0.0688981190933,0.0688981190933,0.06889811909326427
2018-06-18 17:21:55.939528,0.011,1058.667,0.0688981190933,0.0688981190933,0.06889811909326427
2018-06-18 17:22:07.360365,0.012,1057.833,0.0688981190933,0.0688981190933,0.06889811909326427
2018-06-18 17:22:26.953827,0.012,1316.667,0.0688981190933,0.0688981190933,0.06889811909326427
2018-06-18 17:22:38.372520,0.017,1491.667,0.0688981190933,0.0688981190933,0.06889811909326427
2018-06-18 17:22:49.825041,0.015,1577.167,0.0688981190933,0.0688981190933,0.06889811909326427
2018-06-18 17:23:01.395635,0.015,1604.333,0.0688981190933,0.0688981190933,0.06889811909326427
2018-06-18 17:23:12.857400,0.015,1602.5,0.0688981190933,0.0688981190933,0.06889811909326427
2018-06-18 17:23:24.267180,0.018,1380.0,0.0688981190933,0.0688981190933,0.06889811909326427
2018-06-18 17:23:35.766439,0.015,1630.0,0.0688981190933,0.0688981190933,0.06889811909326427
2018-06-18 17:23:47.215085,0.022,1635.667,0.0688981190933,0.0688981190933,0.06889811909326427
2018-06-18 17:23:58.713055,0.026,1622.5,0.0688981190933,0.0688981190933,0.06889811909326427
2018-06-18 17:24:10.075116,0.022,1538.833,0.0688981190933,0.0688981190933,0.06889811909326427
2018-06-18 17:24:21.495268,0.02,1620.333,0.0688981190933,0.0688981190933,0.06889811909326427
2018-06-18 17:24:32.986967,0.019,1629.0,0.0688981190933,0.0688981190933,0.06889811909326427
2018-06-18 17:24:49.631333,0.017,1631.167,0.0688981190933,0.0688981190933,0.06889811909326427
2018-06-18 17:25:01.091552,0.016,1566.0,0.0688981190933,0.0688981190933,0.06889811909326427
2018-06-18 17:25:12.572837,0.015,1620.333,0.0688981190933,0.0688981190933,0.06889811909326427
2018-06-18 17:25:24.005399,0.009,1468.25,0.0688981190933,0.0688981190933,0.06889811909326427
2018-06-18 17:25:35.492229,0.008,1385.0,0.0688981190933,0.0688981190933,0.06889811909326427
2018-06-18 17:25:47.022617,0.011,1627.0,0.0688981190933,0.0688981190933,0.06889811909326427
2018-06-18 17:25:58.510030,0.012,1620.667,0.0688981190933,0.0688981190933,0.06889811909326427
2018-06-18 17:26:09.914227,0.012,1622.167,0.0688981190933,0.0688981190933,0.06889811909326427
2018-06-18 17:26:21.352096,0.012,1617.333,0.0688981190933,0.0688981190933,0.06889811909326427
2018-06-18 17:26:32.872381,0.012,1603.333,0.0688981190933,0.0688981190933,0.06889811909326427
2018-06-18 17:26:52.462085,0.012,1760.0,0.0688981190933,0.0688981190933,0.06889811909326427
2018-06-18 17:27:03.927378,0.013,1982.333,0.0688981190933,0.0688981190933,0.06889811909326427
2018-06-18 17:27:15.403862,0.015,2225.5,0.0688981190933,0.0688981190933,0.06889811909326427
2018-06-18 17:27:26.782175,0.032,2167.333,0.0688981190933,0.0688981190933,0.06889811909326427
2018-06-18 17:27:38.196906,0.033,2226.167,0.0688981190933,0.0688981190933,0.06889811909326427
2018-06-18 17:27:49.669453,0.032,2230.5,0.0688981190933,0.0688981190933,0.06889811909326427
2018-06-18 17:28:01.178638,0.012,2214.167,0.0688981190933,0.0688981190933,0.06889811909326427
2018-06-18 17:28:12.625932,0.012,2223.5,0.0688981190933,0.0688981190933,0.06889811909326427
2018-06-18 17:28:24.010596,0.013,2374.25,0.0688981190933,1.0,1.0
2018-06-18 17:28:40.971362,0.014,2206.667,0.0688981190933,0.0688981190933,0.06889811909326427
2018-06-18 17:28:52.312801,0.013,1981.833,0.0688981190933,0.0688981190933,0.06889811909326427
2018-06-18 17:29:03.800699,0.011,1638.833,0.0688981190933,0.0688981190933,0.06889811909326427
2018-06-18 17:29:15.327042,0.014,953.25,0.0688981190933,0.0688981190933,0.06889811909326427
2018-06-18 17:29:26.779215,0.013,1062.5,0.0688981190933,0.0688981190933,0.06889811909326427
2018-06-18 17:29:38.134623,0.01,1041.833,0.0688981190933,0.0688981190933,0.06889811909326427
2018-06-18 17:29:49.552438,0.009,1076.167,0.0688981190933,0.0688981190933,0.06889811909326427
2018-06-18 17:30:08.817622,0.022,1316.333,0.224962564813,0.224962564813,0.22496256481255858
2018-06-18 17:30:20.331350,0.071,1528.333,0.0688981190933,0.0688981190933,0.06889811909326427
2018-06-18 17:30:31.829026,0.066,1618.333,0.0688981190933,0.0688981190933,0.06889811909326427
2018-06-18 17:30:43.294423,0.065,1595.167,0.0688981190933,0.0688981190933,0.06889811909326427
2018-06-18 17:30:54.844158,0.015,1684.75,0.0688981190933,0.0688981190933,0.06889811909326427
2018-06-18 17:31:06.316454,0.015,1568.333,0.0688981190933,0.0688981190933,0.06889811909326427
2018-06-18 17:31:17.749202,0.018,1563.5,0.0688981190933,0.0688981190933,0.06889811909326427
2018-06-18 17:31:29.141999,0.018,1563.5,0.0688981190933,0.0688981190933,0.06889811909326427
2018-06-18 17:31:40.654576,0.019,1565.833,0.0688981190933,0.0688981190933,0.06889811909326427
2018-06-18 17:31:52.203384,0.018,1563.333,0.0688981190933,0.0688981190933,0.06889811909326427
2018-06-18 17:32:11.846542,0.037,1344.167,0.0688981190933,0.0688981190933,0.06889811909326427
2018-06-18 17:32:29.163716,0.012,1225.5,0.224962564813,0.224962564813,0.22496256481255858
2018-06-18 17:32:40.726452,0.01,1117.667,0.0688981190933,0.0688981190933,0.06889811909326427
2018-06-18 17:32:52.160748,0.01,1000.5,0.0688981190933,0.0688981190933,0.06889811909326427
2018-06-18 17:33:03.727453,0.009,879.167,0.0688981190933,0.0688981190933,0.06889811909326427
2018-06-18 17:33:15.240554,0.01,818.5,0.0688981190933,0.0688981190933,0.06889811909326427
2018-06-18 17:33:26.720797,0.01,825.333,0.0688981190933,0.0688981190933,0.06889811909326427
2018-06-18 17:33:44.175117,0.011,824.5,0.0688981190933,0.0688981190933,0.06889811909326427
2018-06-18 17:33:55.957232,0.009,698.667,0.0688981190933,0.0688981190933,0.06889811909326427
2018-06-18 17:34:07.788592,0.008,570.0,0.0688981190933,0.0688981190933,0.06889811909326427
2018-06-18 17:34:19.530496,0.008,469.667,0.0688981190933,0.0688981190933,0.06889811909326427
2018-06-18 17:34:31.213730,0.01,470.167,0.0688981190933,0.0688981190933,0.06889811909326427
2018-06-18 17:34:43.030574,0.009,471.833,0.224962564813,0.224962564813,0.22496256481255858
2018-06-18 17:34:54.802940,0.008,452.5,0.0688981190933,0.0688981190933,0.06889811909326427
2018-06-18 17:35:06.595961,0.011,464.667,0.0688981190933,0.0688981190933,0.06889811909326427
2018-06-18 17:35:18.338376,0.012,466.333,0.0688981190933,0.0688981190933,0.06889811909326427
2018-06-18 17:35:30.119159,0.011,458.667,0.0688981190933,0.0688981190933,0.06889811909326427
2018-06-18 17:35:41.770037,0.011,463.0,0.0688981190933,0.0688981190933,0.06889811909326427
2018-06-18 17:35:53.546438,0.01,454.833,0.0688981190933,0.0688981190933,0.06889811909326427
2018-06-18 17:36:05.335797,0.01,442.167,0.0688981190933,0.0688981190933,0.06889811909326427
2018-06-18 17:36:16.991709,0.011,442.167,0.0688981190933,0.0688981190933,0.06889811909326427
2018-06-18 17:36:28.940251,0.009,414.167,0.0688981190933,0.0688981190933,0.06889811909326427
2018-06-18 17:36:40.736180,0.008,442.0,0.0688981190933,0.0688981190933,0.06889811909326427
2018-06-18 17:36:52.480735,0.008,442.167,0.224962564813,0.224962564813,0.22496256481255858
2018-06-18 17:37:03.985084,0.008,434.75,0.0688981190933,0.0688981190933,0.06889811909326427
2018-06-18 17:37:15.815277,0.008,448.333,0.0688981190933,0.0688981190933,0.06889811909326427
2018-06-18 17:37:27.557556,0.009,448.5,0.0688981190933,0.0688981190933,0.06889811909326427
2018-06-18 17:37:39.346307,0.009,448.5,0.0688981190933,0.0688981190933,0.06889811909326427
2018-06-18 17:37:50.970725,0.009,455.333,0.0688981190933,0.0688981190933,0.06889811909326427
2018-06-18 17:38:02.492128,0.008,454.833,0.0688981190933,0.0688981190933,0.06889811909326427
2018-06-18 17:38:14.045987,0.009,443.5,0.0688981190933,0.0688981190933,0.06889811909326427
2018-06-18 17:38:25.463112,0.009,486.0,0.0688981190933,0.0688981190933,0.06889811909326427
2018-06-18 17:38:36.934013,0.009,448.5,0.0688981190933,0.0688981190933,0.06889811909326427
2018-06-18 17:38:48.389323,0.009,448.5,0.0688981190933,0.0688981190933,0.06889811909326427
2018-06-18 17:38:59.822885,0.008,454.667,0.224962564813,0.224962564813,0.22496256481255858
2018-06-18 17:39:11.223044,0.01,454.667,0.0688981190933,0.0688981190933,0.06889811909326427
2018-06-18 17:39:22.693802,0.01,460.667,0.0688981190933,0.0688981190933,0.06889811909326427
2018-06-18 17:39:34.162521,0.009,443.75,0.0688981190933,0.0688981190933,0.06889811909326427
2018-06-18 17:39:45.726301,0.009,458.5,0.0688981190933,0.0688981190933,0.06889811909326427
2018-06-18 17:39:57.267840,0.009,457.833,0.0688981190933,0.0688981190933,0.06889811909326427
2018-06-18 17:40:08.834994,0.009,458.5,0.0581431750498,0.0581431750498,0.058143175049765516
2018-06-18 17:40:20.410413,0.009,454.667,0.0581431750498,0.0581431750498,0.058143175049765516
2018-06-18 17:40:32.178720,0.008,455.0,0.0581431750498,0.0581431750498,0.058143175049765516
2018-06-18 17:40:43.951257,0.008,451.0,0.0581431750498,0.0581431750498,0.058143175049765516
2018-06-18 17:40:55.760610,0.009,461.167,0.0581431750498,0.0581431750498,0.058143175049765516
2018-06-18 17:41:07.515987,0.009,460.833,0.207397426268,0.207397426268,0.20739742626766172
2018-06-18 17:41:19.265101,0.009,467.333,0.0581431750498,0.0581431750498,0.058143175049765516
2018-06-18 17:41:31.047130,0.008,454.5,0.0581431750498,0.0581431750498,0.058143175049765516
2018-06-18 17:41:42.843707,0.009,463.167,0.0581431750498,0.0581431750498,0.058143175049765516
2018-06-18 17:41:54.434731,0.011,489.25,0.0581431750498,0.0581431750498,0.058143175049765516
2018-06-18 17:42:05.970649,0.013,756.167,0.0581431750498,0.0581431750498,0.058143175049765516
2018-06-18 17:42:17.611863,0.022,1033.0,0.0581431750498,0.0581431750498,0.058143175049765516
2018-06-18 17:42:37.124913,0.021,1259.5,0.0581431750498,0.0581431750498,0.058143175049765516
2018-06-18 17:42:48.648087,0.012,1448.167,0.0581431750498,0.0581431750498,0.058143175049765516
2018-06-18 17:43:00.069081,0.012,1547.5,0.0581431750498,0.0581431750498,0.058143175049765516
2018-06-18 17:43:11.489919,0.012,1568.667,0.0581431750498,0.0581431750498,0.058143175049765516
2018-06-18 17:43:22.884531,0.012,1554.167,0.207397426268,0.207397426268,0.20739742626766172
2018-06-18 17:43:42.435959,0.012,1662.167,0.0581431750498,0.0581431750498,0.058143175049765516
2018-06-18 17:43:53.941551,0.012,1873.0,0.0581431750498,0.0581431750498,0.058143175049765516
2018-06-18 17:44:05.497451,0.014,2114.333,0.0581431750498,0.0581431750498,0.058143175049765516
2018-06-18 17:44:16.946950,0.014,2111.667,0.0581431750498,0.0581431750498,0.058143175049765516
2018-06-18 17:44:28.317567,0.015,2103.833,0.0581431750498,0.0581431750498,0.058143175049765516
2018-06-18 17:44:39.741547,0.014,2098.0,0.0581431750498,0.0581431750498,0.058143175049765516
2018-06-18 17:44:51.262531,0.015,2109.0,0.0581431750498,0.0581431750498,0.058143175049765516
2018-06-18 17:45:02.699273,0.013,2071.667,0.0581431750498,0.0581431750498,0.058143175049765516
2018-06-18 17:45:14.149527,0.012,1921.75,0.0581431750498,0.0581431750498,0.058143175049765516
2018-06-18 17:45:25.649279,0.014,2107.667,0.0581431750498,0.0581431750498,0.058143175049765516
2018-06-18 17:45:37.170708,0.014,2113.0,0.207397426268,0.207397426268,0.20739742626766172
2018-06-18 17:45:48.615146,0.014,2120.167,0.0581431750498,0.0581431750498,0.058143175049765516
2018-06-18 17:46:00.038063,0.015,2078.5,0.0581431750498,0.0581431750498,0.058143175049765516
2018-06-18 17:46:11.483376,0.014,2065.0,0.0581431750498,0.0581431750498,0.058143175049765516
2018-06-18 17:46:23.033678,0.014,2098.5,0.0581431750498,0.0581431750498,0.058143175049765516
2018-06-18 17:46:34.424868,0.014,1950.75,0.0581431750498,0.0581431750498,0.058143175049765516
2018-06-18 17:46:45.883543,0.018,2101.667,0.0581431750498,0.0581431750498,0.058143175049765516
2018-06-18 17:46:57.333619,0.017,2053.5,0.0581431750498,0.0581431750498,0.058143175049765516
2018-06-18 17:47:08.827951,0.017,2075.5,0.0581431750498,0.0581431750498,0.058143175049765516
2018-06-18 17:47:20.291019,0.013,1869.167,0.0581431750498,0.0581431750498,0.058143175049765516
2018-06-18 17:47:31.822911,0.012,1881.833,0.0581431750498,0.0581431750498,0.058143175049765516
2018-06-18 17:47:43.338010,0.011,1477.333,0.207397426268,0.207397426268,0.20739742626766172
2018-06-18 17:48:00.743607,0.011,1227.167,0.207397426268,0.207397426268,0.20739742626766172
2018-06-18 17:48:18.112587,0.015,1020.333,0.0581431750498,0.0581431750498,0.058143175049765516
2018-06-18 17:48:29.884979,0.014,774.833,0.0581431750498,0.0581431750498,0.058143175049765516
2018-06-18 17:48:41.647912,0.015,591.833,0.0581431750498,0.0581431750498,0.058143175049765516
2018-06-18 17:48:53.498404,0.014,479.5,0.0581431750498,0.0581431750498,0.058143175049765516
2018-06-18 17:49:05.333455,0.009,434.75,0.0581431750498,0.0581431750498,0.058143175049765516
2018-06-18 17:49:17.111707,0.011,454.833,0.0581431750498,0.0581431750498,0.058143175049765516
2018-06-18 17:49:28.899003,0.011,467.333,0.0581431750498,0.0581431750498,0.058143175049765516
2018-06-18 17:49:40.683276,0.008,431.0,0.0581431750498,0.0581431750498,0.058143175049765516
2018-06-18 17:49:52.428851,0.008,464.833,0.0581431750498,0.0581431750498,0.058143175049765516
2018-06-18 17:50:04.149069,0.008,496.0,0.0581431750498,0.0581431750498,0.058143175049765516
2018-06-18 17:50:16.004959,0.009,454.833,0.207397426268,0.207397426268,0.20739742626766172
2018-06-18 17:50:27.696929,0.009,448.5,0.207397426268,0.207397426268,0.20739742626766172
2018-06-18 17:50:39.486537,0.009,448.5,0.0581431750498,0.0581431750498,0.058143175049765516
2018-06-18 17:50:51.232516,0.009,448.5,0.0581431750498,0.0581431750498,0.058143175049765516
2018-06-18 17:51:02.763751,0.008,448.667,0.0581431750498,0.0581431750498,0.058143175049765516
2018-06-18 17:51:14.221756,0.009,443.75,0.0581431750498,0.0581431750498,0.058143175049765516
2018-06-18 17:51:25.616526,0.009,467.167,0.0581431750498,0.0581431750498,0.058143175049765516
2018-06-18 17:51:37.151310,0.009,461.167,0.0581431750498,0.0581431750498,0.058143175049765516
2018-06-18 17:51:48.692841,0.009,454.833,0.0581431750498,0.0581431750498,0.058143175049765516
2018-06-18 17:52:00.251323,0.008,455.0,0.0581431750498,0.0581431750498,0.058143175049765516
2018-06-18 17:52:11.752234,0.009,454.833,0.0581431750498,0.0581431750498,0.058143175049765516
2018-06-18 17:52:23.252708,0.009,454.833,0.0581431750498,0.0581431750498,0.058143175049765516
2018-06-18 17:52:34.811288,0.01,476.5,0.207397426268,0.207397426268,0.20739742626766172
2018-06-18 17:52:46.346924,0.009,448.833,0.207397426268,0.207397426268,0.20739742626766172
2018-06-18 17:52:57.857892,0.009,448.667,0.0581431750498,0.0581431750498,0.058143175049765516
2018-06-18 17:53:09.417600,0.009,455.0,0.0581431750498,0.0581431750498,0.058143175049765516
2018-06-18 17:53:20.915068,0.009,461.0,0.0581431750498,0.0581431750498,0.058143175049765516
2018-06-18 17:53:32.385371,0.009,461.0,0.0581431750498,0.0581431750498,0.058143175049765516
2018-06-18 17:53:43.874695,0.009,449.5,0.0581431750498,0.0581431750498,0.058143175049765516
2018-06-18 17:53:55.640105,0.009,434.75,0.0581431750498,0.0581431750498,0.058143175049765516
2018-06-18 17:54:07.372948,0.009,460.0,0.0581431750498,0.0581431750498,0.058143175049765516
2018-06-18 17:54:19.169401,0.009,454.833,0.0581431750498,0.0581431750498,0.058143175049765516
2018-06-18 17:54:30.964689,0.01,454.833,0.0581431750498,0.0581431750498,0.058143175049765516
2018-06-18 17:54:42.673865,0.011,458.5,0.0581431750498,0.0581431750498,0.058143175049765516
2018-06-18 17:54:54.450506,0.009,440.0,0.207397426268,0.207397426268,0.20739742626766172
2018-06-18 17:55:06.148872,0.01,448.333,0.207397426268,0.207397426268,0.20739742626766172
2018-06-18 17:55:17.898358,0.01,454.667,0.0581431750498,0.0581431750498,0.058143175049765516
2018-06-18 17:55:29.729913,0.011,455.0,0.0581431750498,0.0581431750498,0.058143175049765516
2018-06-18 17:55:41.504868,0.012,454.833,0.0581431750498,0.0581431750498,0.058143175049765516
2018-06-18 17:55:53.258864,0.012,448.667,0.0581431750498,0.0581431750498,0.058143175049765516
2018-06-18 17:56:04.728928,0.009,425.25,0.0581431750498,0.0581431750498,0.058143175049765516
2018-06-18 17:56:16.428336,0.009,454.5,0.0581431750498,0.0581431750498,0.058143175049765516
2018-06-18 17:56:28.106183,0.009,460.833,0.0581431750498,0.0581431750498,0.058143175049765516
2018-06-18 17:56:40.040426,0.009,452.0,0.0581431750498,0.0581431750498,0.058143175049765516
2018-06-18 17:56:51.736676,0.009,452.5,0.0581431750498,0.0581431750498,0.058143175049765516
2018-06-18 17:57:03.236537,0.009,446.167,0.0581431750498,0.0581431750498,0.058143175049765516
2018-06-18 17:57:14.829928,0.009,435.75,0.207397426268,0.207397426268,0.20739742626766172
2018-06-18 17:57:26.309321,0.088,734.667,0.207397426268,0.207397426268,0.20739742626766172
2018-06-18 17:57:37.748873,0.088,1009.333,0.0581431750498,0.0581431750498,0.058143175049765516
2018-06-18 17:57:56.875458,0.014,1256.833,0.0581431750498,0.0581431750498,0.058143175049765516
2018-06-18 17:58:08.333260,0.015,1449.167,0.0581431750498,0.0581431750498,0.058143175049765516
2018-06-18 17:58:19.752890,0.011,1465.5,0.0581431750498,0.0581431750498,0.058143175049765516
2018-06-18 17:58:31.171319,0.01,1526.333,0.0581431750498,0.0581431750498,0.058143175049765516
2018-06-18 17:58:50.483995,0.01,1684.5,0.0581431750498,0.0581431750498,0.058143175049765516
2018-06-18 17:59:01.858508,0.012,1881.167,0.0581431750498,0.0581431750498,0.058143175049765516
2018-06-18 17:59:13.259604,0.014,2107.333,0.0581431750498,0.0581431750498,0.058143175049765516
2018-06-18 17:59:24.757941,0.016,2094.833,0.0581431750498,0.0581431750498,0.058143175049765516
2018-06-18 17:59:36.155363,0.016,2110.667,0.0581431750498,0.0581431750498,0.058143175049765516
2018-06-18 17:59:47.571454,0.016,2130.5,0.207397426268,0.207397426268,0.20739742626766172
2018-06-18 17:59:59.046097,0.016,2107.0,0.207397426268,0.207397426268,0.20739742626766172
2018-06-18 18:00:10.544454,0.016,2089.833,0.0495803767044,0.0495803767044,0.04958037670436664
2018-06-18 18:00:22.096676,0.018,2079.5,0.0495803767044,0.0495803767044,0.04958037670436664
2018-06-18 18:00:33.532610,0.017,2087.5,0.0495803767044,0.0495803767044,0.04958037670436664
2018-06-18 18:00:45.094005,0.012,2282.25,0.0495803767044,0.0495803767044,0.04958037670436664
2018-06-18 18:00:56.604318,0.017,2073.5,0.0495803767044,0.0495803767044,0.04958037670436664
2018-06-18 18:01:08.018401,0.015,2081.333,0.0495803767044,0.0495803767044,0.04958037670436664
2018-06-18 18:01:19.454784,0.015,2016.667,0.0495803767044,0.0495803767044,0.04958037670436664
2018-06-18 18:01:30.910654,0.016,2058.333,0.0495803767044,0.0495803767044,0.04958037670436664
2018-06-18 18:01:42.374368,0.022,2005.0,0.0495803767044,0.0495803767044,0.04958037670436664
2018-06-18 18:01:53.809493,0.02,1950.5,0.0495803767044,0.0495803767044,0.04958037670436664
2018-06-18 18:02:05.300514,0.021,2072.667,0.18725671116,0.18725671116,0.18725671116034484
2018-06-18 18:02:16.764826,0.02,2090.333,0.18725671116,0.18725671116,0.18725671116034484
2018-06-18 18:02:28.236997,0.02,2086.667,0.0495803767044,0.0495803767044,0.04958037670436664
2018-06-18 18:02:39.714885,0.015,1883.333,0.0495803767044,0.0495803767044,0.04958037670436664
2018-06-18 18:02:51.166022,0.013,2022.667,0.0495803767044,0.0495803767044,0.04958037670436664
2018-06-18 18:03:02.550013,0.014,2061.333,0.0495803767044,0.0495803767044,0.04958037670436664
2018-06-18 18:03:14.008819,0.015,2253.75,0.0495803767044,0.0495803767044,0.04958037670436664
2018-06-18 18:03:25.490857,0.014,2060.167,0.0495803767044,0.0495803767044,0.04958037670436664
2018-06-18 18:03:36.845544,0.014,2041.333,0.0495803767044,0.0495803767044,0.04958037670436664
2018-06-18 18:03:48.210550,0.015,2048.333,0.0495803767044,0.0495803767044,0.04958037670436664
2018-06-18 18:03:59.678648,0.014,2053.5,0.0495803767044,0.0495803767044,0.04958037670436664
2018-06-18 18:04:11.111995,0.092,2070.333,0.0495803767044,0.0495803767044,0.04958037670436664
2018-06-18 18:04:22.602877,0.092,2066.167,0.18725671116,0.18725671116,0.18725671116034484
2018-06-18 18:04:34.064897,0.012,2075.25,0.18725671116,0.18725671116,0.18725671116034484
2018-06-18 18:04:45.535336,0.016,2015.5,0.0495803767044,0.0495803767044,0.04958037670436664
2018-06-18 18:04:57.074636,0.016,2036.0,0.0495803767044,0.0495803767044,0.04958037670436664
2018-06-18 18:05:08.488207,0.014,1938.0,0.0495803767044,0.0495803767044,0.04958037670436664
2018-06-18 18:05:19.869103,0.014,2075.833,0.0495803767044,0.0495803767044,0.04958037670436664
2018-06-18 18:05:31.360328,0.015,2092.333,0.0495803767044,0.0495803767044,0.04958037670436664
2018-06-18 18:05:42.776797,0.014,2100.0,0.0495803767044,0.0495803767044,0.04958037670436664
2018-06-18 18:05:54.217188,0.014,1833.75,0.0495803767044,0.0495803767044,0.04958037670436664
2018-06-18 18:06:05.707936,0.015,2064.833,0.0495803767044,0.0495803767044,0.04958037670436664
2018-06-18 18:06:17.175613,0.016,2060.667,0.0495803767044,0.0495803767044,0.04958037670436664
2018-06-18 18:06:34.021294,0.016,2248.25,0.0495803767044,0.0495803767044,0.04958037670436664
2018-06-18 18:06:45.505292,0.021,1616.0,0.18725671116,0.18725671116,0.18725671116034484
2018-06-18 18:06:56.905068,0.019,1210.667,0.18725671116,0.18725671116,0.18725671116034484
2018-06-18 18:07:08.265864,0.014,1015.333,0.18725671116,0.18725671116,0.18725671116034484
2018-06-18 18:07:19.648067,0.012,1016.333,0.0495803767044,0.0495803767044,0.04958037670436664
2018-06-18 18:07:31.035294,0.013,1015.667,0.0495803767044,0.0495803767044,0.04958037670436664
2018-06-18 18:07:42.520530,0.013,987.5,0.0495803767044,0.0495803767044,0.04958037670436664
2018-06-18 18:07:54.014196,0.014,841.25,0.0495803767044,0.0495803767044,0.04958037670436664
2018-06-18 18:08:05.528156,0.019,987.833,0.0495803767044,0.0495803767044,0.04958037670436664
2018-06-18 18:08:17.074668,0.019,1027.167,0.0495803767044,0.0495803767044,0.04958037670436664
2018-06-18 18:08:28.600586,0.016,1001.167,0.0495803767044,0.0495803767044,0.04958037670436664
2018-06-18 18:08:47.824913,0.018,1243.0,0.0495803767044,0.0495803767044,0.04958037670436664
2018-06-18 18:09:07.449987,0.015,1749.5,0.0495803767044,0.0495803767044,0.04958037670436664
2018-06-18 18:09:19.040214,0.017,1992.0,0.0495803767044,0.0495803767044,0.04958037670436664
2018-06-18 18:09:30.508470,0.016,2128.667,0.18725671116,0.18725671116,0.18725671116034484
2018-06-18 18:09:41.909397,0.013,2129.167,0.18725671116,0.18725671116,0.18725671116034484
2018-06-18 18:09:53.324940,0.013,2160.5,0.18725671116,0.18725671116,0.18725671116034484
2018-06-18 18:10:04.790664,0.013,2108.5,0.0495803767044,0.0495803767044,0.04958037670436664
2018-06-18 18:10:16.232466,0.012,2158.5,0.0495803767044,0.0495803767044,0.04958037670436664
2018-06-18 18:10:27.610935,0.013,2131.0,0.0495803767044,0.0495803767044,0.04958037670436664
2018-06-18 18:10:38.987308,0.015,2169.5,0.0495803767044,0.0495803767044,0.04958037670436664
2018-06-18 18:10:50.494031,0.016,2135.833,0.0495803767044,0.0495803767044,0.04958037670436664
2018-06-18 18:11:01.925620,0.024,2145.0,0.0495803767044,0.0495803767044,0.04958037670436664
2018-06-18 18:11:13.388492,0.023,2125.167,0.0495803767044,0.0495803767044,0.04958037670436664
2018-06-18 18:11:24.767078,0.012,2155.75,0.0495803767044,0.0495803767044,0.04958037670436664
2018-06-18 18:11:36.315974,0.017,2141.5,0.0495803767044,0.0495803767044,0.04958037670436664
2018-06-18 18:11:47.735558,0.017,2140.0,0.0495803767044,0.0495803767044,0.04958037670436664
2018-06-18 18:11:59.142076,0.013,2035.667,0.18725671116,0.18725671116,0.18725671116034484
2018-06-18 18:12:10.540279,0.012,2132.667,0.18725671116,0.18725671116,0.18725671116034484
2018-06-18 18:12:21.996228,0.013,2161.333,0.18725671116,0.18725671116,0.18725671116034484
2018-06-18 18:12:33.512746,0.013,2157.5,0.0495803767044,0.0495803767044,0.04958037670436664
2018-06-18 18:12:45.065182,0.013,2195.0,0.0495803767044,0.0495803767044,0.04958037670436664
2018-06-18 18:12:56.466633,0.017,2187.667,0.0495803767044,0.0495803767044,0.04958037670436664
2018-06-18 18:13:07.865620,0.017,2184.167,0.0495803767044,0.0495803767044,0.04958037670436664
2018-06-18 18:13:19.374718,0.017,2152.833,0.0495803767044,0.0495803767044,0.04958037670436664
2018-06-18 18:13:30.861922,0.018,2170.833,0.0495803767044,0.0495803767044,0.04958037670436664
2018-06-18 18:13:42.272657,0.017,2158.333,0.0495803767044,0.0495803767044,0.04958037670436664
2018-06-18 18:13:53.726314,0.018,2151.667,0.0495803767044,0.0495803767044,0.04958037670436664
2018-06-18 18:14:05.278171,0.017,2126.833,0.0495803767044,0.0495803767044,0.04958037670436664
2018-06-18 18:14:16.837358,0.017,2154.667,0.0495803767044,0.0495803767044,0.04958037670436664
2018-06-18 18:14:28.213870,0.018,2112.0,0.18725671116,0.18725671116,0.18725671116034484
2018-06-18 18:14:39.791220,0.018,2152.167,0.18725671116,0.18725671116,0.18725671116034484
2018-06-18 18:14:51.314506,0.022,2123.167,0.18725671116,0.18725671116,0.18725671116034484
2018-06-18 18:15:02.721440,0.02,2037.0,0.0495803767044,0.0495803767044,0.04958037670436664
2018-06-18 18:15:14.214656,0.017,1854.0,0.0495803767044,0.0495803767044,0.04958037670436664
2018-06-18 18:15:25.668083,0.024,2135.0,0.0495803767044,0.0495803767044,0.04958037670436664
2018-06-18 18:15:37.073480,0.024,2104.833,0.0495803767044,0.0495803767044,0.04958037670436664
2018-06-18 18:15:48.525080,0.021,2036.167,0.0495803767044,0.0495803767044,0.04958037670436664
2018-06-18 18:15:59.903172,0.016,1999.333,0.0495803767044,0.0495803767044,0.04958037670436664
2018-06-18 18:16:11.332578,0.015,2128.5,0.0495803767044,0.0495803767044,0.04958037670436664
2018-06-18 18:16:22.790988,0.012,2006.333,0.0495803767044,0.0495803767044,0.04958037670436664
2018-06-18 18:16:34.321813,0.013,1858.75,0.0495803767044,0.0495803767044,0.04958037670436664
2018-06-18 18:16:45.744011,0.012,2117.667,0.0495803767044,0.0495803767044,0.04958037670436664
2018-06-18 18:16:57.204239,0.013,2092.333,0.18725671116,0.18725671116,0.18725671116034484
2018-06-18 18:17:08.700135,0.013,2127.833,0.18725671116,0.18725671116,0.18725671116034484
2018-06-18 18:17:20.183169,0.016,2117.167,0.18725671116,0.18725671116,0.18725671116034484
2018-06-18 18:17:31.607629,0.017,2135.5,0.0495803767044,0.0495803767044,0.04958037670436664
2018-06-18 18:17:43.038169,0.017,2102.0,0.0495803767044,0.0495803767044,0.04958037670436664
2018-06-18 18:17:54.592547,0.016,2321.0,0.0495803767044,0.0495803767044,0.04958037670436664
2018-06-18 18:18:06.104041,0.015,2096.0,0.0495803767044,0.0495803767044,0.04958037670436664
2018-06-18 18:18:17.491041,0.017,2108.667,0.0495803767044,0.0495803767044,0.04958037670436664
2018-06-18 18:18:28.973154,0.018,2121.167,0.0495803767044,0.0495803767044,0.04958037670436664
2018-06-18 18:18:40.439435,0.017,2135.167,0.0495803767044,0.0495803767044,0.04958037670436664
2018-06-18 18:18:51.865712,0.014,2003.833,0.0495803767044,0.0495803767044,0.04958037670436664
2018-06-18 18:19:03.195701,0.013,2078.833,0.0495803767044,0.0495803767044,0.04958037670436664
2018-06-18 18:19:14.561060,0.014,2278.25,0.0495803767044,0.0495803767044,0.04958037670436664
2018-06-18 18:19:25.970748,0.014,2137.167,0.18725671116,0.18725671116,0.18725671116034484
2018-06-18 18:19:37.453285,0.014,2143.0,0.172550485595,0.172550485595,0.17255048559547775
2018-06-18 18:19:48.909615,0.013,2131.0,0.172550485595,0.172550485595,0.17255048559547775
2018-06-18 18:20:00.290487,0.013,2142.333,0.0436109098719,0.0436109098719,0.0436109098719252
2018-06-18 18:20:11.760789,0.012,2118.0,0.0436109098719,0.0436109098719,0.0436109098719252
2018-06-18 18:20:23.214509,0.016,2110.5,0.0436109098719,0.0436109098719,0.0436109098719252
2018-06-18 18:20:34.680637,0.014,2118.833,0.0436109098719,0.0436109098719,0.0436109098719252
2018-06-18 18:20:46.062976,0.015,2119.833,0.0436109098719,0.0436109098719,0.0436109098719252
2018-06-18 18:20:57.493093,0.016,2124.833,0.0436109098719,0.0436109098719,0.0436109098719252
2018-06-18 18:21:08.890200,0.021,2085.5,0.0436109098719,0.0436109098719,0.0436109098719252
2018-06-18 18:21:20.313897,0.019,2056.333,0.0436109098719,0.0436109098719,0.0436109098719252
2018-06-18 18:21:31.692591,0.018,2095.167,0.0436109098719,0.0436109098719,0.0436109098719252
2018-06-18 18:21:43.142445,0.02,2116.667,0.0436109098719,0.0436109098719,0.0436109098719252
2018-06-18 18:21:54.647466,0.026,1993.5,0.172550485595,0.172550485595,0.17255048559547775
2018-06-18 18:22:06.088222,0.015,1895.5,0.172550485595,0.172550485595,0.17255048559547775
2018-06-18 18:22:17.461090,0.015,2109.833,0.172550485595,0.172550485595,0.17255048559547775
2018-06-18 18:22:28.897767,0.015,2132.0,0.0436109098719,0.0436109098719,0.0436109098719252
2018-06-18 18:22:40.382210,0.016,2140.667,0.0436109098719,0.0436109098719,0.0436109098719252
2018-06-18 18:22:51.904660,0.013,2022.667,0.0436109098719,0.0436109098719,0.0436109098719252
2018-06-18 18:23:03.264529,0.013,2105.167,0.0436109098719,0.0436109098719,0.0436109098719252
2018-06-18 18:23:14.829691,0.013,2321.75,0.0436109098719,0.0436109098719,0.0436109098719252
2018-06-18 18:23:26.298923,0.013,2075.167,0.0436109098719,0.0436109098719,0.0436109098719252
2018-06-18 18:23:37.746210,0.013,2094.5,0.0436109098719,0.0436109098719,0.0436109098719252
2018-06-18 18:23:49.135819,0.013,2081.5,0.0436109098719,0.0436109098719,0.0436109098719252
2018-06-18 18:24:00.524846,0.014,2120.667,0.0436109098719,0.0436109098719,0.0436109098719252
2018-06-18 18:24:12.015825,0.018,2132.667,0.0436109098719,0.0436109098719,0.0436109098719252
2018-06-18 18:24:23.317100,0.017,2166.833,0.172550485595,0.172550485595,0.17255048559547775
2018-06-18 18:24:34.756500,0.017,2147.75,0.172550485595,0.172550485595,0.17255048559547775
2018-06-18 18:24:46.298754,0.017,2133.667,0.172550485595,0.172550485595,0.17255048559547775
2018-06-18 18:24:57.698753,0.018,2108.0,0.0436109098719,0.0436109098719,0.0436109098719252
2018-06-18 18:25:09.145939,0.014,2021.333,0.0436109098719,0.0436109098719,0.0436109098719252
2018-06-18 18:25:20.509404,0.013,2069.667,0.0436109098719,0.0436109098719,0.0436109098719252
2018-06-18 18:25:32.020739,0.012,2091.0,0.0436109098719,0.0436109098719,0.0436109098719252
2018-06-18 18:25:43.532255,0.012,2065.5,0.0436109098719,0.0436109098719,0.0436109098719252
2018-06-18 18:25:54.992341,0.014,2151.0,0.0436109098719,0.0436109098719,0.0436109098719252
2018-06-18 18:26:06.353311,0.032,2140.333,0.0436109098719,0.0436109098719,0.0436109098719252
2018-06-18 18:26:17.792608,0.031,2167.0,0.0436109098719,0.0436109098719,0.0436109098719252
2018-06-18 18:26:29.241196,0.012,2156.667,0.0436109098719,0.0436109098719,0.0436109098719252
2018-06-18 18:26:40.709009,0.013,2172.5,0.0436109098719,0.0436109098719,0.0436109098719252
2018-06-18 18:26:52.125230,0.013,2144.0,0.172550485595,0.172550485595,0.17255048559547775
2018-06-18 18:27:03.500326,0.019,2146.167,0.172550485595,0.172550485595,0.17255048559547775
2018-06-18 18:27:14.980436,0.026,2203.75,0.172550485595,0.172550485595,0.17255048559547775
2018-06-18 18:27:26.372218,0.022,2154.667,0.172550485595,0.172550485595,0.17255048559547775
2018-06-18 18:27:37.749016,0.022,2164.333,0.0436109098719,0.0436109098719,0.0436109098719252
2018-06-18 18:27:49.167144,0.022,2146.667,0.0436109098719,0.0436109098719,0.0436109098719252
2018-06-18 18:28:00.563006,0.022,2120.833,0.0436109098719,0.0436109098719,0.0436109098719252
2018-06-18 18:28:12.001829,0.026,2149.833,0.0436109098719,0.0436109098719,0.0436109098719252
2018-06-18 18:28:23.491956,0.027,2128.5,0.0436109098719,0.0436109098719,0.0436109098719252
2018-06-18 18:28:34.973625,0.014,2044.5,0.0436109098719,0.0436109098719,0.0436109098719252
2018-06-18 18:28:46.420610,0.017,2183.333,0.0436109098719,0.0436109098719,0.0436109098719252
2018-06-18 18:28:57.897938,0.017,2169.5,0.0436109098719,0.0436109098719,0.0436109098719252
2018-06-18 18:29:09.338677,0.013,2060.0,0.0436109098719,0.0436109098719,0.0436109098719252
2018-06-18 18:29:20.810387,0.014,2143.5,0.0436109098719,0.0436109098719,0.0436109098719252
2018-06-18 18:29:32.272936,0.014,2160.167,0.172550485595,0.172550485595,0.17255048559547775
2018-06-18 18:29:43.801870,0.013,2164.333,0.172550485595,0.172550485595,0.17255048559547775
2018-06-18 18:29:55.242826,0.013,1761.6,0.172550485595,0.172550485595,0.17255048559547775
2018-06-18 18:30:06.617982,0.012,2157.167,0.172550485595,0.172550485595,0.17255048559547775
2018-06-18 18:30:18.102991,0.012,2142.333,0.0436109098719,0.0436109098719,0.0436109098719252
2018-06-18 18:30:29.560338,0.013,2130.833,0.0436109098719,0.0436109098719,0.0436109098719252
2018-06-18 18:30:40.999583,0.013,2134.833,0.0436109098719,0.0436109098719,0.0436109098719252
2018-06-18 18:30:52.347069,0.012,2155.667,0.0436109098719,0.0436109098719,0.0436109098719252
2018-06-18 18:31:03.836911,0.016,2137.667,0.0436109098719,0.0436109098719,0.0436109098719252
2018-06-18 18:31:15.365752,0.016,2108.0,0.0436109098719,0.0436109098719,0.0436109098719252
2018-06-18 18:31:26.733162,0.016,2128.0,0.0436109098719,0.0436109098719,0.0436109098719252
2018-06-18 18:31:38.153497,0.016,2136.167,0.0436109098719,0.0436109098719,0.0436109098719252
2018-06-18 18:31:49.648889,0.015,2131.833,0.0436109098719,0.0436109098719,0.0436109098719252
2018-06-18 18:32:01.116836,0.013,2039.167,0.0436109098719,0.0436109098719,0.0436109098719252
2018-06-18 18:32:12.577310,0.013,2129.5,0.172550485595,0.172550485595,0.17255048559547775
2018-06-18 18:32:24.033081,0.013,2317.75,0.172550485595,0.172550485595,0.17255048559547775
2018-06-18 18:32:35.600367,0.013,2170.5,0.172550485595,0.172550485595,0.17255048559547775
2018-06-18 18:32:46.997252,0.012,2160.333,0.172550485595,0.172550485595,0.17255048559547775
2018-06-18 18:32:58.393116,0.011,2142.167,0.0436109098719,0.0436109098719,0.0436109098719252
2018-06-18 18:33:09.843788,0.012,2127.5,0.0436109098719,0.0436109098719,0.0436109098719252
2018-06-18 18:33:21.325265,0.015,2136.667,0.0436109098719,0.0436109098719,0.0436109098719252
2018-06-18 18:33:32.723987,0.016,2171.333,0.0436109098719,0.0436109098719,0.0436109098719252
2018-06-18 18:33:44.169584,0.014,1935.0,0.0436109098719,0.0436109098719,0.0436109098719252
2018-06-18 18:33:55.535824,0.02,2129.0,0.0436109098719,0.0436109098719,0.0436109098719252
2018-06-18 18:34:06.996277,0.02,2144.333,0.0436109098719,0.0436109098719,0.0436109098719252
2018-06-18 18:34:18.455372,0.019,2119.667,0.0436109098719,0.0436109098719,0.0436109098719252
2018-06-18 18:34:29.808194,0.024,2170.333,0.0436109098719,0.0436109098719,0.0436109098719252
2018-06-18 18:34:41.175429,0.024,2145.833,0.0436109098719,0.0436109098719,0.0436109098719252
2018-06-18 18:34:52.684246,0.021,2045.0,0.172550485595,0.172550485595,0.17255048559547775
2018-06-18 18:35:04.194731,0.024,2164.0,0.172550485595,0.172550485595,0.17255048559547775
2018-06-18 18:35:15.628516,0.018,2039.25,0.172550485595,0.172550485595,0.17255048559547775
2018-06-18 18:35:27.001397,0.018,2055.667,0.172550485595,0.172550485595,0.17255048559547775
2018-06-18 18:35:38.486863,0.018,2118.167,0.0436109098719,0.0436109098719,0.0436109098719252
2018-06-18 18:35:49.980728,0.018,2094.833,0.0436109098719,0.0436109098719,0.0436109098719252
2018-06-18 18:36:01.359222,0.013,1942.667,0.0436109098719,0.0436109098719,0.0436109098719252
2018-06-18 18:36:12.807838,0.014,2074.833,0.0436109098719,0.0436109098719,0.0436109098719252
2018-06-18 18:36:24.340476,0.015,2294.75,0.0436109098719,0.0436109098719,0.0436109098719252
2018-06-18 18:36:35.796302,0.013,2059.833,0.0436109098719,0.0436109098719,0.0436109098719252
2018-06-18 18:36:47.165218,0.013,2027.333,0.0436109098719,0.0436109098719,0.0436109098719252
2018-06-18 18:36:58.520898,0.013,2027.833,0.0436109098719,0.0436109098719,0.0436109098719252
2018-06-18 18:37:09.954006,0.013,2028.167,0.0436109098719,0.0436109098719,0.0436109098719252
2018-06-18 18:37:21.349744,0.014,2046.0,0.0436109098719,0.0436109098719,0.0436109098719252
2018-06-18 18:37:32.854785,0.013,2078.333,0.172550485595,0.172550485595,0.17255048559547775
2018-06-18 18:37:44.254498,0.013,2135.0,0.172550485595,0.172550485595,0.17255048559547775
2018-06-18 18:37:55.750908,0.018,2240.0,0.172550485595,0.172550485595,0.17255048559547775
2018-06-18 18:38:07.235770,0.016,2054.167,0.172550485595,0.172550485595,0.17255048559547775
2018-06-18 18:38:18.621478,0.017,2057.333,0.0436109098719,0.0436109098719,0.0436109098719252
2018-06-18 18:38:30.030012,0.017,2028.167,0.0436109098719,0.0436109098719,0.0436109098719252
