2018-06-02 12:22:23.582477,0.0301029996659
2018-06-02 12:22:35.234562,0.0301029996659
2018-06-02 12:22:46.897676,0.0301029996659
2018-06-02 12:22:58.554750,0.0301029996659
2018-06-02 12:23:10.212826,0.0301029996659
2018-06-02 12:23:21.893937,0.0301029996659
2018-06-02 12:23:33.533610,1.0
2018-06-02 12:23:45.141896,0.0301029996659
2018-06-02 12:23:56.794122,0.0301029996659
2018-06-02 12:24:08.546925,0.0301029996659
2018-06-02 12:24:20.180994,0.0301029996659
2018-06-02 12:24:31.865486,0.0301029996659
2018-06-02 12:24:43.564537,0.0301029996659
2018-06-02 12:24:55.289522,0.0301029996659
2018-06-02 12:25:06.909509,0.0301029996659
2018-06-02 12:25:18.492556,0.0301029996659
2018-06-02 12:25:30.132880,0.0301029996659
2018-06-02 12:25:41.775788,0.0301029996659
2018-06-02 12:25:53.429489,0.0301029996659
2018-06-02 12:26:05.031697,0.0301029996659
2018-06-02 12:26:16.695077,0.0301029996659
2018-06-02 12:26:28.224762,0.0301029996659
2018-06-02 12:26:39.837816,0.0301029996659
2018-06-02 12:26:51.396283,0.0301029996659
2018-06-02 12:27:03.090854,0.0301029996659
2018-06-02 12:27:14.741688,0.0301029996659
2018-06-02 12:27:26.383457,0.0301029996659
2018-06-02 12:27:38.055527,0.0301029996659
2018-06-02 12:27:49.732230,0.0301029996659
2018-06-02 12:28:01.361747,0.0301029996659
2018-06-02 12:28:13.036375,0.0301029996659
2018-06-02 12:28:24.602675,0.0301029996659
2018-06-02 12:28:36.261336,0.0301029996659
2018-06-02 12:28:47.831636,0.0301029996659
2018-06-02 12:28:59.417576,0.0301029996659
2018-06-02 12:29:10.985636,0.0301029996659
2018-06-02 12:29:22.701881,0.0301029996659
2018-06-02 12:29:34.427882,0.0301029996659
2018-06-02 12:29:46.053111,0.0301029996659
2018-06-02 12:29:57.757077,0.0301029996659
2018-06-02 12:30:09.428032,0.0301029996659
2018-06-02 12:30:21.141850,0.0301029996659
2018-06-02 12:30:32.833086,0.0301029996659
2018-06-02 12:30:44.623231,0.0301029996659
2018-06-02 12:30:56.308514,0.0301029996659
2018-06-02 12:31:07.962514,0.0301029996659
2018-06-02 12:31:19.629982,0.0301029996659
2018-06-02 12:31:31.342673,0.0301029996659
2018-06-02 12:31:43.028372,0.0301029996659
2018-06-02 12:31:54.588847,0.0301029996659
2018-06-02 12:32:06.214535,0.0301029996659
2018-06-02 12:32:17.812968,0.0301029996659
2018-06-02 12:32:29.508811,0.0301029996659
2018-06-02 12:32:41.080868,0.0301029996659
2018-06-02 12:32:52.810343,0.0301029996659
2018-06-02 12:33:04.367232,0.0301029996659
2018-06-02 12:33:16.022824,0.0301029996659
2018-06-02 12:33:27.615554,0.0301029996659
2018-06-02 12:33:39.314233,0.0301029996659
2018-06-02 12:33:50.946953,0.0301029996659
2018-06-02 12:34:02.663676,0.0495784835639
2018-06-02 12:34:14.190408,0.0495784835639
2018-06-02 12:34:25.886930,0.0495784835639
2018-06-02 12:34:37.482122,0.0401117589736
2018-06-02 12:34:49.233380,0.0977881700512
2018-06-02 12:35:00.791744,0.0977881700512
2018-06-02 12:35:12.457645,0.0977881700512
2018-06-02 12:35:23.994064,0.0864594942558
2018-06-02 12:35:35.489819,0.0864594942558
2018-06-02 12:35:47.046215,0.0864594942558
2018-06-02 12:35:58.595909,0.0864594942558
2018-06-02 12:36:10.257215,0.0864594942558
2018-06-02 12:36:21.837710,0.0864594942558
2018-06-02 12:36:33.387094,0.0521572958124
2018-06-02 12:36:44.893605,0.031949001787
2018-06-02 12:36:56.463693,0.0470855809221
2018-06-02 12:37:08.132242,0.0470855809221
2018-06-02 12:37:19.749577,0.0470855809221
2018-06-02 12:37:31.399848,0.0470855809221
2018-06-02 12:37:42.963196,0.0470855809221
2018-06-02 12:37:54.520736,0.0470855809221
2018-06-02 12:38:06.217401,0.0470855809221
2018-06-02 12:38:17.756128,0.0470855809221
2018-06-02 12:38:29.297085,0.0401117589736
2018-06-02 12:38:40.887727,0.0401117594983
2018-06-02 12:38:52.435568,0.0575766402511
2018-06-02 12:39:04.116001,0.0575766402511
2018-06-02 12:39:15.696616,0.0575766402511
2018-06-02 12:39:27.240491,0.0575766402511
2018-06-02 12:39:38.828348,0.0575766402511
2018-06-02 12:39:50.415231,0.0575766402511
2018-06-02 12:40:02.012642,0.0575766402511
2018-06-02 12:40:13.560126,0.0575766402511
2018-06-02 12:40:25.125890,0.0575766402511
2018-06-02 12:40:36.804326,0.0575766402511
2018-06-02 12:40:48.314845,0.0575766402511
2018-06-02 12:40:59.863073,0.0575766402511
2018-06-02 12:41:11.433375,0.0575766402511
2018-06-02 12:41:22.975172,0.0575766402511
2018-06-02 12:41:34.591790,0.0575766402511
2018-06-02 12:41:46.226044,0.065389159754
2018-06-02 12:41:57.750436,0.065389159754
2018-06-02 12:42:09.429388,0.065389159754
2018-06-02 12:42:21.001338,0.065389159754
2018-06-02 12:42:32.558808,0.065389159754
2018-06-02 12:42:44.078579,0.065389159754
2018-06-02 12:42:55.665680,0.065389159754
2018-06-02 12:43:07.276949,0.065389159754
2018-06-02 12:43:18.851788,0.065389159754
2018-06-02 12:43:30.419031,0.065389159754
2018-06-02 12:43:42.145044,0.065389159754
2018-06-02 12:43:53.680674,0.065389159754
2018-06-02 12:44:05.180463,0.065389159754
2018-06-02 12:44:16.736854,0.065389159754
2018-06-02 12:44:28.348221,0.065389159754
2018-06-02 12:44:39.949417,0.065389159754
2018-06-02 12:44:51.459341,0.065389159754
2018-06-02 12:45:03.024904,0.065389159754
2018-06-02 12:45:14.597413,0.065389159754
2018-06-02 12:45:26.139084,0.065389159754
2018-06-02 12:45:37.713097,0.065389159754
2018-06-02 12:45:49.433790,0.065389159754
2018-06-02 12:46:00.955145,0.065389159754
2018-06-02 12:46:12.509516,0.065389159754
2018-06-02 12:46:24.088194,0.065389159754
2018-06-02 12:46:35.694922,0.065389159754
2018-06-02 12:46:47.206062,0.065389159754
2018-06-02 12:46:58.751894,0.065389159754
2018-06-02 12:47:10.311299,0.065389159754
2018-06-02 12:47:21.903535,0.065389159754
2018-06-02 12:47:33.503314,0.065389159754
2018-06-02 12:47:45.238144,0.0584793123533
2018-06-02 12:47:56.929561,0.0584793123533
2018-06-02 12:48:08.471743,0.0584793123533
2018-06-02 12:48:20.030230,0.0584793123533
2018-06-02 12:48:31.635434,0.0584793123533
2018-06-02 12:48:43.174127,0.0584793123533
2018-06-02 12:48:54.750953,0.0584793123533
2018-06-02 12:49:06.252156,0.0584793123533
2018-06-02 12:49:17.827422,0.0584793123533
2018-06-02 12:49:29.404552,0.0584793123533
2018-06-02 12:49:40.947155,0.065389159754
2018-06-02 12:49:52.502288,0.065389159754
2018-06-02 12:50:04.052258,0.065389159754
2018-06-02 12:50:15.578186,0.065389159754
2018-06-02 12:50:27.150940,0.065389159754
2018-06-02 12:50:38.845781,0.065389159754
2018-06-02 12:50:50.411240,0.065389159754
2018-06-02 12:51:01.969461,0.065389159754
2018-06-02 12:51:13.506670,0.065389159754
2018-06-02 12:51:25.035863,0.065389159754
2018-06-02 12:51:36.628796,0.065389159754
2018-06-02 12:51:48.236126,0.065389159754
2018-06-02 12:51:59.792961,0.065389159754
2018-06-02 12:52:11.330936,0.065389159754
2018-06-02 12:52:22.919527,0.065389159754
2018-06-02 12:52:34.471339,0.065389159754
2018-06-02 12:52:46.000523,0.065389159754
2018-06-02 12:52:57.550530,0.065389159754
2018-06-02 12:53:09.114753,0.065389159754
2018-06-02 12:53:20.802627,0.065389159754
2018-06-02 12:53:32.339448,0.065389159754
2018-06-02 12:53:43.865972,0.065389159754
2018-06-02 12:53:55.420544,0.065389159754
2018-06-02 12:54:06.951538,0.065389159754
2018-06-02 12:54:18.500763,0.065389159754
2018-06-02 12:54:30.032611,0.065389159754
2018-06-02 12:54:41.541974,0.065389159754
2018-06-02 12:54:53.083846,0.065389159754
2018-06-02 12:55:04.583120,0.065389159754
2018-06-02 12:55:16.147553,0.065389159754
2018-06-02 12:55:27.702550,0.065389159754
2018-06-02 12:55:39.240345,0.065389159754
2018-06-02 12:55:50.768838,0.065389159754
2018-06-02 12:56:02.300905,0.065389159754
2018-06-02 12:56:13.882227,0.065389159754
2018-06-02 12:56:25.411882,0.065389159754
2018-06-02 12:56:37.099609,0.065389159754
2018-06-02 12:56:48.643007,0.065389159754
2018-06-02 12:57:00.245950,0.065389159754
2018-06-02 12:57:11.786309,0.065389159754
2018-06-02 12:57:23.336354,0.065389159754
2018-06-02 12:57:34.805939,0.065389159754
2018-06-02 12:57:46.305069,0.065389159754
2018-06-02 12:57:57.874606,0.065389159754
2018-06-02 12:58:09.400690,0.065389159754
2018-06-02 12:58:20.979360,0.065389159754
2018-06-02 12:58:32.516217,0.065389159754
2018-06-02 12:58:44.116972,0.0584793123533
2018-06-02 12:58:55.642980,0.0461316804098
2018-06-02 12:59:07.223079,0.0461316804098
2018-06-02 12:59:18.731068,0.0433420837909
2018-06-02 12:59:30.286844,0.0406679425912
2018-06-02 12:59:41.830192,0.0406679425912
2018-06-02 12:59:53.523788,0.0406679425912
2018-06-02 13:00:04.995967,0.0381074051002
2018-06-02 13:00:16.545622,0.0356585506843
2018-06-02 13:00:28.095346,0.0333193888325
2018-06-02 13:00:39.619830,0.0381074051002
2018-06-02 13:00:51.168673,0.0490385163922
2018-06-02 13:01:02.794516,0.0510663738211
2018-06-02 13:01:14.340944,0.0553064064839
2018-06-02 13:01:25.852226,0.0597709690637
2018-06-02 13:01:37.412605,0.0597709690637
2018-06-02 13:01:48.946238,0.0597709690637
2018-06-02 13:02:00.455249,0.0644638331443
2018-06-02 13:02:12.067561,0.0693885704721
2018-06-02 13:02:23.622563,0.0745485613351
2018-06-02 13:02:35.166762,0.0745485613351
2018-06-02 13:02:46.722085,0.0745485613351
2018-06-02 13:02:58.245456,0.0799470031041
2018-06-02 13:03:09.783584,0.0799470031041
2018-06-02 13:03:21.337133,0.0799470031041
2018-06-02 13:03:32.890676,0.0799470031041
2018-06-02 13:03:44.586097,0.0799470031041
2018-06-02 13:03:56.138597,0.0799470031041
2018-06-02 13:04:07.702685,0.0799470031041
2018-06-02 13:04:19.252623,0.0799470031041
2018-06-02 13:04:30.799140,0.0799470031041
2018-06-02 13:04:42.315115,0.0799470031041
2018-06-02 13:04:53.875094,0.0799470031041
2018-06-02 13:05:05.384102,0.0799470031041
2018-06-02 13:05:16.910011,0.0799470031041
2018-06-02 13:05:28.429510,0.0799470031041
2018-06-02 13:05:39.989005,0.0799470031041
2018-06-02 13:05:51.562223,0.0799470031041
2018-06-02 13:06:03.076401,0.0799470031041
2018-06-02 13:06:14.545682,0.0799470031041
2018-06-02 13:06:26.087381,0.0745485613351
2018-06-02 13:06:37.654604,0.0745485613351
2018-06-02 13:06:49.182377,0.0693885704721
2018-06-02 13:07:00.698843,0.0693885704721
2018-06-02 13:07:12.239348,0.0693885704721
2018-06-02 13:07:23.836395,0.0693885704721
2018-06-02 13:07:35.361389,0.0693885704721
2018-06-02 13:07:46.916402,0.0693885704721
2018-06-02 13:07:58.538749,0.0693885704721
2018-06-02 13:08:10.077251,0.0693885704721
2018-06-02 13:08:21.610840,0.0745485613351
2018-06-02 13:08:33.123860,0.0745485613351
2018-06-02 13:08:44.625568,0.0799470031041
2018-06-02 13:08:56.143857,0.0799470031041
2018-06-02 13:09:07.696051,0.0799470031041
2018-06-02 13:09:19.206841,0.0799470031041
2018-06-02 13:09:30.754788,0.0799470031041
2018-06-02 13:09:42.284560,0.0799470031041
2018-06-02 13:09:53.821705,0.0799470031041
2018-06-02 13:10:05.347572,0.0799470031041
2018-06-02 13:10:16.856316,0.0799470031041
2018-06-02 13:10:28.376687,0.0799470031041
2018-06-02 13:10:39.929532,0.0799470031041
2018-06-02 13:10:51.430455,0.0799470031041
2018-06-02 13:11:02.927366,0.0799470031041
2018-06-02 13:11:14.415013,0.0799470031041
2018-06-02 13:11:25.996080,0.0799470031041
2018-06-02 13:11:37.512178,0.0799470031041
2018-06-02 13:11:49.029053,0.0799470031041
2018-06-02 13:12:00.536266,0.0799470031041
2018-06-02 13:12:12.202038,0.0799470031041
2018-06-02 13:12:23.721056,0.0799470031041
2018-06-02 13:12:35.276272,0.0799470031041
2018-06-02 13:12:46.821286,0.0799470031041
2018-06-02 13:12:58.348223,0.0799470031041
2018-06-02 13:13:09.892913,0.0799470031041
2018-06-02 13:13:21.425138,0.0799470031041
2018-06-02 13:13:32.942437,0.0799470031041
2018-06-02 13:13:44.422578,0.0799470031041
2018-06-02 13:13:55.931453,0.0799470031041
2018-06-02 13:14:07.472647,0.0799470031041
2018-06-02 13:14:18.978928,0.0799470031041
2018-06-02 13:14:30.555823,0.0799470031041
2018-06-02 13:14:42.057883,0.0799470031041
2018-06-02 13:14:53.566777,0.0799470031041
2018-06-02 13:15:04.989939,0.0799470031041
2018-06-02 13:15:16.516778,0.0799470031041
2018-06-02 13:15:28.049257,0.0799470031041
2018-06-02 13:15:39.614622,0.0799470031041
2018-06-02 13:15:51.151985,0.0799470031041
2018-06-02 13:16:02.697751,0.0799470031041
2018-06-02 13:16:14.212082,0.0799470031041
2018-06-02 13:16:25.825402,0.0799470031041
2018-06-02 13:16:37.403670,0.0799470031041
2018-06-02 13:16:48.904671,0.0799470031041
2018-06-02 13:17:00.430852,0.0799470031041
2018-06-02 13:17:11.953983,0.0799470031041
2018-06-02 13:17:23.470323,0.0799470031041
2018-06-02 13:17:34.989272,0.0799470031041
2018-06-02 13:17:46.589471,0.0799470031041
2018-06-02 13:17:58.136985,0.0799470031041
2018-06-02 13:18:09.673087,0.0799470031041
2018-06-02 13:18:21.140672,0.0799470031041
2018-06-02 13:18:32.680088,0.0799470031041
2018-06-02 13:18:44.176075,0.0799470031041
2018-06-02 13:18:55.629098,0.0799470031041
2018-06-02 13:19:07.151190,0.0799470031041
2018-06-02 13:19:18.688380,0.0799470031041
2018-06-02 13:19:30.191416,0.0799470031041
2018-06-02 13:19:41.740639,0.0799470031041
2018-06-02 13:19:53.296236,0.0799470031041
2018-06-02 13:20:04.774248,0.0799470031041
2018-06-02 13:20:16.395619,0.0949638717086
2018-06-02 13:20:27.933214,0.0949638717086
2018-06-02 13:20:39.668413,0.0949638717086
2018-06-02 13:20:51.214052,0.0949638717086
2018-06-02 13:21:02.711402,0.0949638717086
2018-06-02 13:21:14.230914,0.0949638717086
2018-06-02 13:21:25.729923,0.0949638717086
2018-06-02 13:21:37.278649,0.0949638717086
2018-06-02 13:21:48.788743,0.0949638717086
2018-06-02 13:22:00.306406,0.0949638717086
2018-06-02 13:22:11.887045,0.0949638717086
2018-06-02 13:22:23.453122,0.0949638717086
2018-06-02 13:22:34.988244,0.0949638717086
2018-06-02 13:22:46.509524,0.0949638717086
2018-06-02 13:22:58.151981,0.0949638717086
2018-06-02 13:23:09.706729,0.0949638717086
2018-06-02 13:23:21.319376,0.0949638717086
2018-06-02 13:23:32.887699,0.0949638717086
2018-06-02 13:23:44.458680,0.0949638717086
2018-06-02 13:23:55.981859,0.0949638717086
2018-06-02 13:24:07.421381,0.0949638717086
2018-06-02 13:24:18.976863,0.0949638717086
2018-06-02 13:24:30.607102,0.0949638717086
2018-06-02 13:24:42.152546,0.0949638717086
2018-06-02 13:24:53.809876,0.0949638717086
2018-06-02 13:25:05.354143,0.0949638717086
2018-06-02 13:25:16.852364,0.0949638717086
2018-06-02 13:25:28.388905,0.0949638717086
2018-06-02 13:25:39.927343,0.0949638717086
2018-06-02 13:25:51.467804,0.0949638717086
2018-06-02 13:26:02.974059,0.0949638717086
2018-06-02 13:26:14.468722,0.0949638717086
2018-06-02 13:26:25.937942,0.0949638717086
2018-06-02 13:26:37.420359,0.0949638717086
2018-06-02 13:26:48.981739,0.0949638717086
2018-06-02 13:27:00.518222,0.0949638717086
2018-06-02 13:27:12.092564,0.0949638717086
2018-06-02 13:27:23.668275,0.0949638717086
2018-06-02 13:27:35.214237,0.0949638717086
2018-06-02 13:27:46.778801,0.0949638717086
2018-06-02 13:27:58.331210,0.0949638717086
2018-06-02 13:28:09.971685,0.0949638717086
2018-06-02 13:28:21.550465,0.0949638717086
2018-06-02 13:28:33.154854,0.0949638717086
2018-06-02 13:28:44.719560,0.0949638717086
2018-06-02 13:28:56.242150,0.0949638717086
2018-06-02 13:29:07.939857,0.0949638717086
2018-06-02 13:29:19.531330,0.0949638717086
2018-06-02 13:29:31.108543,0.0949638717086
2018-06-02 13:29:42.659580,0.0949638717086
2018-06-02 13:29:54.271731,0.0949638717086
2018-06-02 13:30:05.841119,0.0949638717086
2018-06-02 13:30:17.446134,0.0949638717086
2018-06-02 13:30:29.041644,0.0949638717086
2018-06-02 13:30:40.623994,0.0949638717086
2018-06-02 13:30:52.181515,0.0949638717086
2018-06-02 13:31:03.794544,0.0949638717086
2018-06-02 13:31:15.390145,0.0949638717086
2018-06-02 13:31:26.949805,0.0949638717086
2018-06-02 13:31:38.570339,0.0949638717086
2018-06-02 13:31:50.146238,0.0949638717086
2018-06-02 13:32:01.714517,0.0949638717086
2018-06-02 13:32:13.322117,0.0949638717086
2018-06-02 13:32:24.861013,0.0949638717086
2018-06-02 13:32:36.445169,0.0949638717086
2018-06-02 13:32:48.079313,0.0949638717086
2018-06-02 13:32:59.687165,0.0949638717086
2018-06-02 13:33:11.268722,0.0949638717086
2018-06-02 13:33:23.091967,0.0949638717086
2018-06-02 13:33:34.632878,0.0949638717086
2018-06-02 13:33:46.190616,0.0949638717086
2018-06-02 13:33:57.778584,0.0949638717086
2018-06-02 13:34:09.328036,0.0949638717086
2018-06-02 13:34:20.919279,0.0949638717086
2018-06-02 13:34:32.541504,0.0949638717086
2018-06-02 13:34:44.152459,0.0949638717086
2018-06-02 13:34:55.749997,0.0949638717086
2018-06-02 13:35:07.292423,0.0949638717086
2018-06-02 13:35:18.867283,0.0949638717086
2018-06-02 13:35:30.406306,0.0949638717086
2018-06-02 13:35:41.974011,0.0949638717086
2018-06-02 13:35:53.567735,0.0949638717086
2018-06-02 13:36:05.076654,0.0949638717086
2018-06-02 13:36:16.682734,0.0949638717086
2018-06-02 13:36:28.213919,0.0949638717086
2018-06-02 13:36:39.801596,0.0949638717086
2018-06-02 13:36:51.357052,0.0949638717086
2018-06-02 13:37:02.937732,0.0949638717086
2018-06-02 13:37:14.578492,0.0949638717086
2018-06-02 13:37:26.162585,0.0949638717086
2018-06-02 13:37:37.859591,0.0949638717086
2018-06-02 13:37:49.474029,0.0949638717086
2018-06-02 13:38:01.052695,0.0949638717086
2018-06-02 13:38:12.621904,0.0949638717086
2018-06-02 13:38:24.189873,0.0949638717086
2018-06-02 13:38:35.814430,0.0949638717086
2018-06-02 13:38:47.423567,0.0949638717086
2018-06-02 13:38:58.977501,0.0949638717086
2018-06-02 13:39:10.582990,0.0949638717086
2018-06-02 13:39:22.095286,0.0949638717086
2018-06-02 13:39:33.787719,0.108777564484
2018-06-02 13:39:45.332656,0.108777564484
2018-06-02 13:39:56.913103,0.108777564484
2018-06-02 13:40:08.427199,0.108777564484
2018-06-02 13:40:20.031918,0.108777564484
2018-06-02 13:40:31.622814,0.108777564484
2018-06-02 13:40:43.218924,0.108777564484
2018-06-02 13:40:54.768072,0.108777564484
2018-06-02 13:41:06.347550,0.108777564484
2018-06-02 13:41:17.919980,0.108777564484
2018-06-02 13:41:29.505148,0.108777564484
2018-06-02 13:41:41.099425,0.108777564484
2018-06-02 13:41:52.800464,0.108777564484
2018-06-02 13:42:04.288648,0.108777564484
2018-06-02 13:42:15.861730,0.108777564484
2018-06-02 13:42:27.488800,0.108777564484
2018-06-02 13:42:39.124338,0.108777564484
2018-06-02 13:42:50.698874,0.108777564484
2018-06-02 13:43:02.294111,0.108777564484
2018-06-02 13:43:13.925109,0.108777564484
2018-06-02 13:43:25.550221,0.108777564484
2018-06-02 13:43:37.149200,0.108777564484
2018-06-02 13:43:48.781967,0.108777564484
2018-06-02 13:44:00.342806,0.108777564484
2018-06-02 13:44:11.973456,0.108777564484
2018-06-02 13:44:23.591141,0.108777564484
2018-06-02 13:44:35.178141,0.108777564484
2018-06-02 13:44:46.774542,0.108777564484
2018-06-02 13:44:58.310890,0.108777564484
2018-06-02 13:45:09.913924,0.0996976285076
2018-06-02 13:45:21.502232,0.0996976285076
2018-06-02 13:45:33.103407,0.0996976285076
2018-06-02 13:45:44.721983,0.0996976285076
2018-06-02 13:45:56.325810,0.0996976285076
2018-06-02 13:46:08.027603,0.0996976285076
2018-06-02 13:46:19.586485,0.0996976285076
2018-06-02 13:46:31.157525,0.0996976285076
2018-06-02 13:46:42.737045,0.0996976285076
2018-06-02 13:46:54.284407,0.0996976285076
2018-06-02 13:47:05.839791,0.108777564484
2018-06-02 13:47:17.468672,0.108777564484
2018-06-02 13:47:29.082434,0.108777564484
2018-06-02 13:47:40.731600,0.108777564484
2018-06-02 13:47:52.363173,0.108777564484
2018-06-02 13:48:03.976115,0.108777564484
2018-06-02 13:48:15.546907,0.108777564484
2018-06-02 13:48:27.180600,0.108777564484
2018-06-02 13:48:38.744268,0.108777564484
2018-06-02 13:48:50.343900,0.108777564484
2018-06-02 13:49:02.009647,0.108777564484
2018-06-02 13:49:13.638359,0.108777564484
2018-06-02 13:49:25.225771,0.108777564484
2018-06-02 13:49:36.781240,0.108777564484
2018-06-02 13:49:48.391762,0.108777564484
2018-06-02 13:49:59.979096,0.108777564484
2018-06-02 13:50:11.606378,0.108777564484
2018-06-02 13:50:23.315470,0.108777564484
2018-06-02 13:50:34.840075,0.108777564484
2018-06-02 13:50:46.364502,0.108777564484
2018-06-02 13:50:57.979349,0.108777564484
2018-06-02 13:51:09.552424,0.108777564484
2018-06-02 13:51:21.217520,0.108777564484
2018-06-02 13:51:32.886355,0.108777564484
2018-06-02 13:51:44.489915,0.108777564484
2018-06-02 13:51:55.997794,0.108777564484
2018-06-02 13:52:07.615260,0.108777564484
2018-06-02 13:52:19.181102,0.108777564484
2018-06-02 13:52:30.822681,0.108777564484
2018-06-02 13:52:42.440071,0.108777564484
2018-06-02 13:52:54.054674,0.108777564484
2018-06-02 13:53:05.563725,0.108777564484
2018-06-02 13:53:17.166284,0.108777564484
2018-06-02 13:53:28.759658,0.108777564484
2018-06-02 13:53:40.366591,0.108777564484
2018-06-02 13:53:51.972740,0.108777564484
2018-06-02 13:54:03.544406,0.108777564484
2018-06-02 13:54:15.192607,0.108777564484
2018-06-02 13:54:26.793901,0.108777564484
2018-06-02 13:54:38.567935,0.108777564484
2018-06-02 13:54:50.209422,0.108777564484
2018-06-02 13:55:01.825173,0.108777564484
2018-06-02 13:55:13.379238,0.108777564484
2018-06-02 13:55:24.938604,0.108777564484
2018-06-02 13:55:36.527690,0.108777564484
2018-06-02 13:55:48.134694,0.108777564484
2018-06-02 13:55:59.719471,0.108777564484
2018-06-02 13:56:11.388198,0.108777564484
2018-06-02 13:56:23.050592,0.108777564484
2018-06-02 13:56:34.616007,0.108777564484
2018-06-02 13:56:46.216365,0.108777564484
2018-06-02 13:56:57.834633,0.108777564484
2018-06-02 13:57:09.421589,0.108777564484
2018-06-02 13:57:21.027276,0.108777564484
2018-06-02 13:57:32.666293,0.108777564484
2018-06-02 13:57:44.283556,0.108777564484
2018-06-02 13:57:55.878943,0.108777564484
2018-06-02 13:58:07.470750,0.108777564484
2018-06-02 13:58:19.058064,0.108777564484
2018-06-02 13:58:30.624488,0.108777564484
2018-06-02 13:58:42.257912,0.108777564484
2018-06-02 13:58:54.055893,0.122162404581
2018-06-02 13:59:05.580226,0.122162404581
2018-06-02 13:59:17.222665,0.122162404581
2018-06-02 13:59:28.882284,0.122162404581
2018-06-02 13:59:40.507072,0.122162404581
2018-06-02 13:59:52.135913,0.122162404581
2018-06-02 14:00:03.720893,0.122162404581
2018-06-02 14:00:15.276747,0.122162404581
2018-06-02 14:00:26.914325,0.122162404581
2018-06-02 14:00:38.549732,0.122162404581
2018-06-02 14:00:50.194210,0.122162404581
2018-06-02 14:01:01.813356,0.122162404581
2018-06-02 14:01:13.454216,0.122162404581
2018-06-02 14:01:25.038787,0.122162404581
2018-06-02 14:01:36.662536,0.122162404581
2018-06-02 14:01:48.232338,0.122162404581
2018-06-02 14:01:59.812437,0.122162404581
2018-06-02 14:02:11.445986,0.122162404581
2018-06-02 14:02:23.081850,0.122162404581
2018-06-02 14:02:34.680783,0.122162404581
2018-06-02 14:02:46.213184,0.122162404581
2018-06-02 14:02:57.859386,0.122162404581
2018-06-02 14:03:09.648911,0.122162404581
2018-06-02 14:03:21.277185,0.122162404581
2018-06-02 14:03:32.903689,0.122162404581
2018-06-02 14:03:44.504804,0.122162404581
2018-06-02 14:03:56.153223,0.122162404581
2018-06-02 14:04:07.805692,0.122162404581
2018-06-02 14:04:19.413147,0.122162404581
2018-06-02 14:04:31.051119,0.122162404581
2018-06-02 14:04:42.687097,0.122162404581
2018-06-02 14:04:54.276265,0.122162404581
2018-06-02 14:05:05.913134,0.122162404581
2018-06-02 14:05:17.492328,0.122162404581
2018-06-02 14:05:29.106020,0.122162404581
2018-06-02 14:05:40.781284,0.122162404581
2018-06-02 14:05:52.416534,0.122162404581
2018-06-02 14:06:04.082767,0.122162404581
2018-06-02 14:06:15.699688,0.122162404581
2018-06-02 14:06:27.352589,0.122162404581
2018-06-02 14:06:39.019950,0.122162404581
2018-06-02 14:06:50.692874,0.122162404581
2018-06-02 14:07:02.338526,0.122162404581
2018-06-02 14:07:13.944540,0.122162404581
2018-06-02 14:07:25.679559,0.122162404581
2018-06-02 14:07:37.317681,0.122162404581
2018-06-02 14:07:48.931292,0.122162404581
2018-06-02 14:08:00.546260,0.122162404581
2018-06-02 14:08:12.186282,0.122162404581
2018-06-02 14:08:23.791416,0.122162404581
2018-06-02 14:08:35.406347,0.122162404581
2018-06-02 14:08:47.082836,0.122162404581
2018-06-02 14:08:58.652904,0.122162404581
2018-06-02 14:09:10.315198,0.122162404581
2018-06-02 14:09:21.989517,0.122162404581
2018-06-02 14:09:33.637170,0.122162404581
2018-06-02 14:09:45.289806,0.122162404581
2018-06-02 14:09:56.959343,0.122162404581
2018-06-02 14:10:08.590050,0.122162404581
2018-06-02 14:10:20.225005,0.122162404581
2018-06-02 14:10:31.866533,0.122162404581
2018-06-02 14:10:43.485833,0.122162404581
2018-06-02 14:10:55.093501,0.122162404581
2018-06-02 14:11:06.701512,0.122162404581
2018-06-02 14:11:18.387045,0.122162404581
2018-06-02 14:11:30.042794,0.122162404581
2018-06-02 14:11:41.816613,0.122162404581
2018-06-02 14:11:53.498187,0.122162404581
2018-06-02 14:12:05.061969,0.122162404581
2018-06-02 14:12:16.642574,0.122162404581
2018-06-02 14:12:28.252934,0.122162404581
2018-06-02 14:12:39.887431,0.111304193242
2018-06-02 14:12:51.574918,0.111304193242
2018-06-02 14:13:03.245601,0.111304193242
2018-06-02 14:13:14.820341,0.111304193242
2018-06-02 14:13:26.458426,0.111304193242
2018-06-02 14:13:38.118329,0.111304193242
2018-06-02 14:13:49.797922,0.111304193242
2018-06-02 14:14:01.381496,0.111304193242
2018-06-02 14:14:13.028928,0.111304193242
2018-06-02 14:14:24.623286,0.111304193242
2018-06-02 14:14:36.272169,0.122162404581
2018-06-02 14:14:47.935444,0.122162404581
2018-06-02 14:14:59.584770,0.122162404581
2018-06-02 14:15:11.333112,0.122162404581
2018-06-02 14:15:23.481467,0.122162404581
2018-06-02 14:15:35.094855,0.122162404581
2018-06-02 14:15:46.745192,0.122162404581
2018-06-02 14:15:58.462215,0.122162404581
2018-06-02 14:16:10.104333,0.122162404581
2018-06-02 14:16:21.725992,0.122162404581
2018-06-02 14:16:33.335870,0.122162404581
2018-06-02 14:16:44.931302,0.122162404581
2018-06-02 14:16:56.538849,0.122162404581
2018-06-02 14:17:08.195392,0.122162404581
2018-06-02 14:17:19.844192,0.122162404581
2018-06-02 14:17:31.518706,0.122162404581
2018-06-02 14:17:43.155922,0.122162404581
2018-06-02 14:17:54.845622,0.122162404581
2018-06-02 14:18:06.472809,0.122162404581
2018-06-02 14:18:18.235809,0.135142736756
2018-06-02 14:18:29.915312,0.135142736756
2018-06-02 14:18:41.585818,0.135142736756
2018-06-02 14:18:53.248518,0.135142736756
2018-06-02 14:19:04.861445,0.135142736756
2018-06-02 14:19:16.505061,0.135142736756
2018-06-02 14:19:28.266163,0.135142736756
2018-06-02 14:19:39.911155,0.135142736756
2018-06-02 14:19:51.576237,0.135142736756
2018-06-02 14:20:03.189974,0.135142736756
2018-06-02 14:20:14.863937,0.135142736756
2018-06-02 14:20:26.619289,0.135142736756
2018-06-02 14:20:38.308195,0.135142736756
2018-06-02 14:20:49.924993,0.135142736756
2018-06-02 14:21:01.579303,0.122528820613
2018-06-02 14:21:13.240224,0.122528820613
2018-06-02 14:21:24.812717,0.122528820613
2018-06-02 14:21:36.419597,0.122528820613
2018-06-02 14:21:48.058032,0.122528820613
2018-06-02 14:21:59.722959,0.122528820613
2018-06-02 14:22:11.321254,0.110660666406
2018-06-02 14:22:22.978257,0.110660666406
2018-06-02 14:22:34.549615,0.0995279007443
2018-06-02 14:22:46.121132,0.0995279007443
2018-06-02 14:22:57.761090,0.0995279007443
2018-06-02 14:23:09.402505,0.0995279007443
2018-06-02 14:23:21.043799,0.0995279007443
2018-06-02 14:23:32.711067,0.0891190968167
2018-06-02 14:23:44.382891,0.0891190968167
2018-06-02 14:23:55.971728,0.0891190968167
2018-06-02 14:24:07.591063,0.0995279007443
2018-06-02 14:24:19.133649,0.0995279007443
2018-06-02 14:24:30.932721,0.110660666406
2018-06-02 14:24:42.528768,0.110660666406
2018-06-02 14:24:54.095630,0.122528820613
2018-06-02 14:25:05.718985,0.122528820613
2018-06-02 14:25:17.340163,0.122528820613
2018-06-02 14:25:28.943448,0.135142736756
2018-06-02 14:25:40.679883,0.135142736756
2018-06-02 14:25:52.313608,0.135142736756
2018-06-02 14:26:04.036895,0.135142736756
2018-06-02 14:26:15.658640,0.135142736756
2018-06-02 14:26:27.321661,0.135142736756
2018-06-02 14:26:38.954247,0.135142736756
2018-06-02 14:26:50.621872,0.135142736756
2018-06-02 14:27:02.275743,0.135142736756
2018-06-02 14:27:13.909836,0.135142736756
2018-06-02 14:27:25.463604,0.135142736756
2018-06-02 14:27:37.014674,0.135142736756
2018-06-02 14:27:48.619994,0.135142736756
2018-06-02 14:28:00.234620,0.135142736756
2018-06-02 14:28:11.888600,0.135142736756
2018-06-02 14:28:23.533506,0.135142736756
2018-06-02 14:28:35.098431,0.135142736756
2018-06-02 14:28:46.863755,0.135142736756
2018-06-02 14:28:58.499455,0.135142736756
2018-06-02 14:29:10.109680,0.135142736756
2018-06-02 14:29:21.754210,0.135142736756
2018-06-02 14:29:33.422509,0.135142736756
2018-06-02 14:29:44.954434,0.135142736756
2018-06-02 14:29:56.512297,0.135142736756
2018-06-02 14:30:08.110484,0.135142736756
2018-06-02 14:30:19.789326,0.135142736756
2018-06-02 14:30:31.488958,0.135142736756
2018-06-02 14:30:43.123433,0.135142736756
2018-06-02 14:30:54.813076,0.135142736756
2018-06-02 14:31:06.442422,0.135142736756
2018-06-02 14:31:18.013684,0.135142736756
2018-06-02 14:31:29.631360,0.135142736756
2018-06-02 14:31:41.269704,0.135142736756
2018-06-02 14:31:52.901172,0.135142736756
2018-06-02 14:32:04.466434,0.135142736756
2018-06-02 14:32:16.099205,0.135142736756
2018-06-02 14:32:27.758652,0.135142736756
2018-06-02 14:32:39.330250,0.135142736756
2018-06-02 14:32:50.990585,0.135142736756
2018-06-02 14:33:02.834683,0.135142736756
2018-06-02 14:33:14.456775,0.135142736756
2018-06-02 14:33:26.029716,0.135142736756
2018-06-02 14:33:37.688599,0.135142736756
2018-06-02 14:33:49.312420,0.135142736756
2018-06-02 14:34:00.936767,0.135142736756
2018-06-02 14:34:12.543591,0.135142736756
2018-06-02 14:34:24.196471,0.135142736756
2018-06-02 14:34:35.803822,0.135142736756
2018-06-02 14:34:47.465899,0.135142736756
2018-06-02 14:34:59.067046,0.135142736756
2018-06-02 14:35:10.727238,0.135142736756
2018-06-02 14:35:22.387447,0.135142736756
2018-06-02 14:35:34.072797,0.135142736756
2018-06-02 14:35:45.759934,0.135142736756
2018-06-02 14:35:57.384692,0.135142736756
2018-06-02 14:36:09.112172,0.135142736756
2018-06-02 14:36:20.739979,0.135142736756
2018-06-02 14:36:32.407886,0.135142736756
2018-06-02 14:36:44.036494,0.135142736756
2018-06-02 14:36:55.687630,0.135142736756
2018-06-02 14:37:07.340442,0.135142736756
2018-06-02 14:37:19.085551,0.135142736756
2018-06-02 14:37:30.760932,0.135142736756
2018-06-02 14:37:42.526788,0.138058545864
2018-06-02 14:37:54.182371,0.138058545864
2018-06-02 14:38:05.761065,0.138058545864
2018-06-02 14:38:17.444774,0.138058545864
2018-06-02 14:38:29.124572,0.138058545864
2018-06-02 14:38:40.836199,0.138058545864
2018-06-02 14:38:52.457558,0.138058545864
2018-06-02 14:39:04.083390,0.138058545864
2018-06-02 14:39:15.658875,0.138058545864
2018-06-02 14:39:27.280505,0.138058545864
2018-06-02 14:39:38.955324,0.138058545864
2018-06-02 14:39:50.607350,0.138058545864
2018-06-02 14:40:02.282249,0.138058545864
2018-06-02 14:40:13.907433,0.138058545864
2018-06-02 14:40:25.568369,0.138058545864
2018-06-02 14:40:37.188857,0.138058545864
2018-06-02 14:40:48.835247,0.138058545864
2018-06-02 14:41:00.476408,0.138058545864
2018-06-02 14:41:12.133656,0.138058545864
2018-06-02 14:41:23.840760,0.138058545864
2018-06-02 14:41:35.620130,0.138058545864
2018-06-02 14:41:47.284781,0.138058545864
2018-06-02 14:41:58.854926,0.138058545864
2018-06-02 14:42:10.521870,0.138058545864
2018-06-02 14:42:22.160003,0.138058545864
2018-06-02 14:42:33.807783,0.138058545864
2018-06-02 14:42:45.460336,0.138058545864
2018-06-02 14:42:57.078470,0.138058545864
2018-06-02 14:43:08.715810,0.138058545864
2018-06-02 14:43:20.367811,0.138058545864
2018-06-02 14:43:32.007947,0.138058545864
2018-06-02 14:43:43.657885,0.138058545864
2018-06-02 14:43:55.312575,0.138058545864
2018-06-02 14:44:06.904003,0.138058545864
2018-06-02 14:44:18.529468,0.138058545864
2018-06-02 14:44:30.158801,0.138058545864
2018-06-02 14:44:41.789859,0.138058545864
2018-06-02 14:44:53.440611,0.138058545864
2018-06-02 14:45:05.045513,0.138058545864
2018-06-02 14:45:16.646307,0.138058545864
2018-06-02 14:45:28.287247,0.138058545864
2018-06-02 14:45:39.880848,0.138058545864
2018-06-02 14:45:51.650018,0.138058545864
2018-06-02 14:46:03.259689,0.138058545864
2018-06-02 14:46:14.850056,0.138058545864
2018-06-02 14:46:26.491463,0.138058545864
2018-06-02 14:46:38.207942,0.138058545864
2018-06-02 14:46:49.831794,0.138058545864
2018-06-02 14:47:01.434256,0.138058545864
2018-06-02 14:47:13.059284,0.138058545864
2018-06-02 14:47:24.661499,0.138058545864
2018-06-02 14:47:36.313336,0.138058545864
2018-06-02 14:47:47.931521,0.138058545864
2018-06-02 14:47:59.525104,0.138058545864
2018-06-02 14:48:11.148779,0.138058545864
2018-06-02 14:48:22.773112,0.138058545864
2018-06-02 14:48:34.345853,0.138058545864
2018-06-02 14:48:45.939981,0.138058545864
2018-06-02 14:48:57.604137,0.138058545864
2018-06-02 14:49:09.211431,0.138058545864
2018-06-02 14:49:20.872016,0.138058545864
2018-06-02 14:49:32.519729,0.138058545864
2018-06-02 14:49:44.187171,0.138058545864
2018-06-02 14:49:55.813868,0.138058545864
2018-06-02 14:50:07.666802,0.138058545864
2018-06-02 14:50:19.318859,0.138058545864
2018-06-02 14:50:30.939597,0.138058545864
2018-06-02 14:50:42.645037,0.138058545864
2018-06-02 14:50:54.283869,0.138058545864
2018-06-02 14:51:05.893427,0.138058545864
2018-06-02 14:51:17.542136,0.138058545864
2018-06-02 14:51:29.223904,0.138058545864
2018-06-02 14:51:40.870289,0.138058545864
2018-06-02 14:51:52.599989,0.138058545864
2018-06-02 14:52:04.235385,0.138058545864
2018-06-02 14:52:15.914643,0.138058545864
2018-06-02 14:52:27.513509,0.138058545864
2018-06-02 14:52:39.153006,0.138058545864
2018-06-02 14:52:50.781320,0.138058545864
2018-06-02 14:53:02.453744,0.138058545864
2018-06-02 14:53:14.099163,0.138058545864
2018-06-02 14:53:25.696355,0.138058545864
2018-06-02 14:53:37.322021,0.138058545864
2018-06-02 14:53:48.954965,0.138058545864
2018-06-02 14:54:00.589891,0.138058545864
2018-06-02 14:54:12.217444,0.138058545864
2018-06-02 14:54:23.982979,0.138058545864
2018-06-02 14:54:35.606769,0.138058545864
2018-06-02 14:54:47.233060,0.138058545864
2018-06-02 14:54:58.825752,0.138058545864
2018-06-02 14:55:10.469477,0.138058545864
2018-06-02 14:55:22.103475,0.138058545864
2018-06-02 14:55:33.767030,0.138058545864
2018-06-02 14:55:45.273642,0.138058545864
2018-06-02 14:55:56.918930,0.138058545864
2018-06-02 14:56:08.465188,0.138058545864
2018-06-02 14:56:20.127184,0.138058545864
2018-06-02 14:56:31.743166,0.138058545864
2018-06-02 14:56:43.397054,0.138058545864
2018-06-02 14:56:55.028993,0.138058545864
2018-06-02 14:57:06.830295,0.138058545864
2018-06-02 14:57:18.488789,0.138058545864
2018-06-02 14:57:30.160714,0.138058545864
2018-06-02 14:57:41.762148,0.138058545864
2018-06-02 14:57:53.380135,0.138058545864
2018-06-02 14:58:04.978744,0.138058545864
2018-06-02 14:58:16.520124,0.138058545864
2018-06-02 14:58:28.109718,0.138058545864
2018-06-02 14:58:39.862421,0.138058545864
2018-06-02 14:58:51.512772,0.138058545864
2018-06-02 14:59:03.149902,0.138058545864
2018-06-02 14:59:14.769638,0.138058545864
2018-06-02 14:59:26.433141,0.138058545864
2018-06-02 14:59:38.067795,0.138058545864
2018-06-02 14:59:49.664516,0.138058545864
2018-06-02 15:00:01.333146,0.138058545864
2018-06-02 15:00:12.940505,0.138058545864
2018-06-02 15:00:24.486558,0.138058545864
2018-06-02 15:00:36.104196,0.138058545864
2018-06-02 15:00:47.772309,0.138058545864
2018-06-02 15:00:59.369227,0.138058545864
2018-06-02 15:01:11.009815,0.138058545864
2018-06-02 15:01:22.665821,0.138058545864
2018-06-02 15:01:34.249278,0.138058545864
2018-06-02 15:01:45.796661,0.138058545864
2018-06-02 15:01:57.459800,0.138058545864
2018-06-02 15:02:09.041131,0.138058545864
2018-06-02 15:02:20.772296,0.138058545864
2018-06-02 15:02:32.416227,0.138058545864
2018-06-02 15:02:44.068840,0.138058545864
2018-06-02 15:02:56.057774,0.138058545864
2018-06-02 15:03:07.708669,0.112810392882
2018-06-02 15:03:19.300016,0.999884723139
2018-06-02 15:03:30.945513,0.299999996735
2018-06-02 15:03:42.612610,0.299999996735
2018-06-02 15:03:54.195751,0.299999996735
2018-06-02 15:04:05.816880,0.299999996735
2018-06-02 15:04:17.468643,0.299999996735
2018-06-02 15:04:29.089449,0.299999996735
2018-06-02 15:04:40.738165,0.299999996735
2018-06-02 15:04:52.321588,0.299999996735
2018-06-02 15:05:03.966877,0.299999996735
2018-06-02 15:05:15.548233,0.299999996735
2018-06-02 15:05:27.185101,0.299999996735
2018-06-02 15:05:38.732192,0.101339265346
2018-06-02 15:05:50.341695,0.101339265346
2018-06-02 15:06:01.996237,0.101339265346
2018-06-02 15:06:13.693714,0.101339265346
2018-06-02 15:06:25.233951,0.101339265346
2018-06-02 15:06:36.757075,0.101339265346
2018-06-02 15:06:48.428145,0.101339265346
2018-06-02 15:07:00.064484,0.138058545864
2018-06-02 15:07:11.822712,0.138058545864
2018-06-02 15:07:23.447880,0.138058545864
2018-06-02 15:07:35.107137,0.138058545864
2018-06-02 15:07:46.746301,0.138058545864
2018-06-02 15:07:58.355886,0.138058545864
2018-06-02 15:08:09.943423,0.138058545864
2018-06-02 15:08:21.539621,0.138058545864
2018-06-02 15:08:33.184145,0.138058545864
2018-06-02 15:08:44.870253,0.138058545864
2018-06-02 15:08:56.485591,0.138058545864
2018-06-02 15:09:08.152991,0.138058545864
2018-06-02 15:09:19.762012,0.138058545864
2018-06-02 15:09:31.435646,0.138058545864
2018-06-02 15:09:43.030095,0.138058545864
2018-06-02 15:09:54.541912,0.138058545864
2018-06-02 15:10:06.131606,0.138058545864
2018-06-02 15:10:17.766128,0.138058545864
2018-06-02 15:10:29.292915,0.138058545864
2018-06-02 15:10:40.903933,0.138058545864
2018-06-02 15:10:52.586143,0.138058545864
2018-06-02 15:11:04.210029,0.138058545864
2018-06-02 15:11:15.907554,0.138058545864
2018-06-02 15:11:27.530650,0.138058545864
2018-06-02 15:11:39.195102,0.138058545864
2018-06-02 15:11:50.833398,0.138058545864
2018-06-02 15:12:02.475297,0.138058545864
2018-06-02 15:12:14.083322,0.138058545864
2018-06-02 15:12:25.664648,0.138058545864
2018-06-02 15:12:37.342589,0.138058545864
2018-06-02 15:12:48.995209,0.138058545864
2018-06-02 15:13:00.601363,0.138058545864
2018-06-02 15:13:12.235380,0.138058545864
2018-06-02 15:13:23.868645,0.138058545864
2018-06-02 15:13:35.488615,0.138058545864
2018-06-02 15:13:47.090408,0.138058545864
2018-06-02 15:13:58.780712,0.138058545864
2018-06-02 15:14:10.384009,0.138058545864
2018-06-02 15:14:22.025163,0.138058545864
2018-06-02 15:14:33.706533,0.138058545864
2018-06-02 15:14:45.301365,0.138058545864
2018-06-02 15:14:56.856284,0.138058545864
2018-06-02 15:15:08.422429,0.138058545864
2018-06-02 15:15:20.088787,0.138058545864
2018-06-02 15:15:31.659237,0.138058545864
2018-06-02 15:15:43.352981,0.138058545864
2018-06-02 15:15:54.973456,0.138058545864
2018-06-02 15:16:06.569004,0.138058545864
2018-06-02 15:16:18.227482,0.138058545864
2018-06-02 15:16:30.032127,0.0680730924429
2018-06-02 15:16:41.637301,0.0680730924429
2018-06-02 15:16:53.272307,0.0680730924429
2018-06-02 15:17:04.914914,0.0680730924429
2018-06-02 15:17:16.488745,0.0680730924429
2018-06-02 15:17:28.102816,0.0680730924429
2018-06-02 15:17:39.796388,0.0680730924429
2018-06-02 15:17:51.393825,0.0680730924429
2018-06-02 15:18:03.026724,0.0680730924429
2018-06-02 15:18:14.617935,0.0680730924429
2018-06-02 15:18:26.258781,0.0680730924429
2018-06-02 15:18:38.041433,0.0680730924429
2018-06-02 15:18:49.630181,0.0680730924429
2018-06-02 15:19:01.248376,0.0680730924429
2018-06-02 15:19:12.853694,0.0680730924429
2018-06-02 15:19:24.401750,0.0680730924429
2018-06-02 15:19:35.926346,0.0680730924429
2018-06-02 15:19:47.464387,0.0680730924429
2018-06-02 15:19:59.180357,0.0680730924429
2018-06-02 15:20:10.876772,0.0680730924429
2018-06-02 15:20:22.527877,0.0680730924429
2018-06-02 15:20:34.090601,0.0680730924429
2018-06-02 15:20:45.697936,0.0680730924429
2018-06-02 15:20:57.330562,0.0680730924429
2018-06-02 15:21:08.898802,0.0680730924429
2018-06-02 15:21:20.557468,0.0680730924429
2018-06-02 15:21:32.153580,0.0680730924429
2018-06-02 15:21:43.821004,0.0680730924429
2018-06-02 15:21:55.358592,0.0680730924429
2018-06-02 15:22:06.898944,0.0680730924429
2018-06-02 15:22:18.496663,0.0680730924429
2018-06-02 15:22:30.048331,0.0680730924429
2018-06-02 15:22:41.735250,0.0680730924429
2018-06-02 15:22:53.360630,0.0680730924429
2018-06-02 15:23:04.970814,0.0680730924429
2018-06-02 15:23:16.678022,0.0680730924429
2018-06-02 15:23:28.289256,0.0680730924429
2018-06-02 15:23:40.017321,0.0680730924429
2018-06-02 15:23:51.600193,0.0680730924429
2018-06-02 15:24:03.219717,0.0680730924429
2018-06-02 15:24:15.001665,0.0680730924429
2018-06-02 15:24:26.549430,0.0680730924429
2018-06-02 15:24:38.234735,0.0680730924429
2018-06-02 15:24:49.866268,0.0680730924429
2018-06-02 15:25:01.459804,0.0680730924429
2018-06-02 15:25:13.157995,0.0680730924429
2018-06-02 15:25:24.761586,0.0680730924429
2018-06-02 15:25:36.342808,0.0680730924429
2018-06-02 15:25:47.957139,0.0680730924429
2018-06-02 15:25:59.572977,0.0680730924429
2018-06-02 15:26:11.177050,0.0680730924429
2018-06-02 15:26:22.732564,0.0680730924429
2018-06-02 15:26:34.318874,0.0680730924429
2018-06-02 15:26:45.941445,0.0680730924429
2018-06-02 15:26:57.580058,0.0680730924429
2018-06-02 15:27:09.156370,0.0680730924429
2018-06-02 15:27:20.718538,0.0680730924429
2018-06-02 15:27:32.328844,0.0680730924429
2018-06-02 15:27:43.967478,0.0680730924429
2018-06-02 15:27:55.583159,0.0680730924429
2018-06-02 15:28:07.176704,0.0680730924429
2018-06-02 15:28:18.745520,0.0680730924429
2018-06-02 15:28:30.615668,0.0680730924429
2018-06-02 15:28:42.248066,0.0680730924429
2018-06-02 15:28:53.818499,0.0680730924429
2018-06-02 15:29:05.379319,0.0680730924429
2018-06-02 15:29:16.962232,0.0680730924429
2018-06-02 15:29:28.658186,0.0680730924429
2018-06-02 15:29:40.238533,0.0680730924429
2018-06-02 15:29:51.856158,0.0680730924429
2018-06-02 15:30:03.450060,0.0680730924429
2018-06-02 15:30:15.087970,0.0680730924429
2018-06-02 15:30:26.696412,0.0680730924429
2018-06-02 15:30:38.298625,0.0680730924429
2018-06-02 15:30:49.897871,0.0680730924429
2018-06-02 15:31:01.612886,0.0680730924429
2018-06-02 15:31:13.227210,0.0680730924429
2018-06-02 15:31:24.755027,0.0680730924429
2018-06-02 15:31:36.357073,0.0680730924429
2018-06-02 15:31:48.031379,0.0680730924429
2018-06-02 15:31:59.655547,0.0680730924429
2018-06-02 15:32:11.240524,0.0680730924429
2018-06-02 15:32:22.825375,0.0680730924429
2018-06-02 15:32:34.393443,0.0680730924429
2018-06-02 15:32:46.137410,0.0680730924429
2018-06-02 15:32:57.723150,0.0680730924429
2018-06-02 15:33:09.338909,0.0680730924429
2018-06-02 15:33:20.953806,0.0680730924429
2018-06-02 15:33:32.611918,0.0680730924429
2018-06-02 15:33:44.284526,0.0680730924429
2018-06-02 15:33:55.803291,0.0680730924429
2018-06-02 15:34:07.456772,0.0680730924429
2018-06-02 15:34:19.107955,0.0680730924429
2018-06-02 15:34:30.751536,0.0680730924429
2018-06-02 15:34:42.352747,0.0680730924429
2018-06-02 15:34:54.015718,0.0680730924429
2018-06-02 15:35:05.580206,0.0680730924429
2018-06-02 15:35:17.198519,0.0680730924429
2018-06-02 15:35:28.828497,0.0680730924429
2018-06-02 15:35:40.487450,0.0680730924429
2018-06-02 15:35:52.319260,0.0707171370201
2018-06-02 15:36:04.035068,0.0707171370201
2018-06-02 15:36:15.652604,0.0707171370201
2018-06-02 15:36:27.230898,0.0707171370201
2018-06-02 15:36:38.907305,0.0707171370201
2018-06-02 15:36:50.607900,0.0707171370201
2018-06-02 15:37:02.381222,0.0707171370201
2018-06-02 15:37:13.937995,0.0707171370201
2018-06-02 15:37:25.431154,0.0707171370201
2018-06-02 15:37:37.138554,0.0707171370201
2018-06-02 15:37:48.724551,0.0707171370201
2018-06-02 15:38:00.358687,0.0707171370201
2018-06-02 15:38:12.018762,0.0707171370201
2018-06-02 15:38:23.631357,0.0707171370201
2018-06-02 15:38:35.255158,0.0707171370201
2018-06-02 15:38:46.841652,0.0707171370201
2018-06-02 15:38:58.524122,0.0707171370201
2018-06-02 15:39:10.074188,0.0707171370201
2018-06-02 15:39:21.684712,0.0707171370201
2018-06-02 15:39:33.329878,0.0707171370201
2018-06-02 15:39:44.952264,0.0707171370201
2018-06-02 15:39:56.594333,0.0707171370201
2018-06-02 15:40:08.169725,0.0707171370201
2018-06-02 15:40:19.808755,0.0707171370201
2018-06-02 15:40:31.385256,0.0707171370201
2018-06-02 15:40:43.012228,0.0707171370201
2018-06-02 15:40:54.688419,0.0707171370201
2018-06-02 15:41:06.285854,0.0707171370201
2018-06-02 15:41:17.996208,0.0707171370201
2018-06-02 15:41:29.567820,0.0707171370201
2018-06-02 15:41:41.199198,0.0707171370201
2018-06-02 15:41:52.864577,0.0707171370201
2018-06-02 15:42:04.508269,0.0707171370201
2018-06-02 15:42:16.172770,0.0707171370201
2018-06-02 15:42:27.746065,0.0707171370201
2018-06-02 15:42:39.401934,0.0707171370201
2018-06-02 15:42:51.089748,0.0707171370201
2018-06-02 15:43:02.661977,0.0707171370201
2018-06-02 15:43:14.299577,0.0707171370201
2018-06-02 15:43:25.896196,0.0707171370201
2018-06-02 15:43:37.491436,0.0707171370201
2018-06-02 15:43:49.042300,0.0707171370201
2018-06-02 15:44:00.621835,0.0707171370201
2018-06-02 15:44:12.366334,0.0707171370201
2018-06-02 15:44:23.997156,0.0707171370201
2018-06-02 15:44:35.603933,0.0707171370201
2018-06-02 15:44:47.400650,0.0707171370201
2018-06-02 15:44:59.027724,0.0707171370201
2018-06-02 15:45:10.718298,0.0707171370201
2018-06-02 15:45:22.334290,0.0707171370201
2018-06-02 15:45:34.100616,0.0707171370201
2018-06-02 15:45:45.671570,0.0707171370201
2018-06-02 15:45:57.341812,0.0707171370201
2018-06-02 15:46:08.983132,0.0707171370201
2018-06-02 15:46:20.564138,0.0707171370201
2018-06-02 15:46:32.164386,0.0707171370201
2018-06-02 15:46:43.769209,0.0707171370201
2018-06-02 15:46:55.378611,0.0707171370201
2018-06-02 15:47:06.981757,0.0707171370201
2018-06-02 15:47:18.639014,0.0707171370201
2018-06-02 15:47:30.326769,0.0707171370201
2018-06-02 15:47:41.960561,0.0707171370201
2018-06-02 15:47:53.606859,0.0707171370201
2018-06-02 15:48:05.188656,0.0707171370201
2018-06-02 15:48:16.810577,0.0707171370201
2018-06-02 15:48:28.436410,0.0707171370201
2018-06-02 15:48:40.100187,0.0707171370201
2018-06-02 15:48:51.689571,0.0707171370201
2018-06-02 15:49:03.321348,0.0707171370201
2018-06-02 15:49:14.960188,0.0707171370201
2018-06-02 15:49:26.549564,0.0707171370201
2018-06-02 15:49:38.142982,0.0707171370201
2018-06-02 15:49:49.949293,0.0707171370201
2018-06-02 15:50:01.575871,0.0707171370201
2018-06-02 15:50:13.190039,0.0707171370201
2018-06-02 15:50:24.774767,0.0707171370201
2018-06-02 15:50:36.316374,0.0707171370201
2018-06-02 15:50:47.986291,0.0707171370201
2018-06-02 15:50:59.557776,0.0707171370201
2018-06-02 15:51:11.182215,0.0707171370201
2018-06-02 15:51:22.719892,0.0707171370201
2018-06-02 15:51:34.423577,0.0707171370201
2018-06-02 15:51:46.013143,0.0707171370201
2018-06-02 15:51:57.623984,0.0707171370201
2018-06-02 15:52:09.196618,0.0707171370201
2018-06-02 15:52:20.837582,0.0707171370201
2018-06-02 15:52:32.489327,0.0707171370201
2018-06-02 15:52:44.040715,0.0707171370201
2018-06-02 15:52:55.624032,0.0707171370201
2018-06-02 15:53:07.234734,0.0707171370201
2018-06-02 15:53:18.844618,0.0707171370201
2018-06-02 15:53:30.556389,0.0707171370201
2018-06-02 15:53:42.124233,0.0707171370201
2018-06-02 15:53:53.688652,0.0707171370201
2018-06-02 15:54:05.356907,0.0707171370201
2018-06-02 15:54:16.965278,0.0707171370201
2018-06-02 15:54:28.558947,0.0707171370201
2018-06-02 15:54:40.243400,0.0707171370201
2018-06-02 15:54:51.936339,0.0707171370201
2018-06-02 15:55:03.576293,0.0707171370201
2018-06-02 15:55:15.370250,0.073293370599
2018-06-02 15:55:26.978723,0.073293370599
2018-06-02 15:55:38.663740,0.073293370599
2018-06-02 15:55:50.249251,0.073293370599
2018-06-02 15:56:01.769393,0.073293370599
2018-06-02 15:56:13.434929,0.073293370599
2018-06-02 15:56:25.040758,0.073293370599
2018-06-02 15:56:36.676460,0.073293370599
2018-06-02 15:56:48.291438,0.073293370599
2018-06-02 15:56:59.895479,0.073293370599
2018-06-02 15:57:11.525117,0.073293370599
2018-06-02 15:57:23.164547,0.073293370599
2018-06-02 15:57:34.864016,0.073293370599
2018-06-02 15:57:46.400323,0.073293370599
2018-06-02 15:57:57.978967,0.073293370599
2018-06-02 15:58:09.677962,0.073293370599
2018-06-02 15:58:21.437463,0.073293370599
2018-06-02 15:58:33.065372,0.073293370599
2018-06-02 15:58:44.621187,0.073293370599
2018-06-02 15:58:56.182901,0.073293370599
2018-06-02 15:59:07.802257,0.073293370599
2018-06-02 15:59:19.432614,0.073293370599
2018-06-02 15:59:31.074126,0.073293370599
2018-06-02 15:59:42.663573,0.073293370599
2018-06-02 15:59:54.328370,0.073293370599
2018-06-02 16:00:05.894913,0.073293370599
2018-06-02 16:00:17.462803,0.073293370599
2018-06-02 16:00:29.093629,0.073293370599
2018-06-02 16:00:40.767469,0.073293370599
2018-06-02 16:00:52.380051,0.073293370599
2018-06-02 16:01:04.002330,0.073293370599
2018-06-02 16:01:15.679179,0.073293370599
2018-06-02 16:01:27.314977,0.073293370599
2018-06-02 16:01:38.987134,0.073293370599
2018-06-02 16:01:50.608449,0.073293370599
2018-06-02 16:02:02.223909,0.073293370599
2018-06-02 16:02:13.831866,0.073293370599
2018-06-02 16:02:25.435103,0.073293370599
2018-06-02 16:02:37.217770,0.073293370599
2018-06-02 16:02:48.832348,0.073293370599
2018-06-02 16:03:00.373964,0.073293370599
2018-06-02 16:03:12.002985,0.073293370599
2018-06-02 16:03:23.609988,0.073293370599
2018-06-02 16:03:35.198681,0.073293370599
2018-06-02 16:03:46.847337,0.073293370599
2018-06-02 16:03:58.602576,0.073293370599
2018-06-02 16:04:10.274972,0.073293370599
2018-06-02 16:04:21.927430,0.073293370599
2018-06-02 16:04:33.520331,0.073293370599
2018-06-02 16:04:45.151058,0.073293370599
2018-06-02 16:04:56.693600,0.073293370599
2018-06-02 16:05:08.363462,0.073293370599
2018-06-02 16:05:19.961363,0.073293370599
2018-06-02 16:05:31.562591,0.073293370599
2018-06-02 16:05:43.234946,0.073293370599
2018-06-02 16:05:54.881501,0.073293370599
2018-06-02 16:06:06.500435,0.073293370599
2018-06-02 16:06:18.072311,0.073293370599
2018-06-02 16:06:29.715443,0.073293370599
2018-06-02 16:06:41.268767,0.073293370599
2018-06-02 16:06:52.984329,0.073293370599
2018-06-02 16:07:04.560450,0.073293370599
2018-06-02 16:07:16.173232,0.073293370599
2018-06-02 16:07:27.741683,0.073293370599
2018-06-02 16:07:39.334127,0.073293370599
2018-06-02 16:07:50.945735,0.073293370599
2018-06-02 16:08:02.562507,0.073293370599
2018-06-02 16:08:14.195826,0.073293370599
2018-06-02 16:08:25.803072,0.073293370599
2018-06-02 16:08:37.372187,0.073293370599
2018-06-02 16:08:48.986815,0.073293370599
2018-06-02 16:09:00.603777,0.073293370599
2018-06-02 16:09:12.245775,0.073293370599
2018-06-02 16:09:23.806519,0.073293370599
2018-06-02 16:09:35.445796,0.073293370599
2018-06-02 16:09:47.061077,0.073293370599
2018-06-02 16:09:58.720067,0.073293370599
2018-06-02 16:10:10.277382,0.073293370599
2018-06-02 16:10:21.884109,0.073293370599
2018-06-02 16:10:33.487146,0.073293370599
2018-06-02 16:10:45.109155,0.073293370599
2018-06-02 16:10:56.718508,0.073293370599
2018-06-02 16:11:08.409846,0.073293370599
2018-06-02 16:11:20.096206,0.073293370599
2018-06-02 16:11:31.779944,0.073293370599
2018-06-02 16:11:43.325313,0.073293370599
2018-06-02 16:11:54.855409,0.073293370599
2018-06-02 16:12:06.483931,0.073293370599
2018-06-02 16:12:18.107084,0.073293370599
2018-06-02 16:12:29.717720,0.073293370599
2018-06-02 16:12:41.257750,0.073293370599
2018-06-02 16:12:52.889754,0.073293370599
2018-06-02 16:13:04.506971,0.073293370599
2018-06-02 16:13:16.135268,0.073293370599
2018-06-02 16:13:27.691162,0.073293370599
2018-06-02 16:13:39.239735,0.073293370599
2018-06-02 16:13:50.871091,0.073293370599
2018-06-02 16:14:02.537800,0.073293370599
2018-06-02 16:14:14.127083,0.073293370599
2018-06-02 16:14:25.635571,0.073293370599
2018-06-02 16:14:37.553240,0.0758110791278
2018-06-02 16:14:49.163542,0.0758110791278
2018-06-02 16:15:00.784300,0.0758110791278
2018-06-02 16:15:12.410492,0.0758110791278
2018-06-02 16:15:24.210273,0.0758110791278
2018-06-02 16:15:35.966203,0.0758110791278
2018-06-02 16:15:47.608358,0.0758110791278
2018-06-02 16:15:59.239601,0.0758110791278
2018-06-02 16:16:10.872543,0.0758110791278
2018-06-02 16:16:22.490309,0.0758110791278
2018-06-02 16:16:34.119795,0.0758110791278
2018-06-02 16:16:45.664177,0.0758110791278
2018-06-02 16:16:57.332433,0.0758110791278
2018-06-02 16:17:08.912548,0.0758110791278
2018-06-02 16:17:20.600276,0.0758110791278
2018-06-02 16:17:32.224652,0.0758110791278
2018-06-02 16:17:43.827070,0.0758110791278
2018-06-02 16:17:55.412853,0.0758110791278
2018-06-02 16:18:06.997364,0.0758110791278
2018-06-02 16:18:18.619558,0.0758110791278
2018-06-02 16:18:30.250921,0.0758110791278
2018-06-02 16:18:41.861857,0.0758110791278
2018-06-02 16:18:53.472020,0.0758110791278
2018-06-02 16:19:05.089110,0.0758110791278
2018-06-02 16:19:16.730605,0.0758110791278
2018-06-02 16:19:28.300932,0.0758110791278
2018-06-02 16:19:40.098009,0.0758110791278
2018-06-02 16:19:51.771543,0.0758110791278
2018-06-02 16:20:03.435941,0.0758110791278
2018-06-02 16:20:15.108387,0.0758110791278
2018-06-02 16:20:26.574537,0.0758110791278
2018-06-02 16:20:38.214171,0.0758110791278
2018-06-02 16:20:49.873042,0.0758110791278
2018-06-02 16:21:01.509487,0.0758110791278
2018-06-02 16:21:13.109362,0.0758110791278
2018-06-02 16:21:24.629788,0.0758110791278
2018-06-02 16:21:36.230028,0.0758110791278
2018-06-02 16:21:47.894346,0.0758110791278
2018-06-02 16:21:59.585221,0.0758110791278
2018-06-02 16:22:11.219210,0.0758110791278
2018-06-02 16:22:22.811340,0.0758110791278
2018-06-02 16:22:34.449065,0.0758110791278
2018-06-02 16:22:45.973485,0.0758110791278
2018-06-02 16:22:57.582797,0.0758110791278
2018-06-02 16:23:09.118465,0.0758110791278
2018-06-02 16:23:20.745483,0.0758110791278
2018-06-02 16:23:32.391924,0.0758110791278
2018-06-02 16:23:44.007673,0.0758110791278
2018-06-02 16:23:55.818049,0.0758110791278
2018-06-02 16:24:07.314011,0.0758110791278
2018-06-02 16:24:18.941575,0.0758110791278
2018-06-02 16:24:30.587962,0.0758110791278
2018-06-02 16:24:42.215255,0.0758110791278
2018-06-02 16:24:53.841466,0.0758110791278
2018-06-02 16:25:05.412498,0.0758110791278
2018-06-02 16:25:17.075445,0.0758110791278
2018-06-02 16:25:28.627077,0.0758110791278
2018-06-02 16:25:40.275784,0.0758110791278
2018-06-02 16:25:51.895185,0.0758110791278
2018-06-02 16:26:03.566233,0.0758110791278
2018-06-02 16:26:15.198601,0.0758110791278
2018-06-02 16:26:26.822420,0.0758110791278
2018-06-02 16:26:38.485027,0.0758110791278
2018-06-02 16:26:50.012524,0.0758110791278
2018-06-02 16:27:01.627051,0.0758110791278
2018-06-02 16:27:13.253439,0.0758110791278
2018-06-02 16:27:24.831748,0.0758110791278
2018-06-02 16:27:36.497573,0.0758110791278
2018-06-02 16:27:48.165175,0.0758110791278
2018-06-02 16:27:59.823238,0.0758110791278
2018-06-02 16:28:11.683080,0.0758110791278
2018-06-02 16:28:23.365310,0.0758110791278
2018-06-02 16:28:34.919796,0.0758110791278
2018-06-02 16:28:46.479029,0.0758110791278
2018-06-02 16:28:58.108293,0.0758110791278
2018-06-02 16:29:09.767240,0.0758110791278
2018-06-02 16:29:21.401519,0.0758110791278
2018-06-02 16:29:33.046409,0.0758110791278
2018-06-02 16:29:44.595518,0.0758110791278
2018-06-02 16:29:56.061151,0.0758110791278
2018-06-02 16:30:07.641687,0.0758110791278
2018-06-02 16:30:19.169924,0.0758110791278
2018-06-02 16:30:30.829149,0.0758110791278
2018-06-02 16:30:42.431741,0.0758110791278
2018-06-02 16:30:54.017850,0.0758110791278
2018-06-02 16:31:05.645595,0.0758110791278
2018-06-02 16:31:17.232652,0.0758110791278
2018-06-02 16:31:28.782270,0.0758110791278
2018-06-02 16:31:40.437098,0.0758110791278
2018-06-02 16:31:52.064279,0.0758110791278
2018-06-02 16:32:03.733464,0.0758110791278
2018-06-02 16:32:15.329522,0.0758110791278
2018-06-02 16:32:27.125564,0.0758110791278
2018-06-02 16:32:38.693092,0.0758110791278
2018-06-02 16:32:50.345659,0.0758110791278
2018-06-02 16:33:01.943146,0.0758110791278
2018-06-02 16:33:13.576627,0.0758110791278
2018-06-02 16:33:25.214958,0.0758110791278
2018-06-02 16:33:36.724324,0.0758110791278
2018-06-02 16:33:48.379988,0.0758110791278
2018-06-02 16:34:00.183391,0.0782776619244
2018-06-02 16:34:11.849993,0.0782776619244
2018-06-02 16:34:23.449805,0.0782776619244
2018-06-02 16:34:34.994648,0.0782776619244
2018-06-02 16:34:46.503199,0.0782776619244
2018-06-02 16:34:58.133632,0.0782776619244
2018-06-02 16:35:09.772193,0.0782776619244
2018-06-02 16:35:21.397445,0.0782776619244
2018-06-02 16:35:33.019891,0.0782776619244
2018-06-02 16:35:44.631539,0.0782776619244
2018-06-02 16:35:56.170119,0.0782776619244
2018-06-02 16:36:07.828075,0.0782776619244
2018-06-02 16:36:19.509583,0.0782776619244
2018-06-02 16:36:31.249578,0.0782776619244
2018-06-02 16:36:42.969033,0.0782776619244
2018-06-02 16:36:54.621263,0.0782776619244
2018-06-02 16:37:06.143062,0.0782776619244
2018-06-02 16:37:17.803440,0.0782776619244
2018-06-02 16:37:29.399162,0.0782776619244
2018-06-02 16:37:41.014362,0.0782776619244
2018-06-02 16:37:52.712833,0.0782776619244
2018-06-02 16:38:04.237716,0.0782776619244
2018-06-02 16:38:15.893329,0.0782776619244
2018-06-02 16:38:27.562568,0.0782776619244
2018-06-02 16:38:39.185157,0.0782776619244
2018-06-02 16:38:50.790562,0.0782776619244
2018-06-02 16:39:02.388599,0.0782776619244
2018-06-02 16:39:14.006747,0.0782776619244
2018-06-02 16:39:25.550243,0.0782776619244
2018-06-02 16:39:37.137104,0.0782776619244
2018-06-02 16:39:48.693226,0.0782776619244
2018-06-02 16:40:00.322978,0.0782776619244
2018-06-02 16:40:12.016987,0.0782776619244
2018-06-02 16:40:23.578022,0.0782776619244
2018-06-02 16:40:35.165712,0.0782776619244
2018-06-02 16:40:46.755378,0.0782776619244
2018-06-02 16:40:58.507350,0.0782776619244
2018-06-02 16:41:10.162925,0.0782776619244
2018-06-02 16:41:21.821354,0.0782776619244
2018-06-02 16:41:33.452712,0.0782776619244
2018-06-02 16:41:45.042341,0.0782776619244
2018-06-02 16:41:56.681996,0.0782776619244
2018-06-02 16:42:08.277624,0.0782776619244
2018-06-02 16:42:19.939537,0.0782776619244
2018-06-02 16:42:31.612863,0.0782776619244
2018-06-02 16:42:43.335052,0.0782776619244
2018-06-02 16:42:54.977709,0.0782776619244
2018-06-02 16:43:06.539388,0.0782776619244
2018-06-02 16:43:18.241576,0.0782776619244
2018-06-02 16:43:29.753677,0.0782776619244
2018-06-02 16:43:41.424309,0.0782776619244
2018-06-02 16:43:53.108788,0.0782776619244
2018-06-02 16:44:04.683314,0.0782776619244
2018-06-02 16:44:16.314525,0.0782776619244
2018-06-02 16:44:27.949068,0.0782776619244
2018-06-02 16:44:39.632018,0.0782776619244
2018-06-02 16:44:51.279472,0.0782776619244
2018-06-02 16:45:02.903190,0.0782776619244
2018-06-02 16:45:14.721643,0.0782776619244
2018-06-02 16:45:26.310035,0.0782776619244
2018-06-02 16:45:37.929743,0.0782776619244
2018-06-02 16:45:49.559195,0.0782776619244
2018-06-02 16:46:01.168907,0.0782776619244
2018-06-02 16:46:12.799979,0.0782776619244
2018-06-02 16:46:24.441160,0.0782776619244
2018-06-02 16:46:36.096436,0.0782776619244
2018-06-02 16:46:47.693879,0.0782776619244
2018-06-02 16:46:59.449760,0.0782776619244
2018-06-02 16:47:11.059091,0.0782776619244
2018-06-02 16:47:22.674208,0.0782776619244
2018-06-02 16:47:34.333221,0.0782776619244
2018-06-02 16:47:45.980372,0.0782776619244
2018-06-02 16:47:57.622945,0.0782776619244
2018-06-02 16:48:09.268339,0.0782776619244
2018-06-02 16:48:20.934700,0.0782776619244
2018-06-02 16:48:32.525262,0.0782776619244
2018-06-02 16:48:44.153933,0.0782776619244
2018-06-02 16:48:55.773766,0.0782776619244
2018-06-02 16:49:07.429792,0.0782776619244
2018-06-02 16:49:19.069217,0.0782776619244
2018-06-02 16:49:30.825271,0.0782776619244
2018-06-02 16:49:42.455806,0.0782776619244
2018-06-02 16:49:54.172764,0.0782776619244
2018-06-02 16:50:05.786479,0.0782776619244
2018-06-02 16:50:17.441829,0.0782776619244
2018-06-02 16:50:29.089672,0.0782776619244
2018-06-02 16:50:40.717932,0.0782776619244
2018-06-02 16:50:52.340234,0.0782776619244
2018-06-02 16:51:03.969774,0.0782776619244
2018-06-02 16:51:15.640066,0.0782776619244
2018-06-02 16:51:27.214339,0.0782776619244
2018-06-02 16:51:38.843321,0.0782776619244
2018-06-02 16:51:50.486802,0.0782776619244
2018-06-02 16:52:02.112175,0.0782776619244
2018-06-02 16:52:13.773499,0.0782776619244
2018-06-02 16:52:25.400123,0.0782776619244
2018-06-02 16:52:37.040378,0.0782776619244
2018-06-02 16:52:48.654184,0.0782776619244
2018-06-02 16:53:00.316372,0.0782776619244
2018-06-02 16:53:11.912301,0.0782776619244
2018-06-02 16:53:23.782003,0.080699122851
2018-06-02 16:53:35.439032,0.080699122851
2018-06-02 16:53:47.157701,0.080699122851
2018-06-02 16:53:58.818432,0.080699122851
2018-06-02 16:54:10.480502,0.080699122851
2018-06-02 16:54:22.146648,0.080699122851
2018-06-02 16:54:33.793777,0.080699122851
2018-06-02 16:54:45.433880,0.080699122851
2018-06-02 16:54:57.082686,0.080699122851
2018-06-02 16:55:08.745459,0.080699122851
2018-06-02 16:55:20.431099,0.080699122851
2018-06-02 16:55:32.109130,0.080699122851
2018-06-02 16:55:43.784926,0.080699122851
2018-06-02 16:55:55.478905,0.080699122851
2018-06-02 16:56:07.098126,0.080699122851
2018-06-02 16:56:18.721779,0.080699122851
2018-06-02 16:56:30.393767,0.080699122851
2018-06-02 16:56:42.097111,0.080699122851
2018-06-02 16:56:53.773834,0.080699122851
2018-06-02 16:57:05.384525,0.080699122851
2018-06-02 16:57:17.069950,0.080699122851
2018-06-02 16:57:28.791402,0.080699122851
2018-06-02 16:57:40.446359,0.080699122851
2018-06-02 16:57:52.086396,0.080699122851
2018-06-02 16:58:03.796959,0.080699122851
2018-06-02 16:58:15.457782,0.080699122851
2018-06-02 16:58:27.120944,0.080699122851
2018-06-02 16:58:38.789285,0.080699122851
2018-06-02 16:58:50.337465,0.080699122851
2018-06-02 16:59:02.056634,0.080699122851
2018-06-02 16:59:13.723392,0.080699122851
2018-06-02 16:59:25.371368,0.080699122851
2018-06-02 16:59:37.076117,0.080699122851
2018-06-02 16:59:48.707319,0.080699122851
2018-06-02 17:00:00.351883,0.080699122851
2018-06-02 17:00:12.023936,0.080699122851
2018-06-02 17:00:23.667410,0.080699122851
2018-06-02 17:00:35.178441,0.080699122851
2018-06-02 17:00:46.812312,0.080699122851
2018-06-02 17:00:58.407581,0.080699122851
2018-06-02 17:01:10.060247,0.080699122851
2018-06-02 17:01:21.670749,0.080699122851
2018-06-02 17:01:33.324033,0.080699122851
2018-06-02 17:01:44.943607,0.080699122851
2018-06-02 17:01:56.568263,0.080699122851
2018-06-02 17:02:08.226104,0.080699122851
2018-06-02 17:02:20.011726,0.080699122851
2018-06-02 17:02:31.696593,0.080699122851
2018-06-02 17:02:43.417501,0.080699122851
2018-06-02 17:02:55.051581,0.080699122851
2018-06-02 17:03:06.664138,0.080699122851
2018-06-02 17:03:18.278529,0.080699122851
2018-06-02 17:03:29.934592,0.080699122851
2018-06-02 17:03:41.606731,0.080699122851
2018-06-02 17:03:53.240339,0.080699122851
2018-06-02 17:04:04.867181,0.080699122851
2018-06-02 17:04:16.479029,0.080699122851
2018-06-02 17:04:28.115252,0.080699122851
2018-06-02 17:04:39.813299,0.080699122851
2018-06-02 17:04:51.499315,0.080699122851
2018-06-02 17:05:03.203646,0.080699122851
2018-06-02 17:05:14.909655,0.080699122851
2018-06-02 17:05:26.587918,0.080699122851
2018-06-02 17:05:38.209326,0.080699122851
2018-06-02 17:05:49.879892,0.080699122851
2018-06-02 17:06:01.581334,0.080699122851
2018-06-02 17:06:13.272492,0.080699122851
